ら戳,秨絃,程蔼,程,Μ絃,害禴,害禴%," А基3"," А基5"," А基10"," А基60"," А基120"," Θユ秖"," А秖5",
2014/02/14,8496.00,8568.00,8488.00,8508.00,0.00,0.00,,,,,,102305,,
2014/02/17,8547.00,8557.00,8514.00,8528.00,20.00,0.2351,,,,,,58773,,
2014/02/18,8530.00,8564.00,8506.00,8562.00,34.00,0.3987,8532.667,,,,,66387,,
2014/02/19,8535.00,8569.00,8535.00,8557.00,-5.00,-0.0584,8549.000,,,,,31601,,
2014/02/20,8530.00,8548.00,8483.00,8483.00,-74.00,-0.8648,8534.000,8527.600,,,,104000,72613,
2014/02/21,8555.00,8598.00,8555.00,8587.00,104.00,1.226,8542.333,8543.400,,,,70837,66319,
2014/02/24,8591.00,8605.00,8534.00,8549.00,-38.00,-0.4425,8539.667,8547.600,,,,73623,69289,
2014/02/25,8603.00,8608.00,8565.00,8573.00,24.00,0.2807,8569.667,8549.800,,,,59955,68003,
2014/02/26,8565.00,8627.00,8553.00,8608.00,35.00,0.4083,8576.667,8560.000,,,,78862,77455,
2014/02/27,8609.00,8631.00,8602.00,8624.00,16.00,0.1859,8601.667,8588.200,8557.900,,,62425,69140,
2014/03/03,8559.00,8580.00,8510.00,8566.00,-58.00,-0.6725,8599.333,8584.000,8563.700,,,102107,75394,
2014/03/04,8560.00,8582.00,8539.00,8553.00,-13.00,-0.1518,8581.000,8584.800,8566.200,,,68819,74433,
2014/03/05,8640.00,8647.00,8610.00,8619.00,66.00,0.7717,8579.333,8594.000,8571.900,,,59787,74400,
2014/03/06,8623.00,8709.00,8619.00,8695.00,76.00,0.8818,8622.333,8611.400,8585.700,,,87918,76211,
2014/03/07,8730.00,8772.00,8676.00,8705.00,10.00,0.115,8673.000,8627.600,8607.900,,,104264,84579,
2014/03/10,8673.00,8694.00,8654.00,8677.00,-28.00,-0.3217,8692.333,8649.800,8616.900,,,69748,78107,
2014/03/11,8690.00,8723.00,8678.00,8715.00,38.00,0.4379,8699.000,8682.200,8633.500,,,67134,77770,
2014/03/12,8666.00,8673.00,8645.00,8662.00,-53.00,-0.6081,8684.667,8690.800,8642.400,,,73213,80455,
2014/03/13,8702.00,8756.00,8694.00,8740.00,78.00,0.9005,8705.667,8699.800,8655.600,,,84371,79746,
2014/03/14,8673.00,8701.00,8671.00,8693.00,-47.00,-0.5378,8698.333,8697.400,8662.500,,,56713,70235,
2014/03/17,8703.00,8715.00,8655.00,8701.00,8.00,0.092,8711.333,8702.200,8676.000,,,66509,69588,
2014/03/18,8745.00,8751.00,8712.00,8727.00,26.00,0.2988,8707.000,8704.600,8693.400,,,54199,67001,
2014/03/19,8734.00,8742.00,8684.00,8696.00,-31.00,-0.3552,8708.000,8711.400,8701.100,,,43292,61016,
2014/03/20,8638.00,8639.00,8561.00,8568.00,-128.00,-1.4719,8663.667,8677.000,8688.400,,,95003,63143,
2014/03/21,8586.00,8598.00,8558.00,8575.00,7.00,0.0817,8613.000,8653.400,8675.400,,,66243,65049,
2014/03/24,8550.00,8605.00,8523.00,8601.00,26.00,0.3032,8581.333,8633.400,8667.800,,,99698,71687,
2014/03/25,8589.00,8660.00,8576.00,8659.00,58.00,0.6743,8611.667,8619.800,8662.200,,,91751,79197,
2014/03/26,8708.00,8722.00,8682.00,8711.00,52.00,0.6005,8657.000,8622.800,8667.100,,,77848,86108,
2014/03/27,8705.00,8756.00,8695.00,8754.00,43.00,0.4936,8708.000,8660.000,8668.500,,,86276,84363,
2014/03/28,8754.00,8776.00,8729.00,8735.00,-19.00,-0.217,8733.333,8692.000,8672.700,,,78811,86876,
2014/03/31,8779.00,8794.00,8734.00,8789.00,54.00,0.6182,8759.333,8729.600,8681.500,,,76764,82290,
2014/04/01,8780.00,8833.00,8773.00,8829.00,40.00,0.4551,8784.333,8763.600,8691.700,,,77002,79340,
2014/04/02,8850.00,8888.00,8841.00,8855.00,26.00,0.2945,8824.333,8792.400,8707.600,,,73502,78471,
2014/04/03,8858.00,8878.00,8845.00,8868.00,13.00,0.1468,8850.667,8815.200,8737.600,,,58092,72834,
2014/04/07,8811.00,8861.00,8803.00,8858.00,-10.00,-0.1128,8860.333,8839.800,8765.900,,,62541,69580,
2014/04/08,8853.00,8887.00,8837.00,8879.00,21.00,0.2371,8868.333,8857.800,8793.700,,,78376,69902,
2014/04/09,8886.00,8903.00,8878.00,8896.00,17.00,0.1915,8877.667,8871.200,8817.400,,,51577,64817,
2014/04/10,8929.00,8939.00,8866.00,8907.00,11.00,0.1237,8894.000,8881.600,8837.000,,,84995,67116,
2014/04/11,8850.00,8891.00,8840.00,8870.00,-37.00,-0.4154,8891.000,8882.000,8848.600,,,88734,73244,
2014/04/14,8870.00,8885.00,8853.00,8858.00,-12.00,-0.1353,8878.333,8882.000,8860.900,,,52859,71308,
2014/04/15,8861.00,8902.00,8859.00,8896.00,38.00,0.429,8874.667,8885.400,8871.600,,,63115,68256,
2014/04/16,8910.00,8956.00,8887.00,8955.00,59.00,0.6632,8903.000,8897.200,8884.200,,,46063,67153,
2014/04/17,8884.00,8910.00,8872.00,8897.00,-58.00,-0.6477,8916.000,8895.200,8888.400,,,77226,65599,
2014/04/18,8961.00,8972.00,8916.00,8918.00,21.00,0.236,8923.333,8904.800,8893.400,,,62187,60290,
2014/04/21,8917.00,8926.00,8903.00,8923.00,5.00,0.0561,8912.667,8917.800,8899.900,,,36784,57075,
2014/04/22,8925.00,8962.00,8917.00,8950.00,27.00,0.3026,8930.333,8928.600,8907.000,,,60114,56474,
2014/04/23,8970.00,8980.00,8910.00,8922.00,-28.00,-0.3128,8931.667,8922.000,8909.600,,,80285,63319,
2014/04/24,8928.00,8942.00,8915.00,8937.00,15.00,0.1681,8936.333,8930.000,8912.600,,,53752,58624,
2014/04/25,8925.00,8928.00,8743.00,8750.00,-187.00,-2.0924,8869.667,8896.400,8900.600,,,174243,81035,
2014/04/28,8698.00,8835.00,8690.00,8819.00,69.00,0.7886,8835.333,8875.600,8896.700,,,129519,99582,
2014/04/29,8828.00,8855.00,8809.00,8840.00,21.00,0.2381,8803.000,8853.600,8891.100,,,91161,105792,
2014/04/30,8850.00,8857.00,8750.00,8758.00,-82.00,-0.9276,8805.667,8820.800,8871.400,,,122688,114272,
2014/05/02,8768.00,8843.00,8761.00,8841.00,83.00,0.9477,8813.000,8801.600,8865.800,,,90593,121640,
2014/05/05,8864.00,8888.00,8802.00,8827.00,-14.00,-0.1584,8808.667,8817.000,8856.700,,,94035,105599,
2014/05/06,8849.00,8889.00,8813.00,8885.00,58.00,0.6571,8851.000,8830.200,8852.900,,,97820,99259,
2014/05/07,8845.00,8861.00,8809.00,8840.00,-45.00,-0.5065,8850.667,8830.200,8841.900,,,104287,101884,
2014/05/08,8860.00,8887.00,8836.00,8881.00,41.00,0.4638,8868.667,8854.800,8837.800,,,88640,95075,
2014/05/09,8888.00,8889.00,8833.00,8842.00,-39.00,-0.4391,8854.333,8855.000,8828.300,,,79852,92926,
2014/05/12,8842.00,8850.00,8790.00,8821.00,-21.00,-0.2375,8848.000,8853.800,8835.400,,,87167,91553,
2014/05/13,8855.00,8875.00,8821.00,8830.00,9.00,0.102,8831.000,8842.800,8836.500,8747.867,,83004,88590,
2014/05/14,8855.00,8885.00,8830.00,8882.00,52.00,0.5889,8844.333,8851.200,8840.700,8754.100,,85355,84803,
2014/05/15,8868.00,8887.00,8857.00,8877.00,-5.00,-0.0563,8863.000,8850.400,8852.600,8759.917,,59421,78959,
2014/05/16,8842.00,8883.00,8816.00,8876.00,-1.00,-0.0113,8878.333,8857.200,8856.100,8765.150,,86078,80205,
2014/05/19,8876.00,8901.00,8869.00,8888.00,12.00,0.1352,8880.333,8870.600,8862.200,8770.667,,57326,74236,
2014/05/20,8902.00,8926.00,8890.00,8897.00,9.00,0.1013,8887.000,8884.000,8863.400,8777.567,,65116,70659,
2014/05/21,8892.00,8909.00,8850.00,8860.00,-37.00,-0.4159,8881.667,8879.600,8865.400,8782.117,,49091,63406,
2014/05/22,8873.00,8960.00,8866.00,8959.00,99.00,1.1174,8905.333,8896.000,8873.200,8788.950,,100530,71628,
2014/05/23,8971.00,9014.00,8966.00,9013.00,54.00,0.6027,8944.000,8923.400,8890.300,8796.283,,75164,69445,
2014/05/26,9020.00,9049.00,9009.00,9041.00,28.00,0.3107,9004.333,8954.000,8912.300,8803.500,,51864,68353,
2014/05/27,9047.00,9058.00,9025.00,9056.00,15.00,0.1659,9036.667,8985.800,8934.900,8810.700,,51402,65610,
2014/05/28,9062.00,9144.00,9055.00,9136.00,80.00,0.8834,9077.667,9041.000,8960.300,8820.200,,93798,74551,
2014/05/29,9132.00,9149.00,9111.00,9116.00,-20.00,-0.2189,9102.667,9072.400,8984.200,8829.583,,69170,68279,
2014/05/30,9121.00,9130.00,9086.00,9091.00,-25.00,-0.2742,9114.333,9088.000,9005.700,8837.450,,76070,68460,
2014/06/03,9112.00,9133.00,9061.00,9104.00,13.00,0.143,9103.667,9100.600,9027.300,8844.267,,83095,74707,
2014/06/04,9118.00,9124.00,9097.00,9102.00,-2.00,-0.022,9099.000,9109.800,9047.800,8850.883,,53802,75187,
2014/06/05,9117.00,9118.00,9074.00,9118.00,16.00,0.1758,9108.000,9106.200,9073.600,8858.233,,67489,69925,
2014/06/06,9138.00,9158.00,9120.00,9125.00,7.00,0.0768,9115.000,9108.000,9090.200,8865.067,,59583,68007,
2014/06/09,9140.00,9155.00,9129.00,9146.00,21.00,0.2301,9129.667,9119.000,9103.500,8873.133,,45246,61843,
2014/06/10,9159.00,9202.00,9155.00,9185.00,39.00,0.4264,9152.000,9135.200,9117.900,8880.550,,72022,59628,
2014/06/11,9194.00,9212.00,9183.00,9211.00,26.00,0.2831,9180.667,9157.000,9133.400,8889.183,,42940,57456,
2014/06/12,9195.00,9215.00,9181.00,9204.00,-7.00,-0.076,9200.000,9174.200,9140.200,8897.567,,45699,53098,
2014/06/13,9170.00,9199.00,9156.00,9198.00,-6.00,-0.0652,9204.333,9188.800,9148.400,8905.417,,66551,54491,
2014/06/16,9180.00,9214.00,9175.00,9200.00,2.00,0.0217,9200.667,9199.600,9159.300,8913.817,,43331,54108,
2014/06/17,9207.00,9248.00,9203.00,9241.00,41.00,0.4457,9213.000,9210.800,9173.000,8925.033,,57736,51251,
2014/06/18,9241.00,9307.00,9208.00,9302.00,61.00,0.6601,9247.667,9229.000,9193.000,8937.150,,61604,54984,
2014/06/19,9187.00,9237.00,9181.00,9225.00,-77.00,-0.8278,9256.000,9233.200,9203.700,8947.550,,74424,60729,
2014/06/20,9227.00,9230.00,9178.00,9180.00,-45.00,-0.4878,9235.667,9229.600,9209.200,8956.233,,74535,62326,
2014/06/23,9179.00,9206.00,9151.00,9166.00,-14.00,-0.1525,9190.333,9222.800,9211.200,8963.817,,82507,70161,
2014/06/24,9174.00,9198.00,9165.00,9172.00,6.00,0.0655,9172.667,9209.000,9209.900,8970.783,,65720,71758,
2014/06/25,9146.00,9170.00,9137.00,9157.00,-15.00,-0.1635,9165.000,9180.000,9204.500,8977.817,,63330,72103,
2014/06/26,9181.00,9237.00,9176.00,9233.00,76.00,0.83,9187.333,9181.600,9207.400,8985.217,,75377,72293,
2014/06/27,9231.00,9244.00,9205.00,9207.00,-26.00,-0.2816,9199.000,9187.000,9208.300,8991.517,,58210,69028,
2014/06/30,9220.00,9307.00,9218.00,9290.00,83.00,0.9015,9243.333,9211.800,9217.300,8998.767,,77484,68024,
2014/07/01,9299.00,9401.00,9289.00,9384.00,94.00,1.0118,9293.667,9254.200,9231.600,9007.367,,100420,74964,
2014/07/02,9404.00,9488.00,9310.00,9402.00,18.00,0.1918,9358.667,9303.200,9241.600,9016.433,,176691,97636,
2014/07/03,9396.00,9463.00,9367.00,9455.00,53.00,0.5637,9413.667,9347.600,9264.600,9026.033,,110821,104725,
2014/07/04,9488.00,9494.00,9411.00,9453.00,-2.00,-0.0212,9436.667,9396.800,9291.900,9035.317,,105170,114117,
2014/07/07,9452.00,9453.00,9398.00,9451.00,-2.00,-0.0212,9453.000,9429.000,9320.400,9044.383,,85594,115739,
2014/07/08,9452.00,9492.00,9440.00,9477.00,26.00,0.2751,9460.333,9447.600,9350.900,9054.500,,82281,112111,
2014/07/09,9450.00,9477.00,9436.00,9465.00,-12.00,-0.1266,9464.333,9460.200,9381.700,9064.617,,75546,91882,
2014/07/10,9466.00,9556.00,9462.00,9553.00,88.00,0.9297,9498.333,9479.800,9413.700,9075.567,,98957,89509,
2014/07/11,9540.00,9566.00,9450.00,9487.00,-66.00,-0.6909,9501.667,9486.600,9441.700,9084.433,,152616,98998,
2014/07/14,9479.00,9529.00,9478.00,9525.00,38.00,0.4005,9521.667,9501.400,9465.200,9094.900,,71261,96132,
2014/07/15,9575.00,9581.00,9534.00,9561.00,36.00,0.378,9524.333,9518.200,9482.900,9105.617,,83142,96304,
2014/07/16,9547.00,9564.00,9475.00,9483.00,-78.00,-0.8158,9523.000,9521.800,9491.000,9114.950,,65338,94262,
2014/07/17,9392.00,9402.00,9326.00,9356.00,-127.00,-1.3392,9466.667,9482.400,9481.100,9121.717,,122930,99057,
2014/07/18,9285.00,9372.00,9281.00,9339.00,-17.00,-0.1817,9392.667,9452.800,9469.700,9128.667,,107709,90076,
2014/07/21,9380.00,9406.00,9356.00,9364.00,25.00,0.2677,9353.000,9420.600,9461.000,9135.783,,78858,91595,
2014/07/22,9384.00,9434.00,9352.00,9433.00,69.00,0.7369,9378.667,9395.000,9456.600,9147.167,,99711,94909,
2014/07/24,9456.00,9470.00,9432.00,9469.00,36.00,0.3816,9422.000,9392.200,9457.000,9158.000,,86158,99073,
2014/07/25,9460.00,9465.00,9357.00,9390.00,-79.00,-0.8343,9430.667,9399.000,9440.700,9167.167,,118101,98107,
2014/07/28,9370.00,9422.00,9342.00,9387.00,-3.00,-0.0319,9415.333,9408.600,9430.700,9177.650,,113611,99287,
2014/07/29,9425.00,9446.00,9343.00,9361.00,-26.00,-0.277,9379.333,9408.000,9414.300,9186.317,,127947,109105,
2014/07/30,9367.00,9429.00,9366.00,9416.00,55.00,0.5875,9388.000,9404.600,9399.800,9196.133,,98570,108877,
2014/07/31,9433.00,9438.00,9265.00,9290.00,-126.00,-1.3381,9355.667,9368.800,9380.500,9202.883,,132241,118094,
2014/08/01,9236.00,9264.00,9209.00,9253.00,-37.00,-0.3983,9319.667,9341.400,9370.200,9209.767,,104131,115300,
2014/08/04,9260.00,9297.00,9233.00,9286.00,33.00,0.3566,9276.333,9321.200,9364.900,9216.517,,81817,108941,
2014/08/05,9249.00,9256.00,9083.00,9095.00,-191.00,-2.0569,9211.333,9268.000,9338.000,9220.733,,149247,113201,
2014/08/06,9079.00,9129.00,9059.00,9098.00,3.00,0.033,9159.667,9204.400,9304.500,9225.350,,121585,117804,
2014/08/07,9111.00,9134.00,9065.00,9092.00,-6.00,-0.0659,9095.000,9164.800,9266.800,9229.717,8988.792,83919,108139,
2014/08/08,9052.00,9093.00,8991.00,9090.00,-2.00,-0.022,9093.333,9132.200,9236.800,9233.183,8993.642,123171,111947,
2014/08/11,9132.00,9162.00,9110.00,9141.00,51.00,0.5611,9107.667,9103.200,9212.200,9237.583,8998.750,79141,111412,
2014/08/12,9152.00,9158.00,9103.00,9121.00,-20.00,-0.2188,9117.333,9108.400,9188.200,9241.667,9003.408,87010,98965,
2014/08/13,9132.00,9204.00,9120.00,9199.00,78.00,0.8552,9153.667,9128.600,9166.500,9246.850,9008.758,94125,93473,
2014/08/14,9228.00,9253.00,9203.00,9218.00,19.00,0.2065,9179.333,9153.800,9159.300,9252.200,9014.883,83861,93461,
2014/08/15,9210.00,9218.00,9154.00,9203.00,-15.00,-0.1627,9206.667,9176.400,9154.300,9257.917,9020.017,85973,86022,
2014/08/18,9212.00,9223.00,9126.00,9141.00,-62.00,-0.6737,9187.333,9176.400,9139.800,9260.950,9024.950,91929,88579,
2014/08/19,9161.00,9249.00,9161.00,9239.00,98.00,1.0721,9194.333,9200.000,9154.200,9264.717,9030.500,84723,88122,
2014/08/20,9253.00,9285.00,9244.00,9275.00,36.00,0.3897,9218.333,9215.200,9171.900,9268.617,9036.058,57506,80798,
2014/08/21,9260.00,9266.00,9200.00,9231.00,-44.00,-0.4744,9248.333,9217.800,9185.800,9271.533,9041.117,102950,84616,
2014/08/22,9249.00,9388.00,9247.00,9378.00,147.00,1.5925,9294.667,9252.800,9214.600,9275.567,9047.883,116126,90646,
2014/08/25,9386.00,9399.00,9365.00,9391.00,13.00,0.1386,9333.333,9302.800,9239.600,9280.150,9054.867,61705,84602,
2014/08/26,9386.00,9408.00,9375.00,9390.00,-1.00,-0.0106,9386.333,9333.000,9266.500,9285.133,9061.292,57454,79148,
2014/08/27,9421.00,9498.00,9420.00,9477.00,87.00,0.9265,9419.333,9373.400,9294.300,9291.350,9067.808,96260,86899,
2014/08/28,9492.00,9500.00,9469.00,9479.00,2.00,0.0211,9448.667,9423.000,9320.400,9297.633,9074.258,60637,78436,
2014/08/29,9456.00,9485.00,9432.00,9473.00,-6.00,-0.0633,9476.333,9442.000,9347.400,9303.550,9080.892,77398,70690,
2014/09/01,9473.00,9550.00,9470.00,9528.00,55.00,0.5806,9493.333,9469.400,9386.100,9310.267,9087.667,68747,72099,
2014/09/02,9512.00,9514.00,9388.00,9410.00,-118.00,-1.2385,9470.333,9473.400,9403.200,9314.667,9093.900,123617,85331,
2014/09/03,9415.00,9482.00,9399.00,9451.00,41.00,0.4357,9463.000,9468.200,9420.800,9319.100,9099.825,101258,86331,
2014/09/04,9447.00,9448.00,9380.00,9425.00,-26.00,-0.2751,9428.667,9457.400,9440.200,9322.667,9105.925,96615,93527,
2014/09/05,9444.00,9463.00,9370.00,9407.00,-18.00,-0.191,9427.667,9444.200,9443.100,9326.050,9111.808,104724,98992,
2014/09/09,9426.00,9530.00,9425.00,9428.00,21.00,0.2232,9420.000,9424.200,9446.800,9329.883,9117.650,77968,100836,
2014/09/10,9380.00,9402.00,9310.00,9347.00,-81.00,-0.8591,9394.000,9411.600,9442.500,9332.333,9123.075,106138,97340,
2014/09/11,9376.00,9385.00,9300.00,9302.00,-45.00,-0.4814,9359.000,9381.800,9425.000,9333.350,9129.192,74594,92007,
2014/09/12,9325.00,9328.00,9229.00,9245.00,-57.00,-0.6128,9298.000,9345.800,9401.600,9332.400,9134.775,118037,96292,
2014/09/15,9206.00,9244.00,9172.00,9218.00,-27.00,-0.292,9255.000,9308.000,9376.100,9332.283,9139.917,95481,94443,
2014/09/16,9219.00,9233.00,9141.00,9154.00,-64.00,-0.6943,9205.667,9253.200,9338.700,9331.850,9144.042,90757,97001,
2014/09/17,9195.00,9248.00,9148.00,9172.00,18.00,0.1966,9181.333,9218.200,9314.900,9331.950,9147.883,70568,89887,
2014/09/18,9234.00,9265.00,9213.00,9243.00,71.00,0.7741,9189.667,9206.400,9294.100,9333.133,9151.958,90067,92982,
2014/09/19,9281.00,9304.00,9240.00,9265.00,22.00,0.238,9226.667,9210.400,9278.100,9334.933,9156.375,100968,89568,
2014/09/22,9202.00,9205.00,9100.00,9128.00,-137.00,-1.4787,9212.000,9192.400,9250.200,9333.183,9159.200,120786,94629,
2014/09/23,9106.00,9152.00,9102.00,9117.00,-11.00,-0.1205,9170.000,9185.000,9219.100,9331.683,9161.600,87100,93897,
2014/09/24,9095.00,9142.00,9081.00,9127.00,10.00,0.1097,9124.000,9176.000,9197.100,9328.967,9163.867,87004,97185,
2014/09/25,9158.00,9168.00,8995.00,9028.00,-99.00,-1.0847,9090.667,9133.000,9169.700,9323.033,9165.200,138405,106852,
2014/09/26,8958.00,9022.00,8937.00,8980.00,-48.00,-0.5317,9045.000,9076.000,9143.200,9316.000,9166.217,115626,109784,
2014/09/29,8991.00,9008.00,8943.00,8982.00,2.00,0.0223,8996.667,9046.800,9119.600,9308.117,9167.075,101186,105864,
2014/09/30,8961.00,9021.00,8871.00,8991.00,9.00,0.1002,8984.333,9021.600,9103.300,9300.417,9167.867,149426,118329,
2014/10/01,8943.00,9015.00,8911.00,8980.00,-11.00,-0.1223,8984.333,8992.200,9084.100,9292.567,9168.475,114094,123747,
2014/10/02,8920.00,9020.00,8905.00,8993.00,13.00,0.1448,8988.000,8985.200,9059.100,9284.500,9169.500,126664,121399,
2014/10/03,9004.00,9107.00,8994.00,9101.00,108.00,1.2009,9024.667,9009.400,9042.700,9278.433,9171.525,124310,123136,
2014/10/06,9098.00,9110.00,9056.00,9084.00,-17.00,-0.1868,9059.333,9029.800,9038.300,9270.617,9173.092,94911,121881,
2014/10/07,9034.00,9048.00,8976.00,9017.00,-67.00,-0.7376,9067.333,9035.000,9028.300,9262.783,9173.608,126033,117202,
2014/10/08,8986.00,9029.00,8928.00,8933.00,-84.00,-0.9316,9011.333,9025.600,9008.900,9252.917,9173.908,102153,114814,
2014/10/09,8997.00,9039.00,8948.00,8981.00,48.00,0.5373,8977.000,9023.200,9004.200,9243.250,9174.433,134324,116346,
2014/10/13,8798.00,8818.00,8712.00,8712.00,-269.00,-2.9952,8875.333,8945.400,8977.400,9230.400,9172.675,137632,119010,
2014/10/14,8730.00,8759.00,8702.00,8745.00,33.00,0.3788,8812.667,8877.600,8953.700,9220.217,9170.967,94696,118967,
2014/10/15,8743.00,8763.00,8641.00,8646.00,-99.00,-1.1321,8701.000,8803.400,8919.200,9208.667,9168.667,80194,109799,
2014/10/16,8583.00,8683.00,8506.00,8632.00,-14.00,-0.1619,8674.333,8743.200,8884.400,9196.467,9166.125,177417,124852,
2014/10/17,8658.00,8673.00,8497.00,8500.00,-132.00,-1.5292,8592.667,8647.000,8835.100,9180.917,9164.042,174574,132902,
2014/10/20,8599.00,8681.00,8588.00,8661.00,161.00,1.8941,8597.667,8636.800,8791.100,9167.450,9162.725,121778,129731,
2014/10/21,8655.00,8663.00,8616.00,8636.00,-25.00,-0.2887,8599.000,8615.000,8746.300,9154.883,9161.025,90401,128872,
2014/10/22,8748.00,8764.00,8714.00,8744.00,108.00,1.2506,8680.333,8634.600,8719.000,9144.167,9160.908,96619,132157,
2014/10/23,8732.00,8740.00,8702.00,8721.00,-23.00,-0.263,8700.333,8652.400,8697.800,9133.500,9159.908,79069,112488,
2014/10/24,8742.00,8746.00,8609.00,8642.00,-79.00,-0.9059,8702.333,8680.800,8663.900,9120.600,9158.367,133038,104181,
2014/10/27,8675.00,8686.00,8592.00,8642.00,0.00,0.00,8668.333,8677.000,8656.900,9109.800,9156.342,108085,101442,
2014/10/28,8666.00,8805.00,8663.00,8793.00,151.00,1.7473,8692.333,8708.400,8661.700,9102.133,9155.950,126944,108751,
2014/10/29,8833.00,8905.00,8818.00,8879.00,86.00,0.9781,8771.333,8735.400,8685.000,9095.350,9155.933,106399,110707,
2014/10/30,8878.00,8889.00,8838.00,8881.00,2.00,0.0225,8851.000,8767.400,8709.900,9091.783,9156.258,95556,114004,
2014/10/31,8887.00,8978.00,8867.00,8978.00,97.00,1.0922,8912.667,8834.600,8757.700,9089.783,9157.567,137610,114918,
2014/11/03,8978.00,9027.00,8942.00,8982.00,4.00,0.0446,8947.000,8902.600,8789.800,9087.950,9158.833,117306,116763,
2014/11/04,8984.00,9055.00,8968.00,8992.00,10.00,0.1113,8984.000,8942.400,8825.400,9086.317,9159.750,140218,119417,
2014/11/05,9030.00,9039.00,8960.00,8984.00,-8.00,-0.089,8986.000,8963.400,8849.400,9083.700,9160.642,110938,120325,
2014/11/06,8976.00,9005.00,8890.00,8902.00,-82.00,-0.9127,8959.333,8967.600,8867.500,9080.050,9160.858,128980,127010,
2014/11/07,8924.00,8943.00,8862.00,8939.00,37.00,0.4156,8941.667,8959.800,8897.200,9075.717,9161.283,117602,123008,
2014/11/10,8965.00,9092.00,8952.00,9074.00,135.00,1.5102,8971.667,8978.200,8940.400,9073.317,9162.758,120798,123707,
2014/11/11,9088.00,9105.00,9048.00,9063.00,-11.00,-0.1212,9025.333,8992.400,8967.400,9070.983,9164.450,90963,113856,
2014/11/12,9028.00,9034.00,8901.00,8905.00,-158.00,-1.7434,9014.000,8976.600,8970.000,9067.050,9164.000,141417,119952,
2014/11/13,8920.00,8978.00,8903.00,8959.00,54.00,0.6064,8975.667,8988.000,8977.800,9062.383,9163.550,112770,116710,
2014/11/14,8980.00,8996.00,8933.00,8962.00,3.00,0.0335,8942.000,8992.600,8976.200,9057.167,9162.892,106012,114392,
2014/11/17,8959.00,9043.00,8872.00,8900.00,-62.00,-0.6918,8940.333,8957.800,8968.000,9051.650,9161.592,146431,119518,
2014/11/18,8951.00,8958.00,8839.00,8872.00,-28.00,-0.3146,8911.333,8919.600,8956.000,9043.217,9159.392,114650,124256,
2014/11/19,8905.00,8985.00,8877.00,8953.00,81.00,0.913,8908.333,8929.200,8952.900,9035.917,9158.033,71861,110344,
2014/11/20,9031.00,9104.00,9012.00,9093.00,140.00,1.5637,8972.667,8956.000,8972.000,9030.967,9158.050,111180,110026,
2014/11/21,9119.00,9125.00,9081.00,9103.00,10.00,0.11,9049.667,8984.200,8988.400,9024.733,9158.042,83362,105496,
2014/11/24,9135.00,9170.00,9109.00,9130.00,27.00,0.2966,9108.667,9030.200,8994.000,9018.917,9158.275,77922,91795,
2014/11/25,9116.00,9150.00,9069.00,9107.00,-23.00,-0.2519,9113.333,9077.200,8998.400,9012.817,9158.183,101176,89100,
2014/11/26,9126.00,9143.00,9102.00,9123.00,16.00,0.1757,9120.000,9111.200,9020.200,9006.067,9158.167,73150,89358,
2014/11/27,9136.00,9235.00,9136.00,9176.00,53.00,0.5809,9135.333,9127.800,9041.900,9002.167,9158.417,109669,89055,
2014/11/28,9202.00,9208.00,9174.00,9181.00,5.00,0.0545,9160.000,9143.400,9063.800,8997.667,9158.383,57814,83946,
2014/12/01,9036.00,9182.00,8991.00,9119.00,-62.00,-0.6753,9158.667,9141.200,9085.700,8992.567,9157.617,157933,99948,
2014/12/02,9092.00,9098.00,9001.00,9031.00,-88.00,-0.965,9110.333,9126.000,9101.600,8986.300,9156.175,145650,108843,
2014/12/03,9051.00,9215.00,9035.00,9211.00,180.00,1.9931,9120.333,9143.600,9127.400,8982.683,9156.283,148832,123979,
2014/12/04,9213.00,9266.00,9201.00,9220.00,9.00,0.0977,9154.000,9152.400,9140.100,8980.567,9156.450,97474,121540,
2014/12/05,9203.00,9231.00,9182.00,9216.00,-4.00,-0.0434,9215.667,9159.400,9151.400,8979.133,9156.242,87073,127392,
2014/12/08,9264.00,9265.00,9168.00,9185.00,-31.00,-0.3364,9207.000,9172.600,9156.900,8978.133,9155.267,105120,116829,
2014/12/09,9142.00,9174.00,9121.00,9132.00,-53.00,-0.577,9177.667,9192.800,9159.400,8976.700,9154.492,92475,106194,
2014/12/10,9092.00,9136.00,9003.00,9046.00,-86.00,-0.9417,9121.000,9159.800,9151.700,8974.900,9153.375,164984,109425,
2014/12/11,8976.00,9048.00,8958.00,9010.00,-36.00,-0.398,9062.667,9117.800,9135.100,8972.200,9152.075,115872,113104,
2014/12/12,9023.00,9069.00,9003.00,9006.00,-4.00,-0.0444,9020.667,9075.800,9117.600,8968.250,9150.692,94785,114647,
2014/12/15,8958.00,9038.00,8925.00,9036.00,30.00,0.3331,9017.333,9046.000,9109.300,8964.433,9149.683,113220,116267,
2014/12/16,8971.00,9041.00,8963.00,8981.00,-55.00,-0.6087,9007.667,9015.800,9104.300,8961.983,9147.583,111850,120142,
2014/12/17,8970.00,8985.00,8834.00,8844.00,-137.00,-1.5254,8953.667,8975.400,9067.600,8957.433,9144.558,79401,103025,
2014/12/18,8902.00,8927.00,8857.00,8857.00,13.00,0.147,8894.000,8944.800,9031.300,8952.933,9140.950,101959,100243,
2014/12/19,8962.00,9040.00,8958.00,9019.00,162.00,1.8291,8906.667,8947.400,9011.600,8952.783,9137.908,148551,110996,
2014/12/22,9031.00,9100.00,9023.00,9096.00,77.00,0.8538,8990.667,8959.400,9002.700,8954.717,9135.358,102111,108774,
2014/12/23,9134.00,9140.00,9097.00,9115.00,19.00,0.2089,9076.667,8986.200,9001.000,8956.933,9132.525,69671,100338,
2014/12/24,9120.00,9183.00,9103.00,9176.00,61.00,0.6692,9129.000,9052.600,9014.000,8960.017,9130.217,93120,103082,
2014/12/25,9171.00,9195.00,9162.00,9183.00,7.00,0.0763,9158.000,9117.800,9031.300,8963.400,9127.983,44945,91679,
2014/12/26,9178.00,9230.00,9173.00,9226.00,43.00,0.4683,9195.000,9159.200,9053.300,8967.283,9125.892,73031,76575,
2014/12/27,9235.00,9257.00,9226.00,9256.00,30.00,0.3252,9221.667,9191.200,9075.300,8969.867,9124.150,27685,61690,
2014/12/29,9245.00,9336.00,9241.00,9314.00,58.00,0.6266,9265.333,9231.000,9108.600,8973.700,9122.158,98235,67403,
2014/12/30,9320.00,9343.00,9268.00,9286.00,-28.00,-0.3006,9285.333,9253.000,9152.800,8978.183,9120.483,92779,67335,
2014/12/31,9286.00,9303.00,9252.00,9283.00,-3.00,-0.0323,9294.333,9273.000,9195.400,8984.017,9118.467,75106,73367,
2015/01/05,9238.00,9276.00,9155.00,9252.00,-31.00,-0.3339,9273.667,9278.200,9218.700,8988.533,9115.892,120076,82776,
2015/01/06,9144.00,9153.00,9017.00,9058.00,-194.00,-2.0968,9197.667,9238.600,9214.900,8994.300,9112.350,148062,106851,
2015/01/07,9042.00,9092.00,9033.00,9045.00,-13.00,-0.1435,9118.333,9184.800,9207.900,8999.300,9109.758,93258,105856,
2015/01/08,9116.00,9259.00,9115.00,9257.00,212.00,2.3438,9120.000,9179.000,9216.000,9009.483,9109.075,131355,113571,
2015/01/09,9328.00,9335.00,9217.00,9230.00,-27.00,-0.2917,9177.333,9168.400,9220.700,9019.450,9107.958,117477,122045,
2015/01/12,9190.00,9238.00,9157.00,9185.00,-45.00,-0.4875,9224.000,9155.000,9216.600,9030.867,9105.892,97458,117522,
2015/01/13,9194.00,9275.00,9159.00,9249.00,64.00,0.6968,9221.333,9193.200,9215.900,9040.667,9104.058,127542,113418,
2015/01/14,9235.00,9247.00,9151.00,9171.00,-78.00,-0.8433,9201.667,9218.400,9201.600,9049.583,9102.233,122578,119282,
2015/01/15,9187.00,9230.00,9130.00,9195.00,24.00,0.2617,9205.000,9206.000,9192.500,9057.100,9100.633,115967,116204,
2015/01/16,9175.00,9229.00,9082.00,9115.00,-80.00,-0.87,9160.333,9183.000,9175.700,9063.667,9098.583,154964,123701,
2015/01/19,9211.00,9260.00,9142.00,9181.00,66.00,0.7241,9163.667,9182.200,9168.600,9072.650,9096.625,123015,128813,
2015/01/20,9220.00,9269.00,9183.00,9268.00,87.00,0.9476,9188.000,9186.000,9189.600,9083.083,9096.442,115615,126427,
2015/01/21,9282.00,9316.00,9274.00,9308.00,40.00,0.4316,9252.333,9213.400,9215.900,9091.667,9096.900,60583,114028,
2015/01/22,9360.00,9404.00,9342.00,9388.00,80.00,0.8595,9321.333,9252.000,9229.000,9100.150,9097.750,108168,112469,
2015/01/23,9455.00,9488.00,9443.00,9461.00,73.00,0.7776,9385.667,9321.200,9252.100,9109.817,9100.800,92783,100032,
2015/01/26,9448.00,9478.00,9433.00,9466.00,5.00,0.0528,9438.333,9378.200,9280.200,9117.950,9103.867,68253,89080,
2015/01/27,9522.00,9539.00,9480.00,9523.00,57.00,0.6022,9483.333,9429.200,9307.600,9126.967,9107.458,90373,84032,
2015/01/28,9478.00,9534.00,9474.00,9526.00,3.00,0.0315,9505.000,9472.800,9343.100,9135.867,9111.092,74997,86914,
2015/01/29,9497.00,9502.00,9426.00,9428.00,-98.00,-1.0288,9492.333,9480.800,9366.400,9143.267,9113.483,116260,88533,
2015/01/30,9460.00,9472.00,9385.00,9400.00,-28.00,-0.297,9451.333,9468.600,9394.900,9151.567,9115.808,97159,89408,
2015/02/02,9389.00,9433.00,9370.00,9419.00,19.00,0.2021,9415.667,9459.200,9418.700,9159.567,9117.642,85428,92843,
2015/02/03,9434.00,9485.00,9407.00,9464.00,45.00,0.4778,9427.667,9447.400,9438.300,9166.067,9119.692,95028,93774,
2015/02/04,9526.00,9556.00,9512.00,9521.00,57.00,0.6023,9468.000,9446.400,9459.600,9173.700,9122.342,86629,96100,
2015/02/05,9521.00,9521.00,9470.00,9514.00,-7.00,-0.0735,9499.667,9463.600,9472.200,9183.850,9125.450,78807,88610,
2015/02/06,9536.00,9543.00,9459.00,9469.00,-45.00,-0.473,9501.333,9477.400,9473.000,9192.350,9127.367,95693,88317,
2015/02/09,9439.00,9466.00,9416.00,9450.00,-19.00,-0.2007,9477.667,9483.600,9471.400,9200.483,9128.825,77597,86750,
2015/02/10,9468.00,9473.00,9419.00,9432.00,-18.00,-0.1905,9450.333,9477.200,9462.300,9209.350,9130.500,85808,84906,
2015/02/11,9462.00,9509.00,9457.00,9480.00,48.00,0.5089,9454.000,9469.000,9457.700,9219.483,9131.350,84803,84541,
2015/02/12,9499.00,9500.00,9461.00,9480.00,0.00,0.00,9464.000,9462.200,9462.900,9228.267,9132.092,60907,80961,
2015/02/13,9510.00,9548.00,9505.00,9514.00,34.00,0.3586,9491.333,9471.200,9474.300,9235.283,9133.125,73251,76473,
2015/02/24,9582.00,9640.00,9582.00,9622.00,108.00,1.1352,9538.667,9505.600,9494.600,9243.933,9134.333,42396,69433,
2015/02/25,9694.00,9696.00,9660.00,9684.00,62.00,0.6444,9606.667,9556.000,9516.600,9253.167,9136.042,66861,65643,
2015/02/26,9691.00,9692.00,9633.00,9649.00,-35.00,-0.3614,9651.667,9589.800,9529.400,9262.200,9137.508,72413,63165,
2015/03/02,9658.00,9683.00,9615.00,9631.00,-18.00,-0.1865,9654.667,9620.000,9541.100,9270.667,9138.367,76867,66357,
2015/03/03,9645.00,9658.00,9580.00,9614.00,-17.00,-0.1765,9631.333,9640.000,9555.600,9277.967,9140.067,87723,69252,
2015/03/04,9580.00,9638.00,9571.00,9622.00,8.00,0.0832,9622.333,9640.000,9572.800,9285.317,9141.492,73959,75564,
2015/03/05,9622.00,9632.00,9551.00,9589.00,-33.00,-0.343,9608.333,9621.000,9588.500,9293.150,9142.858,94325,81057,
2015/03/06,9591.00,9644.00,9566.00,9638.00,49.00,0.511,9616.333,9618.800,9604.300,9303.267,9144.783,87433,84061,
2015/03/09,9580.00,9595.00,9547.00,9576.00,-62.00,-0.6433,9601.000,9607.800,9613.900,9309.350,9146.017,89279,86543,
2015/03/10,9574.00,9585.00,9514.00,9528.00,-48.00,-0.5013,9580.667,9590.600,9615.300,9314.483,9147.525,103703,89739,
2015/03/11,9466.00,9544.00,9450.00,9519.00,-9.00,-0.0945,9541.000,9570.000,9605.000,9319.533,9149.333,103092,95566,
2015/03/12,9529.00,9609.00,9508.00,9607.00,88.00,0.9245,9551.333,9573.600,9597.300,9326.567,9152.350,101129,96927,
2015/03/13,9616.00,9634.00,9584.00,9598.00,-9.00,-0.0937,9574.667,9565.600,9592.200,9334.333,9155.517,76112,94663,
2015/03/16,9585.00,9594.00,9535.00,9546.00,-52.00,-0.5418,9583.667,9559.600,9583.700,9342.667,9158.783,85095,93826,
2015/03/17,9580.00,9644.00,9547.00,9554.00,8.00,0.0838,9566.000,9564.800,9577.700,9351.733,9161.967,115525,96190,
2015/03/18,9558.00,9649.00,9558.00,9633.00,79.00,0.8269,9577.667,9587.600,9578.800,9362.183,9165.217,65794,88731,
2015/03/19,9734.00,9769.00,9708.00,9766.00,133.00,1.3807,9651.000,9619.400,9596.500,9374.350,9169.392,100001,88505,
2015/03/20,9742.00,9770.00,9733.00,9757.00,-9.00,-0.0922,9718.667,9651.200,9608.400,9387.283,9174.633,66849,86652,
2015/03/23,9761.00,9769.00,9726.00,9749.00,-8.00,-0.082,9757.333,9691.800,9625.700,9402.367,9179.900,75796,84793,
2015/03/24,9728.00,9755.00,9696.00,9721.00,-28.00,-0.2872,9742.333,9725.200,9645.000,9416.767,9184.850,89676,79623,
2015/03/25,9721.00,9731.00,9673.00,9689.00,-32.00,-0.3292,9719.667,9736.400,9662.000,9427.933,9190.358,95097,85483,
2015/03/26,9580.00,9635.00,9567.00,9609.00,-80.00,-0.8257,9673.000,9705.000,9662.200,9436.483,9195.600,110195,87522,
2015/03/27,9609.00,9628.00,9525.00,9541.00,-68.00,-0.7077,9613.000,9661.800,9656.500,9443.583,9200.258,126205,99393,
2015/03/30,9511.00,9562.00,9511.00,9552.00,11.00,0.1153,9567.333,9622.400,9657.100,9449.850,9204.933,83422,100919,
2015/03/31,9600.00,9610.00,9545.00,9582.00,30.00,0.3141,9558.333,9594.600,9659.900,9456.500,9209.950,98600,102703,
2015/04/01,9540.00,9552.00,9487.00,9507.00,-75.00,-0.7827,9547.000,9558.200,9647.300,9461.183,9214.233,111359,105956,
2015/04/02,9538.00,9630.00,9535.00,9613.00,106.00,1.115,9567.333,9559.000,9632.000,9467.133,9218.500,113956,106708,
2015/04/07,9653.00,9660.00,9612.00,9629.00,16.00,0.1664,9583.000,9576.600,9619.200,9472.383,9223.042,72531,95973,
2015/04/08,9633.00,9635.00,9558.00,9570.00,-59.00,-0.6127,9604.000,9580.200,9601.300,9477.117,9227.650,93023,97893,
2015/04/09,9579.00,9676.00,9564.00,9572.00,2.00,0.0209,9590.333,9578.200,9586.400,9481.933,9232.975,149372,108048,
2015/04/10,9628.00,9665.00,9592.00,9631.00,59.00,0.6164,9591.000,9603.000,9580.600,9488.250,9238.392,117046,109185,
2015/04/13,9673.00,9683.00,9633.00,9658.00,27.00,0.2803,9620.333,9612.000,9585.500,9498.250,9246.275,76778,101750,
2015/04/14,9641.00,9672.00,9626.00,9645.00,-13.00,-0.1346,9644.667,9615.200,9595.900,9508.250,9253.775,72882,101820,
2015/04/15,9626.00,9654.00,9507.00,9519.00,-126.00,-1.3064,9607.333,9605.000,9592.600,9512.617,9261.050,81528,99521,
2015/04/16,9561.00,9649.00,9548.00,9647.00,128.00,1.3447,9603.667,9620.000,9599.100,9519.567,9269.508,125644,94775,
2015/04/17,9619.00,9629.00,9569.00,9584.00,-63.00,-0.6531,9583.333,9610.600,9606.800,9526.217,9278.542,105768,92520,
2015/04/20,9530.00,9583.00,9506.00,9561.00,-23.00,-0.24,9597.333,9591.200,9601.600,9531.417,9286.042,124838,102132,
2015/04/21,9585.00,9613.00,9535.00,9556.00,-5.00,-0.0523,9567.000,9573.400,9594.300,9537.833,9293.708,109029,109361,
2015/04/22,9561.00,9636.00,9561.00,9613.00,57.00,0.5965,9576.667,9592.200,9598.600,9544.800,9300.950,140106,121077,
2015/04/23,9656.00,9854.00,9652.00,9838.00,225.00,2.3406,9669.000,9630.400,9625.200,9556.850,9310.258,186198,133187,
2015/04/24,9880.00,10000.00,9860.00,9920.00,82.00,0.8335,9790.333,9697.600,9654.100,9569.167,9320.908,205630,153160,
2015/04/27,9958.00,10031.00,9945.00,10019.00,99.00,0.998,9925.667,9789.200,9690.200,9581.683,9332.383,147717,157736,
2015/04/28,10022.00,10033.00,9963.00,9990.00,-29.00,-0.2895,9976.333,9876.000,9724.700,9593.050,9342.358,104892,156908,
2015/04/29,9978.00,10022.00,9882.00,9909.00,-81.00,-0.8108,9972.667,9935.200,9763.700,9601.733,9350.942,173911,163669,
2015/04/30,9902.00,9930.00,9858.00,9874.00,-35.00,-0.3532,9924.333,9942.400,9786.400,9608.617,9359.217,130831,152596,
2015/05/04,9897.00,9911.00,9824.00,9886.00,12.00,0.1215,9889.667,9935.600,9816.600,9615.617,9366.783,112663,134002,
2015/05/05,9866.00,9878.00,9814.00,9849.00,-37.00,-0.3743,9869.667,9901.600,9845.400,9621.050,9374.008,101311,124721,
2015/05/06,9802.00,9865.00,9763.00,9847.00,-2.00,-0.0203,9860.667,9873.000,9874.500,9626.400,9381.133,115976,126938,
2015/05/07,9786.00,9808.00,9745.00,9753.00,-94.00,-0.9546,9816.333,9841.800,9888.500,9631.817,9387.542,127793,117714,
2015/05/08,9769.00,9783.00,9713.00,9721.00,-32.00,-0.3281,9773.667,9811.200,9876.800,9637.167,9394.367,92244,109997,
2015/05/11,9800.00,9814.00,9657.00,9723.00,2.00,0.0206,9732.333,9778.600,9857.100,9642.233,9400.900,153477,118160,
2015/05/12,9707.00,9748.00,9673.00,9706.00,-17.00,-0.1748,9716.667,9750.000,9825.800,9646.267,9406.167,108319,119561,
2015/05/13,9712.00,9776.00,9697.00,9739.00,33.00,0.34,9722.667,9728.400,9800.700,9649.900,9411.800,112670,118900,
2015/05/14,9737.00,9741.00,9599.00,9604.00,-135.00,-1.3862,9683.000,9698.600,9770.200,9651.400,9417.625,138134,120968,
2015/05/15,9635.00,9642.00,9541.00,9575.00,-29.00,-0.302,9639.333,9669.400,9740.300,9653.167,9422.758,124138,127347,
2015/05/18,9612.00,9614.00,9552.00,9598.00,23.00,0.2402,9592.333,9644.400,9711.500,9655.633,9428.058,83422,113336,
2015/05/19,9616.00,9723.00,9602.00,9702.00,104.00,1.0836,9625.000,9643.600,9696.800,9660.133,9434.742,112436,114160,
2015/05/20,9704.00,9725.00,9657.00,9668.00,-34.00,-0.3504,9656.000,9629.400,9678.900,9663.267,9441.375,70777,105781,
2015/05/21,9645.00,9648.00,9512.00,9541.00,-127.00,-1.3136,9637.000,9616.800,9657.700,9664.283,9446.275,128047,103764,
2015/05/22,9562.00,9649.00,9546.00,9625.00,84.00,0.8804,9611.333,9626.800,9648.100,9666.133,9450.708,110335,101003,
2015/05/25,9603.00,9640.00,9550.00,9630.00,5.00,0.0519,9598.667,9633.200,9638.800,9666.267,9455.100,93839,103086,
2015/05/26,9613.00,9725.00,9606.00,9659.00,29.00,0.3011,9638.000,9624.600,9634.100,9665.850,9459.508,113816,103362,
2015/05/27,9607.00,9698.00,9601.00,9661.00,2.00,0.0207,9650.000,9623.200,9626.300,9666.050,9464.125,109427,111092,
2015/05/28,9711.00,9750.00,9683.00,9731.00,70.00,0.7246,9683.667,9661.200,9639.000,9667.717,9469.192,112991,108081,
2015/05/29,9741.00,9765.00,9688.00,9703.00,-28.00,-0.2877,9698.333,9676.800,9651.800,9669.200,9473.583,105432,107101,
2015/06/01,9668.00,9713.00,9601.00,9630.00,-73.00,-0.7523,9688.000,9676.800,9655.000,9669.333,9477.325,117452,111823,
2015/06/02,9586.00,9639.00,9565.00,9607.00,-23.00,-0.2388,9646.667,9666.400,9645.500,9669.633,9481.392,103278,109716,
2015/06/03,9640.00,9648.00,9535.00,9547.00,-60.00,-0.6245,9594.667,9643.600,9633.400,9668.117,9485.692,124097,112650,
2015/06/04,9531.00,9553.00,9301.00,9310.00,-237.00,-2.4825,9488.000,9559.400,9610.300,9663.683,9486.517,201882,130428,
2015/06/05,9324.00,9347.00,9269.00,9308.00,-2.00,-0.0215,9388.333,9480.400,9578.600,9660.017,9487.250,124736,134289,
2015/06/08,9312.00,9404.00,9235.00,9348.00,40.00,0.4297,9322.000,9424.000,9550.400,9657.167,9488.350,134121,137622,
2015/06/09,9303.00,9346.00,9201.00,9237.00,-111.00,-1.1874,9297.667,9350.000,9508.200,9651.000,9488.783,142566,145480,
2015/06/10,9256.00,9328.00,9252.00,9284.00,47.00,0.5088,9289.667,9297.400,9470.500,9645.767,9490.050,122088,145078,
2015/06/11,9328.00,9333.00,9224.00,9288.00,4.00,0.0431,9269.667,9293.000,9426.200,9641.467,9492.067,119063,128514,
2015/06/12,9272.00,9314.00,9230.00,9267.00,-21.00,-0.2261,9279.667,9284.800,9382.600,9636.683,9494.208,100723,123712,
2015/06/15,9272.00,9318.00,9220.00,9244.00,-23.00,-0.2482,9266.333,9264.000,9344.000,9630.200,9496.192,102773,117442,
2015/06/16,9244.00,9258.00,9164.00,9215.00,-29.00,-0.3137,9242.000,9259.600,9304.800,9621.017,9497.683,107392,110407,
2015/06/17,9215.00,9237.00,9177.00,9182.00,-33.00,-0.3581,9213.667,9239.200,9268.300,9611.433,9499.358,60525,98095,
2015/06/18,9044.00,9078.00,9011.00,9049.00,-133.00,-1.4485,9148.667,9191.400,9242.200,9599.767,9501.067,101582,94599,
2015/06/22,9108.00,9203.00,9105.00,9182.00,133.00,1.4698,9137.667,9174.400,9229.600,9590.783,9503.775,102653,94985,
2015/06/23,9221.00,9268.00,9208.00,9231.00,49.00,0.5337,9154.000,9171.800,9217.900,9583.150,9505.542,105928,95616,
2015/06/24,9215.00,9248.00,9193.00,9247.00,16.00,0.1733,9220.000,9178.200,9218.900,9577.117,9506.800,80166,90170,
2015/06/25,9268.00,9370.00,9263.00,9340.00,93.00,1.0057,9272.667,9209.800,9224.500,9573.767,9508.675,133314,104728,
2015/06/26,9348.00,9348.00,9300.00,9321.00,-19.00,-0.2034,9302.667,9264.200,9227.800,9569.917,9509.883,71962,98804,
2015/06/29,9195.00,9222.00,9109.00,9138.00,-183.00,-1.9633,9266.333,9255.400,9214.900,9562.517,9509.508,128435,103961,
2015/06/30,9146.00,9217.00,9124.00,9212.00,74.00,0.8098,9223.667,9251.600,9211.700,9557.600,9509.392,103537,103482,
2015/07/01,9185.00,9319.00,9184.00,9294.00,82.00,0.8901,9214.667,9261.000,9219.600,9552.283,9509.708,124372,112324,
2015/07/02,9300.00,9325.00,9260.00,9277.00,-17.00,-0.1829,9261.000,9248.400,9229.100,9546.417,9509.400,91336,103928,
2015/07/03,9258.00,9305.00,9171.00,9304.00,27.00,0.291,9291.667,9245.000,9254.600,9541.983,9509.550,132954,116126,
2015/07/06,9235.00,9297.00,9182.00,9197.00,-107.00,-1.15,9259.333,9256.800,9256.100,9535.733,9508.833,124847,115409,
2015/07/07,9260.00,9303.00,9210.00,9242.00,45.00,0.4893,9247.667,9262.800,9257.200,9529.250,9508.750,131364,120974,
2015/07/08,9205.00,9210.00,8912.00,8943.00,-299.00,-3.2352,9127.333,9192.600,9226.800,9517.333,9507.792,208064,137713,
2015/07/09,8801.00,8939.00,8724.00,8873.00,-70.00,-0.7827,9019.333,9111.800,9180.100,9504.467,9506.358,191228,157691,
2015/07/13,8935.00,9005.00,8902.00,8994.00,121.00,1.3637,8936.667,9049.800,9147.400,9495.717,9504.167,143663,159833,
2015/07/14,9040.00,9084.00,8982.00,8984.00,-10.00,-0.1112,8950.333,9007.200,9132.000,9484.667,9502.117,119595,158782,
2015/07/15,9040.00,9078.00,8989.00,9030.00,46.00,0.512,9002.667,8964.800,9113.800,9475.433,9500.825,86214,149752,
2015/07/16,8935.00,8983.00,8900.00,8918.00,-112.00,-1.2403,8977.333,8959.800,9076.200,9464.717,9498.067,132932,134726,
2015/07/17,8906.00,8935.00,8871.00,8912.00,-6.00,-0.0673,8953.333,8967.600,9039.700,9453.983,9495.908,112014,118883,
2015/07/20,8970.00,9027.00,8804.00,8851.00,-61.00,-0.6845,8893.667,8939.000,8994.400,9441.283,9493.042,154424,121035,
2015/07/21,8887.00,8940.00,8815.00,8936.00,85.00,0.9603,8899.667,8929.400,8968.300,9426.250,9491.550,130043,123125,
2015/07/22,8882.00,8883.00,8795.00,8815.00,-121.00,-1.3541,8867.333,8886.400,8925.600,9407.833,9488.500,141659,134214,
2015/07/23,8778.00,8822.00,8670.00,8755.00,-60.00,-0.6807,8835.333,8853.800,8906.800,9386.767,9484.225,172946,142217,
2015/07/24,8720.00,8740.00,8653.00,8684.00,-71.00,-0.811,8751.333,8808.200,8887.900,9365.000,9479.025,118845,143583,
2015/07/27,8637.00,8670.00,8493.00,8522.00,-162.00,-1.8655,8653.667,8742.400,8840.700,9341.883,9471.808,166607,146020,
2015/07/28,8500.00,8591.00,8480.00,8541.00,19.00,0.223,8582.333,8663.400,8796.400,9319.667,9464.142,144711,148953,
2015/07/29,8533.00,8548.00,8440.00,8484.00,-57.00,-0.6674,8515.667,8597.200,8741.800,9296.300,9455.958,163353,153292,
2015/07/30,8520.00,8632.00,8509.00,8610.00,126.00,1.4851,8545.000,8568.200,8711.000,9275.650,9448.350,145780,147859,
2015/07/31,8593.00,8606.00,8508.00,8570.00,-40.00,-0.4646,8554.667,8545.400,8676.800,9254.367,9440.383,134673,151024,
2015/08/03,8546.00,8548.00,8400.00,8452.00,-118.00,-1.3769,8544.000,8531.400,8636.900,9232.683,9432.250,136291,144961,
2015/08/04,8487.00,8552.00,8416.00,8465.00,13.00,0.1538,8495.667,8516.200,8589.800,9211.750,9424.458,167463,149512,
2015/08/05,8504.00,8547.00,8448.00,8523.00,58.00,0.6852,8480.000,8524.000,8560.600,9191.750,9416.992,145087,145858,
2015/08/06,8541.00,8579.00,8366.00,8390.00,-133.00,-1.5605,8459.333,8480.000,8524.100,9169.817,9408.042,179691,152641,
2015/08/07,8360.00,8423.00,8312.00,8389.00,-1.00,-0.0119,8434.000,8443.800,8494.600,9147.317,9398.608,148812,155468,
2015/08/10,8405.00,8461.00,8345.00,8445.00,56.00,0.6675,8408.000,8442.400,8486.900,9128.000,9389.700,143225,156855,
2015/08/11,8505.00,8556.00,8358.00,8360.00,-85.00,-1.0065,8398.000,8421.400,8468.800,9107.750,9380.458,185037,160370,
2015/08/12,8365.00,8390.00,8243.00,8299.00,-61.00,-0.7297,8368.000,8376.600,8450.300,9086.100,9370.867,183071,167967,
2015/08/13,8348.00,8363.00,8275.00,8306.00,7.00,0.0843,8321.667,8359.800,8419.900,9062.833,9361.483,150738,162176,
2015/08/14,8262.00,8334.00,8262.00,8325.00,19.00,0.2288,8310.000,8347.000,8395.400,9040.450,9351.858,109685,154351,
2015/08/17,8321.00,8330.00,8223.00,8238.00,-87.00,-1.045,8289.667,8305.600,8374.000,9018.733,9341.508,114401,148586,
2015/08/18,8241.00,8276.00,8161.00,8171.00,-67.00,-0.8133,8244.667,8267.800,8344.600,8994.500,9330.317,121489,135876,
2015/08/19,8178.00,8179.00,7993.00,8002.00,-169.00,-2.0683,8137.000,8208.400,8292.500,8967.367,9316.817,100462,119355,
2015/08/20,7949.00,8040.00,7898.00,7976.00,-26.00,-0.3249,8049.667,8142.400,8251.100,8939.317,9302.583,187309,126669,
2015/08/21,7858.00,7887.00,7740.00,7746.00,-230.00,-2.8837,7908.000,8026.600,8186.800,8907.400,9286.725,173817,139495,
2015/08/24,7609.00,7676.00,7010.00,7340.00,-406.00,-5.2414,7687.333,7847.000,8076.300,8867.550,9267.633,363553,189326,
2015/08/25,7400.00,7606.00,7318.00,7577.00,237.00,3.2289,7554.333,7728.200,7998.000,8832.117,9250.658,232826,211593,
2015/08/26,7525.00,7678.00,7432.00,7607.00,30.00,0.3959,7508.000,7649.200,7928.800,8798.400,9233.867,238126,239126,
2015/08/27,7656.00,7729.00,7631.00,7680.00,73.00,0.9596,7621.333,7590.000,7866.200,8766.283,9217.958,169278,235520,
2015/08/28,7812.00,7902.00,7791.00,7876.00,196.00,2.5521,7721.000,7616.000,7821.300,8738.433,9203.275,166637,234084,
2015/08/31,7831.00,8034.00,7802.00,7969.00,93.00,1.1808,7841.667,7741.800,7794.400,8716.083,9189.883,142818,189937,
2015/09/01,7901.00,7964.00,7802.00,7834.00,-135.00,-1.6941,7893.000,7793.200,7760.700,8691.517,9175.767,173633,178098,
2015/09/02,7768.00,7997.00,7761.00,7945.00,111.00,1.4169,7916.000,7860.800,7755.000,8668.133,9162.650,195801,169633,
2015/09/03,7961.00,8003.00,7874.00,7977.00,32.00,0.4028,7918.667,7920.200,7755.100,8647.133,9149.067,150828,165943,
2015/09/04,7931.00,8039.00,7872.00,7890.00,-87.00,-1.0906,7937.333,7923.000,7769.500,8623.900,9134.833,175381,167692,
2015/09/07,7850.00,8008.00,7843.00,7932.00,42.00,0.5323,7933.000,7915.600,7828.700,8601.300,9121.383,168779,172884,
2015/09/08,7930.00,7979.00,7880.00,7976.00,44.00,0.5547,7932.667,7944.000,7868.600,8579.783,9108.233,136311,165420,
2015/09/09,8114.00,8340.00,8104.00,8332.00,356.00,4.4634,8080.000,8021.400,7941.100,8564.583,9097.392,193364,164932,
2015/09/10,8226.00,8292.00,8192.00,8262.00,-70.00,-0.8401,8190.000,8078.400,7999.300,8548.700,9084.858,144895,163746,
2015/09/11,8221.00,8295.00,8202.00,8263.00,1.00,0.0121,8285.667,8153.000,8038.000,8533.383,9072.408,118168,152303,
2015/09/14,8319.00,8340.00,8210.00,8273.00,10.00,0.121,8266.000,8221.200,8068.400,8520.450,9060.108,140360,146619,
2015/09/15,8300.00,8333.00,8230.00,8237.00,-36.00,-0.4352,8257.667,8273.400,8108.700,8504.700,9047.742,122459,143849,
2015/09/16,8310.00,8358.00,8270.00,8318.00,81.00,0.9834,8276.000,8270.600,8146.000,8489.483,9036.317,79794,121135,
2015/09/17,8368.00,8478.00,8364.00,8437.00,119.00,1.4306,8330.667,8305.600,8192.000,8475.983,9026.550,140782,120312,
2015/09/18,8418.00,8459.00,8383.00,8437.00,0.00,0.00,8397.333,8340.400,8246.700,8460.933,9017.350,122404,121159,
2015/09/21,8328.00,8335.00,8233.00,8270.00,-167.00,-1.9794,8381.333,8339.800,8280.500,8443.417,9006.667,126245,118336,
2015/09/22,8295.00,8340.00,8276.00,8330.00,60.00,0.7255,8345.667,8358.400,8315.900,8429.950,8996.233,99062,113657,
2015/09/23,8234.00,8250.00,8135.00,8140.00,-190.00,-2.2809,8246.667,8322.800,8296.700,8412.083,8984.842,138462,125391,
2015/09/24,8188.00,8219.00,8047.00,8091.00,-49.00,-0.602,8187.000,8253.600,8279.600,8392.033,8972.158,163864,130007,
2015/09/25,8142.00,8152.00,8033.00,8120.00,29.00,0.3584,8117.000,8190.200,8265.300,8372.750,8959.583,159607,137448,
2015/09/30,8015.00,8178.00,7983.00,8135.00,15.00,0.1847,8115.333,8163.200,8251.500,8353.267,8947.625,165105,145220,
2015/10/01,8174.00,8330.00,8116.00,8309.00,174.00,2.1389,8188.000,8159.000,8258.700,8338.467,8937.100,178676,161142,
2015/10/02,8283.00,8319.00,8254.00,8277.00,-32.00,-0.3851,8240.333,8186.400,8254.600,8322.383,8925.817,104818,154414,
2015/10/05,8358.00,8377.00,8275.00,8335.00,58.00,0.7007,8307.000,8235.200,8244.400,8312.250,8914.792,130706,147782,
2015/10/06,8431.00,8478.00,8365.00,8370.00,35.00,0.4199,8327.333,8285.200,8237.700,8303.867,8904.167,146882,145237,
2015/10/07,8377.00,8497.00,8357.00,8492.00,122.00,1.4576,8399.000,8356.600,8259.900,8295.500,8895.608,140020,140220,
2015/10/08,8534.00,8544.00,8422.00,8441.00,-51.00,-0.6006,8434.333,8383.000,8271.000,8286.450,8885.558,142238,132932,
2015/10/12,8494.00,8580.00,8464.00,8552.00,111.00,1.315,8495.000,8438.000,8312.200,8278.483,8876.958,125313,137031,
2015/10/13,8554.00,8575.00,8511.00,8553.00,1.00,0.0117,8515.333,8481.600,8358.400,8272.400,8868.558,99950,130880,
2015/10/14,8521.00,8554.00,8492.00,8519.00,-34.00,-0.3975,8541.333,8511.400,8398.300,8265.850,8859.917,107138,122931,
2015/10/15,8565.00,8668.00,8565.00,8608.00,89.00,1.0447,8560.000,8534.600,8445.600,8261.800,8851.542,137508,122429,
2015/10/16,8588.00,8627.00,8571.00,8607.00,-1.00,-0.0116,8578.000,8567.800,8475.400,8256.317,8841.283,96409,113263,
2015/10/19,8627.00,8670.00,8588.00,8624.00,17.00,0.1975,8613.000,8582.200,8510.100,8253.133,8830.483,107263,109653,
2015/10/20,8644.00,8663.00,8629.00,8659.00,35.00,0.4058,8630.000,8603.400,8542.500,8251.533,8819.150,72202,104104,
2015/10/21,8690.00,8704.00,8593.00,8617.00,-42.00,-0.485,8633.333,8623.000,8567.200,8250.417,8807.708,70576,96791,
2015/10/22,8588.00,8633.00,8566.00,8595.00,-22.00,-0.2553,8623.667,8620.400,8577.500,8251.633,8796.758,97257,88741,
2015/10/23,8742.00,8752.00,8669.00,8692.00,97.00,1.1286,8634.667,8637.400,8602.600,8254.150,8786.908,108850,91229,
2015/10/26,8730.00,8765.00,8716.00,8736.00,44.00,0.5062,8674.333,8659.800,8621.000,8258.350,8777.325,79541,85685,
2015/10/27,8722.00,8728.00,8655.00,8691.00,-45.00,-0.5151,8706.333,8666.200,8634.800,8259.700,8767.675,98907,91026,
2015/10/28,8685.00,8710.00,8613.00,8638.00,-53.00,-0.6098,8688.333,8670.400,8646.700,8260.833,8757.600,115382,99987,
2015/10/29,8681.00,8685.00,8545.00,8550.00,-88.00,-1.0188,8626.333,8661.400,8640.900,8262.467,8747.575,141975,108931,
2015/10/30,8560.00,8600.00,8484.00,8568.00,18.00,0.2105,8585.333,8636.600,8637.000,8264.183,8737.967,155384,118237,
2015/11/02,8535.00,8598.00,8502.00,8583.00,15.00,0.1751,8567.000,8606.000,8632.900,8265.183,8728.467,114681,125265,
2015/11/03,8665.00,8740.00,8645.00,8721.00,138.00,1.6078,8624.000,8612.000,8639.100,8270.700,8720.258,122431,129970,
2015/11/04,8765.00,8900.00,8751.00,8882.00,161.00,1.8461,8728.667,8660.800,8665.600,8278.917,8713.117,160030,138900,
2015/11/05,8879.00,8899.00,8832.00,8870.00,-12.00,-0.1351,8824.333,8724.800,8693.100,8286.000,8707.000,95477,129600,
2015/11/06,8850.00,8858.00,8650.00,8689.00,-181.00,-2.0406,8813.667,8749.000,8692.800,8291.483,8699.617,185122,135548,
2015/11/09,8677.00,8748.00,8597.00,8631.00,-58.00,-0.6675,8730.000,8758.600,8682.300,8297.017,8691.558,165446,145701,
2015/11/10,8581.00,8592.00,8512.00,8532.00,-99.00,-1.147,8617.333,8720.800,8666.400,8300.783,8681.808,130981,147411,
2015/11/11,8507.00,8549.00,8372.00,8380.00,-152.00,-1.7815,8514.333,8620.400,8640.600,8301.700,8671.075,179058,151216,
2015/11/12,8404.00,8461.00,8354.00,8461.00,81.00,0.9666,8457.667,8538.600,8631.700,8305.417,8662.075,146748,161471,
2015/11/13,8380.00,8472.00,8318.00,8356.00,-105.00,-1.241,8399.000,8472.000,8610.500,8308.500,8651.500,175184,159483,
2015/11/16,8245.00,8307.00,8212.00,8290.00,-66.00,-0.7899,8369.000,8403.800,8581.200,8313.300,8640.333,130821,152558,
2015/11/17,8370.00,8490.00,8369.00,8440.00,150.00,1.8094,8362.000,8385.400,8553.100,8321.033,8630.175,142783,154918,
2015/11/18,8440.00,8450.00,8326.00,8336.00,-104.00,-1.2322,8355.333,8376.600,8498.500,8330.867,8619.133,80323,135171,
2015/11/19,8371.00,8460.00,8323.00,8447.00,111.00,1.3316,8407.667,8373.800,8456.200,8349.317,8608.433,154627,136747,
2015/11/20,8430.00,8475.00,8396.00,8444.00,-3.00,-0.0355,8409.000,8391.400,8431.700,8363.767,8597.942,114269,124564,
2015/11/23,8488.00,8511.00,8407.00,8478.00,34.00,0.4027,8456.333,8429.000,8416.400,8378.283,8588.342,124794,123359,
2015/11/24,8461.00,8494.00,8362.00,8402.00,-76.00,-0.8964,8441.333,8421.400,8403.400,8390.317,8578.300,159270,126656,
2015/11/25,8412.00,8418.00,8320.00,8388.00,-14.00,-0.1666,8422.667,8431.800,8404.200,8398.850,8568.642,137731,138138,
2015/11/26,8412.00,8525.00,8410.00,8502.00,114.00,1.3591,8430.667,8442.800,8408.300,8407.733,8561.908,134104,134033,
2015/11/27,8520.00,8534.00,8377.00,8393.00,-109.00,-1.2821,8427.667,8432.600,8412.000,8417.050,8554.283,137651,138710,
2015/11/30,8311.00,8345.00,8202.00,8300.00,-93.00,-1.1081,8398.333,8397.000,8413.000,8422.967,8545.550,167068,147164,
2015/12/01,8360.00,8463.00,8317.00,8456.00,156.00,1.8795,8383.000,8407.800,8414.600,8430.950,8539.042,158136,146938,
2015/12/02,8433.00,8510.00,8415.00,8452.00,-4.00,-0.0473,8402.667,8420.600,8426.200,8440.317,8532.108,146607,148713,
2015/12/03,8388.00,8490.00,8363.00,8476.00,24.00,0.284,8461.333,8415.400,8429.100,8449.383,8525.342,147592,151410,
2015/12/04,8361.00,8410.00,8326.00,8397.00,-79.00,-0.932,8441.667,8416.200,8424.400,8456.400,8518.092,142098,152300,
2015/12/07,8495.00,8550.00,8455.00,8468.00,71.00,0.8455,8447.000,8449.800,8423.400,8458.667,8511.625,139719,146830,
2015/12/08,8438.00,8451.00,8318.00,8334.00,-134.00,-1.5824,8399.667,8425.400,8416.600,8459.867,8504.283,147353,144673,
2015/12/09,8311.00,8328.00,8212.00,8221.00,-113.00,-1.3559,8341.000,8379.200,8399.900,8459.167,8496.275,155215,146395,
2015/12/10,8182.00,8208.00,8101.00,8188.00,-33.00,-0.4014,8247.667,8321.600,8368.500,8457.750,8489.100,171965,151270,
2015/12/11,8200.00,8220.00,8068.00,8071.00,-117.00,-1.4289,8160.000,8256.400,8336.300,8454.983,8479.842,163093,155469,
2015/12/14,7976.00,8065.00,7949.00,8058.00,-13.00,-0.1611,8105.667,8174.400,8312.100,8450.650,8470.067,133633,154251,
2015/12/15,8077.00,8137.00,8048.00,8066.00,8.00,0.0993,8065.000,8120.800,8273.100,8444.467,8460.225,124953,149771,
2015/12/16,8180.00,8209.00,8112.00,8198.00,132.00,1.6365,8107.333,8116.200,8247.700,8440.483,8450.708,86012,135931,
2015/12/17,8202.00,8303.00,8176.00,8281.00,83.00,1.0124,8181.667,8134.800,8228.200,8440.667,8442.042,144407,130419,
2015/12/18,8248.00,8319.00,8206.00,8231.00,-50.00,-0.6038,8236.667,8166.800,8211.600,8439.017,8434.483,145198,126840,
2015/12/21,8173.00,8283.00,8133.00,8280.00,49.00,0.5953,8264.000,8211.200,8192.800,8441.350,8426.717,137907,127695,
2015/12/22,8257.00,8297.00,8220.00,8277.00,-3.00,-0.0362,8262.667,8253.400,8187.100,8444.450,8418.242,125778,127860,
2015/12/23,8301.00,8347.00,8267.00,8290.00,13.00,0.1571,8282.333,8271.800,8194.000,8447.283,8410.017,134869,137631,
2015/12/24,8346.00,8388.00,8293.00,8317.00,27.00,0.3257,8294.667,8279.000,8206.900,8450.317,8401.792,114327,131615,
2015/12/25,8335.00,8378.00,8306.00,8376.00,59.00,0.7094,8327.667,8308.000,8237.400,8451.433,8394.950,69636,116503,
2015/12/28,8370.00,8394.00,8349.00,8356.00,-20.00,-0.2388,8349.667,8323.200,8267.200,8452.750,8387.567,74223,103766,
2015/12/29,8321.00,8347.00,8263.00,8287.00,-69.00,-0.8258,8339.667,8325.200,8289.300,8451.950,8382.100,110562,100723,
2015/12/30,8313.00,8329.00,8226.00,8260.00,-27.00,-0.3258,8301.000,8319.200,8295.500,8450.117,8376.992,115881,96925,
2015/12/31,8240.00,8300.00,8234.00,8272.00,12.00,0.1453,8273.000,8310.200,8294.600,8446.450,8370.975,103762,94812,
2016/01/04,8262.00,8294.00,8036.00,8075.00,-197.00,-2.3815,8202.333,8250.000,8279.000,8440.350,8363.400,190262,118938,
2016/01/05,8099.00,8130.00,8011.00,8025.00,-50.00,-0.6192,8124.000,8183.800,8253.500,8431.567,8355.025,161606,136414,
2016/01/06,8038.00,8048.00,7901.00,7971.00,-54.00,-0.6729,8023.667,8120.600,8222.900,8421.867,8347.133,199886,154279,
2016/01/07,7956.00,7971.00,7731.00,7799.00,-172.00,-2.1578,7931.667,8028.400,8173.800,8409.867,8337.858,246258,180354,
2016/01/08,7755.00,7884.00,7734.00,7868.00,69.00,0.8847,7879.333,7947.600,8128.900,8397.533,8329.667,182164,196035,
2016/01/11,7730.00,7793.00,7672.00,7740.00,-128.00,-1.6268,7802.333,7880.600,8065.300,8383.083,8319.700,184470,194876,
2016/01/12,7800.00,7808.00,7680.00,7709.00,-31.00,-0.4005,7772.333,7817.400,8000.600,8367.833,8310.483,175659,197687,
2016/01/13,7784.00,7849.00,7736.00,7806.00,97.00,1.2583,7751.667,7784.400,7952.500,8353.617,8302.575,187843,195278,
2016/01/14,7647.00,7724.00,7607.00,7716.00,-90.00,-1.153,7743.667,7767.800,7898.100,8338.600,8294.508,170149,180057,
2016/01/15,7801.00,7809.00,7636.00,7665.00,-51.00,-0.661,7729.000,7727.200,7837.400,8323.100,8287.367,179699,179564,
2016/01/18,7513.00,7828.00,7503.00,7814.00,149.00,1.9439,7731.667,7742.000,7811.300,8308.467,8281.308,231540,188978,
2016/01/19,7786.00,7868.00,7750.00,7867.00,53.00,0.6783,7782.000,7773.600,7795.500,8293.983,8276.167,156231,185092,
2016/01/20,7797.00,7804.00,7673.00,7705.00,-162.00,-2.0592,7795.333,7753.400,7768.900,8277.550,8268.625,113556,170235,
2016/01/21,7659.00,7706.00,7601.00,7613.00,-92.00,-1.194,7728.333,7732.800,7750.300,8260.467,8260.650,202190,176643,
2016/01/22,7730.00,7752.00,7641.00,7748.00,135.00,1.7733,7688.667,7749.400,7738.300,8247.100,8254.783,183023,177308,
2016/01/25,7768.00,7881.00,7766.00,7833.00,85.00,1.0971,7731.333,7753.200,7747.600,8234.850,8249.517,145890,160178,
2016/01/26,7784.00,7810.00,7745.00,7779.00,-54.00,-0.6894,7786.667,7735.600,7754.600,8221.450,8243.317,144904,157912,
2016/01/27,7850.00,7859.00,7778.00,7839.00,60.00,0.7713,7817.000,7762.400,7757.900,8206.750,8238.725,145512,164303,
2016/01/28,7800.00,7903.00,7793.00,7855.00,16.00,0.2041,7824.333,7810.800,7771.800,8189.633,8234.275,153025,154470,
2016/01/29,7841.00,8073.00,7820.00,8053.00,198.00,2.5207,7915.667,7871.800,7810.600,8176.017,8231.008,235889,165044,
2016/01/30,8103.00,8167.00,8091.00,8163.00,110.00,1.366,8023.667,7937.800,7845.500,8167.250,8229.367,68009,149467,
2016/02/01,8131.00,8150.00,8067.00,8124.00,-39.00,-0.4778,8113.333,8006.800,7871.200,8158.800,8227.908,151392,150765,
2016/02/02,8079.00,8149.00,8061.00,8105.00,-19.00,-0.2339,8130.667,8060.000,7911.200,8151.683,8226.233,132200,148103,
2016/02/03,8026.00,8085.00,7993.00,8034.00,-71.00,-0.876,8087.667,8095.800,7953.300,8145.917,8223.808,156036,148705,
2016/02/15,7920.00,8068.00,7907.00,8049.00,15.00,0.1867,8062.667,8095.000,7983.400,8139.050,8222.233,120522,125631,
2016/02/16,8080.00,8232.00,8077.00,8205.00,156.00,1.9381,8096.000,8103.400,8020.600,8136.533,8222.517,143450,140720,
2016/02/17,8232.00,8251.00,8193.00,8212.00,7.00,0.0853,8155.333,8121.000,8063.900,8135.233,8224.267,69470,124335,
2016/02/18,8290.00,8332.00,8233.00,8284.00,72.00,0.8768,8233.667,8156.800,8108.400,8132.633,8226.833,122450,122385,
2016/02/19,8278.00,8318.00,8253.00,8304.00,20.00,0.2414,8266.667,8210.800,8153.300,8132.100,8231.483,93468,109872,
2016/02/22,8289.00,8404.00,8261.00,8302.00,-2.00,-0.0241,8296.667,8261.400,8178.200,8129.683,8239.500,140543,113876,
2016/02/23,8321.00,8331.00,8271.00,8318.00,16.00,0.1927,8308.000,8284.000,8193.700,8127.583,8245.675,108656,106917,
2016/02/24,8300.00,8382.00,8216.00,8248.00,-70.00,-0.8415,8289.333,8291.200,8206.100,8123.750,8251.017,162262,125475,
2016/02/25,8287.00,8375.00,8271.00,8337.00,89.00,1.079,8301.000,8301.800,8229.300,8122.667,8256.492,146640,130313,
2016/02/26,8390.00,8416.00,8311.00,8391.00,54.00,0.6477,8325.333,8319.200,8265.000,8122.717,8260.783,138541,139328,
2016/03/01,8372.00,8484.00,8360.00,8448.00,57.00,0.6793,8392.000,8348.400,8304.900,8121.817,8264.775,135666,138353,
2016/03/02,8540.00,8575.00,8500.00,8517.00,69.00,0.8168,8452.000,8388.200,8336.100,8123.883,8270.467,130471,142716,
2016/03/03,8530.00,8606.00,8517.00,8566.00,49.00,0.5753,8510.333,8451.800,8371.500,8128.317,8275.642,133431,136949,
2016/03/04,8570.00,8618.00,8548.00,8602.00,36.00,0.4203,8561.667,8504.800,8403.300,8130.750,8280.850,124623,132546,
2016/03/07,8605.00,8685.00,8573.00,8605.00,3.00,0.0349,8591.000,8547.600,8433.400,8133.300,8286.808,127040,130246,
2016/03/08,8611.00,8620.00,8525.00,8614.00,9.00,0.1046,8607.000,8580.800,8464.600,8135.600,8292.492,135865,130286,
2016/03/09,8613.00,8632.00,8555.00,8620.00,6.00,0.0697,8613.000,8601.400,8494.800,8139.317,8297.858,116225,127436,
2016/03/10,8629.00,8676.00,8601.00,8641.00,21.00,0.2436,8625.000,8616.400,8534.100,8142.200,8300.433,117200,124190,
2016/03/11,8618.00,8707.00,8608.00,8707.00,66.00,0.7638,8656.000,8637.400,8571.100,8148.417,8304.142,127858,124837,
2016/03/14,8727.00,8778.00,8725.00,8741.00,34.00,0.3905,8696.333,8664.600,8606.100,8157.083,8308.125,100378,119505,
2016/03/15,8739.00,8750.00,8578.00,8603.00,-138.00,-1.5788,8683.667,8662.400,8621.600,8164.000,8310.875,154495,123231,
2016/03/16,8636.00,8705.00,8633.00,8691.00,88.00,1.0229,8678.333,8676.600,8639.000,8174.333,8314.658,62237,112433,
2016/03/17,8754.00,8819.00,8681.00,8698.00,7.00,0.0805,8664.000,8688.000,8652.200,8185.000,8317.825,165211,122035,
2016/03/18,8725.00,8779.00,8703.00,8763.00,65.00,0.7473,8717.333,8699.200,8668.300,8196.617,8320.542,124934,121451,
2016/03/21,8798.00,8810.00,8690.00,8745.00,-18.00,-0.2054,8735.333,8700.000,8682.300,8205.733,8323.108,118223,125020,
2016/03/22,8775.00,8776.00,8660.00,8752.00,7.00,0.08,8753.333,8729.800,8696.100,8213.583,8327.125,145490,123219,
2016/03/23,8761.00,8787.00,8698.00,8721.00,-31.00,-0.3542,8739.333,8735.800,8706.200,8221.750,8330.383,137212,138214,
2016/03/24,8685.00,8751.00,8627.00,8714.00,-7.00,-0.0803,8729.000,8739.000,8713.500,8228.983,8335.167,151738,135519,
2016/03/25,8727.00,8759.00,8671.00,8702.00,-12.00,-0.1377,8712.333,8726.800,8713.000,8236.067,8340.258,106283,131789,
2016/03/28,8720.00,8733.00,8653.00,8683.00,-19.00,-0.2183,8699.667,8714.400,8707.200,8242.617,8344.950,108155,129775,
2016/03/29,8682.00,8697.00,8564.00,8600.00,-83.00,-0.9559,8661.667,8684.000,8706.900,8247.333,8348.825,157820,132241,
2016/03/30,8645.00,8747.00,8626.00,8740.00,140.00,1.6279,8674.333,8687.800,8711.800,8253.400,8352.417,148134,134426,
2016/03/31,8784.00,8815.00,8691.00,8715.00,-25.00,-0.286,8685.000,8688.000,8713.500,8259.383,8356.067,166140,137306,
2016/04/01,8670.00,8694.00,8598.00,8629.00,-86.00,-0.9868,8694.667,8673.400,8700.100,8265.083,8358.517,156394,147328,
2016/04/06,8591.00,8599.00,8453.00,8460.00,-169.00,-1.9585,8601.333,8628.800,8671.600,8268.417,8359.267,155800,156857,
2016/04/07,8470.00,8493.00,8381.00,8438.00,-22.00,-0.26,8509.000,8596.400,8640.200,8271.183,8358.817,152626,155818,
2016/04/08,8388.00,8500.00,8375.00,8484.00,46.00,0.5452,8460.667,8545.200,8616.500,8278.000,8359.175,141301,154452,
2016/04/11,8456.00,8530.00,8415.00,8514.00,30.00,0.3536,8478.667,8505.000,8596.500,8286.150,8358.858,130869,147398,
2016/04/12,8541.00,8584.00,8468.00,8495.00,-19.00,-0.2232,8497.667,8478.200,8575.800,8294.883,8358.375,147988,145716,
2016/04/13,8542.00,8644.00,8529.00,8638.00,143.00,1.6833,8549.000,8513.800,8571.300,8308.867,8359.367,145371,143631,
2016/04/14,8705.00,8724.00,8645.00,8661.00,23.00,0.2663,8598.000,8558.400,8577.400,8322.083,8359.808,118608,136827,
2016/04/15,8620.00,8719.00,8591.00,8716.00,55.00,0.635,8671.667,8604.800,8575.000,8338.350,8360.717,133496,135266,
2016/04/18,8651.00,8684.00,8630.00,8645.00,-71.00,-0.8146,8674.000,8631.000,8568.000,8353.950,8360.892,96469,128386,
2016/04/19,8700.00,8748.00,8598.00,8636.00,-9.00,-0.1041,8665.667,8659.200,8568.700,8367.783,8360.700,143221,127433,
2016/04/20,8657.00,8684.00,8498.00,8519.00,-117.00,-1.3548,8600.000,8635.400,8574.600,8381.167,8359.883,103220,119002,
2016/04/21,8513.00,8535.00,8455.00,8530.00,11.00,0.1291,8561.667,8609.200,8583.800,8395.583,8359.342,121696,119620,
2016/04/22,8513.00,8560.00,8461.00,8498.00,-32.00,-0.3751,8515.667,8565.600,8585.200,8406.983,8357.725,150012,122923,
2016/04/25,8519.00,8540.00,8477.00,8527.00,29.00,0.3413,8518.333,8542.000,8586.500,8417.983,8355.983,98712,123372,
2016/04/26,8533.00,8619.00,8523.00,8573.00,46.00,0.5395,8532.667,8529.400,8594.300,8432.450,8355.000,135698,121867,
2016/04/27,8560.00,8590.00,8506.00,8557.00,-16.00,-0.1866,8552.333,8537.000,8586.200,8448.183,8354.325,116714,124566,
2016/04/28,8586.00,8599.00,8408.00,8417.00,-140.00,-1.6361,8515.667,8514.400,8561.800,8459.333,8353.217,189667,138160,
2016/04/29,8375.00,8400.00,8303.00,8309.00,-108.00,-1.2831,8427.667,8476.600,8521.100,8467.267,8351.058,132153,134588,
2016/05/03,8319.00,8330.00,8220.00,8259.00,-50.00,-0.6018,8328.333,8423.000,8482.500,8475.267,8348.358,122756,139397,
2016/05/04,8238.00,8257.00,8105.00,8177.00,-82.00,-0.9929,8248.333,8343.800,8436.600,8480.900,8343.825,176451,147548,
2016/05/05,8160.00,8181.00,8095.00,8142.00,-35.00,-0.428,8192.667,8260.800,8398.900,8485.683,8337.658,137814,151768,
2016/05/06,8118.00,8140.00,8061.00,8102.00,-40.00,-0.4913,8140.333,8197.800,8356.100,8486.500,8331.258,132548,140344,
2016/05/09,8141.00,8160.00,8065.00,8114.00,12.00,0.1481,8119.333,8158.800,8317.700,8485.683,8326.467,122233,138360,
2016/05/10,8116.00,8180.00,8057.00,8153.00,39.00,0.4807,8123.000,8137.600,8280.300,8486.167,8322.483,150035,143816,
2016/05/11,8177.00,8192.00,8081.00,8125.00,-28.00,-0.3434,8130.667,8127.200,8235.500,8486.500,8319.092,151239,138773,
2016/05/12,8096.00,8155.00,8066.00,8084.00,-41.00,-0.5046,8120.667,8115.600,8188.200,8487.333,8316.625,135181,138247,
2016/05/13,8067.00,8075.00,7953.00,8019.00,-65.00,-0.8041,8076.000,8099.000,8148.400,8486.833,8312.942,165516,144840,
2016/05/16,8021.00,8085.00,7988.00,8062.00,43.00,0.5362,8055.000,8088.600,8123.700,8484.450,8310.492,119350,144264,
2016/05/17,8076.00,8152.00,8020.00,8150.00,88.00,1.0915,8077.000,8088.000,8112.800,8483.417,8309.325,149407,144138,
2016/05/18,8093.00,8153.00,8056.00,8148.00,-2.00,-0.0245,8120.000,8092.600,8109.900,8481.150,8306.892,72947,128480,
2016/05/19,8118.00,8130.00,8006.00,8034.00,-114.00,-1.3991,8110.667,8082.600,8099.100,8476.650,8304.375,142349,129913,
2016/05/20,8035.00,8125.00,8023.00,8104.00,70.00,0.8713,8095.333,8099.600,8099.300,8473.350,8301.517,160825,128975,
2016/05/23,8121.00,8355.00,8051.00,8346.00,242.00,2.9862,8161.333,8156.400,8122.500,8473.817,8300.700,210387,147183,
2016/05/24,8329.00,8345.00,8276.00,8283.00,-63.00,-0.7549,8244.333,8183.000,8135.500,8474.400,8299.075,100821,137465,
2016/05/25,8341.00,8412.00,8332.00,8385.00,102.00,1.2314,8338.000,8230.400,8161.500,8475.200,8298.933,130097,148895,
2016/05/26,8401.00,8408.00,8352.00,8385.00,0.00,0.00,8351.000,8300.600,8191.600,8475.100,8298.908,88319,138089,
2016/05/27,8416.00,8468.00,8390.00,8462.00,77.00,0.9183,8410.667,8372.200,8235.900,8475.333,8298.575,106930,127310,
2016/05/30,8481.00,8533.00,8433.00,8508.00,46.00,0.5436,8451.667,8404.600,8280.500,8475.183,8299.533,118527,108938,
2016/05/31,8499.00,8545.00,8455.00,8515.00,7.00,0.0823,8495.000,8451.000,8317.000,8474.333,8301.325,126306,114035,
2016/06/01,8490.00,8590.00,8486.00,8563.00,48.00,0.5637,8528.667,8486.600,8358.500,8473.683,8302.217,127252,113466,
2016/06/02,8568.00,8610.00,8518.00,8552.00,-11.00,-0.1285,8543.333,8520.000,8410.300,8472.800,8303.050,130903,121983,
2016/06/03,8561.00,8585.00,8537.00,8566.00,14.00,0.1637,8560.333,8540.800,8456.500,8472.000,8303.800,89684,118534,
2016/06/04,8566.00,8590.00,8560.00,8576.00,10.00,0.1167,8564.667,8554.400,8479.500,8471.267,8305.292,29904,100809,
2016/06/06,8575.00,8655.00,8507.00,8575.00,-1.00,-0.0117,8572.333,8566.400,8508.700,8470.167,8306.183,131138,101776,
2016/06/07,8614.00,8684.00,8606.00,8666.00,91.00,1.0612,8605.667,8587.000,8536.800,8469.483,8308.950,123660,101057,
2016/06/08,8673.00,8742.00,8671.00,8718.00,52.00,0.60,8653.000,8620.200,8570.100,8469.100,8313.092,128016,100480,
2016/06/13,8635.00,8636.00,8502.00,8525.00,-193.00,-2.2138,8636.333,8612.000,8576.400,8467.800,8315.900,142756,111094,
2016/06/14,8495.00,8578.00,8483.00,8575.00,50.00,0.5865,8606.000,8611.800,8583.100,8465.867,8320.100,99691,125052,
2016/06/15,8552.00,8607.00,8508.00,8601.00,26.00,0.3032,8567.000,8617.000,8591.700,8464.250,8324.625,82885,115401,
2016/06/16,8410.00,8410.00,8247.00,8283.00,-318.00,-3.6972,8486.333,8540.400,8563.700,8456.250,8326.433,161270,122923,
2016/06/17,8348.00,8431.00,8345.00,8395.00,112.00,1.3522,8426.333,8475.800,8548.000,8450.417,8328.075,135047,124329,
2016/06/20,8503.00,8520.00,8428.00,8469.00,74.00,0.8815,8382.333,8464.600,8538.300,8445.700,8329.642,116526,119083,
2016/06/21,8459.00,8525.00,8435.00,8510.00,41.00,0.4841,8458.000,8451.600,8531.700,8442.183,8331.967,106418,120429,
2016/06/22,8510.00,8530.00,8460.00,8509.00,-1.00,-0.0118,8496.000,8433.200,8525.100,8438.767,8333.875,112917,126435,
2016/06/23,8515.00,8526.00,8467.00,8510.00,1.00,0.0118,8509.667,8478.600,8509.500,8435.567,8335.817,80600,110301,
2016/06/24,8500.00,8553.00,8140.00,8237.00,-273.00,-3.208,8418.667,8447.000,8461.400,8428.133,8335.375,350437,153379,
2016/06/27,8250.00,8339.00,8239.00,8325.00,88.00,1.0684,8357.333,8418.200,8441.400,8423.550,8335.442,123041,154682,
2016/06/28,8274.00,8387.00,8260.00,8376.00,51.00,0.6126,8312.667,8391.400,8421.500,8417.483,8335.442,128660,159131,
2016/06/29,8392.00,8493.00,8391.00,8436.00,60.00,0.7163,8379.000,8376.800,8405.000,8412.833,8336.108,136823,163912,
2016/06/30,8492.00,8542.00,8440.00,8518.00,82.00,0.972,8443.333,8378.400,8428.500,8410.983,8338.033,149852,177762,
2016/07/01,8568.00,8638.00,8551.00,8626.00,108.00,1.2679,8526.667,8456.200,8451.600,8413.750,8341.083,125907,132856,
2016/07/04,8636.00,8679.00,8598.00,8630.00,4.00,0.0464,8591.333,8517.200,8467.700,8416.950,8344.067,116588,131566,
2016/07/05,8600.00,8635.00,8567.00,8609.00,-21.00,-0.2433,8621.667,8563.800,8477.600,8419.033,8348.517,98342,125502,
2016/07/06,8552.00,8559.00,8443.00,8468.00,-141.00,-1.6378,8569.000,8570.200,8473.500,8418.267,8352.208,165720,131281,
2016/07/07,8508.00,8571.00,8505.00,8562.00,94.00,1.1101,8546.333,8579.000,8478.700,8419.383,8357.133,98460,121003,
2016/07/11,8683.00,8748.00,8677.00,8736.00,174.00,2.0322,8588.667,8601.000,8528.600,8421.017,8364.942,119642,119750,
2016/07/12,8751.00,8795.00,8736.00,8777.00,41.00,0.4693,8691.667,8630.400,8573.800,8422.950,8372.517,104255,117283,
2016/07/13,8825.00,8837.00,8726.00,8793.00,16.00,0.1823,8768.667,8667.200,8615.500,8424.233,8381.292,146721,126959,
2016/07/14,8800.00,8841.00,8769.00,8813.00,20.00,0.2275,8794.333,8736.200,8653.200,8427.033,8390.492,110717,115959,
2016/07/15,8846.00,8925.00,8823.00,8911.00,98.00,1.112,8839.000,8806.000,8692.500,8431.617,8399.700,129586,122184,
2016/07/18,8918.00,9001.00,8912.00,8998.00,87.00,0.9763,8907.333,8858.400,8729.700,8439.600,8410.383,104668,119189,
2016/07/19,9020.00,9035.00,8962.00,9033.00,35.00,0.389,8980.667,8909.600,8770.000,8447.983,8421.783,112870,120912,
2016/07/20,9010.00,9042.00,8972.00,9003.00,-30.00,-0.3321,9011.333,8951.600,8809.400,8456.400,8431.692,92061,109980,
2016/07/21,8922.00,9009.00,8916.00,8984.00,-19.00,-0.211,9006.667,8985.800,8861.000,8464.017,8441.000,118753,111587,
2016/07/22,8965.00,8984.00,8925.00,8925.00,-59.00,-0.6567,8970.667,8988.600,8897.300,8469.883,8451.167,108081,107286,
2016/07/25,8967.00,9027.00,8803.00,8891.00,-34.00,-0.381,8933.333,8967.200,8912.800,8475.450,8461.817,175682,121489,
2016/07/26,8871.00,8970.00,8862.00,8965.00,74.00,0.8323,8927.000,8953.600,8931.600,8484.583,8471.958,121586,123232,
2016/07/27,9016.00,9049.00,8952.00,8976.00,11.00,0.1227,8944.000,8948.200,8949.900,8495.700,8481.483,149634,134747,
2016/07/28,8982.00,9027.00,8926.00,8981.00,5.00,0.0557,8974.000,8947.600,8966.700,8507.733,8491.500,124594,135915,
2016/07/29,9003.00,9014.00,8889.00,8893.00,-88.00,-0.9798,8950.000,8941.200,8964.900,8519.667,8500.283,153686,145036,
2016/08/01,8940.00,9043.00,8936.00,9041.00,148.00,1.6642,8971.667,8971.200,8969.200,8534.650,8510.167,121617,134223,
2016/08/02,9014.00,9035.00,8993.00,9015.00,-26.00,-0.2876,8983.000,8981.200,8967.400,8549.867,8518.183,84604,126827,
2016/08/03,8914.00,8972.00,8861.00,8933.00,-82.00,-0.9096,8996.333,8972.600,8960.400,8563.517,8524.600,140298,124959,
2016/08/04,8990.00,8992.00,8891.00,8971.00,38.00,0.4254,8973.000,8970.600,8959.100,8577.150,8531.658,124915,125024,
2016/08/05,8996.00,9074.00,8973.00,9063.00,92.00,1.0255,8989.000,9004.600,8972.900,8592.783,8539.642,127062,119699,
2016/08/08,9133.00,9148.00,9063.00,9116.00,53.00,0.5848,9050.000,9019.600,8995.400,8609.983,8548.658,111156,117607,
2016/08/09,9122.00,9145.00,9096.00,9118.00,2.00,0.0219,9099.000,9040.200,9010.700,8628.300,8557.567,93499,119386,
2016/08/10,9136.00,9167.00,9090.00,9145.00,27.00,0.2961,9126.333,9082.600,9027.600,8646.350,8565.400,122854,115897,
2016/08/11,9125.00,9159.00,8998.00,9085.00,-60.00,-0.6561,9116.000,9105.400,9038.000,8661.933,8572.675,158935,122701,
2016/08/12,9129.00,9149.00,9102.00,9130.00,45.00,0.4953,9120.000,9118.800,9061.700,8678.300,8579.725,102927,117874,
2016/08/15,9147.00,9161.00,9087.00,9125.00,-5.00,-0.0548,9113.333,9120.600,9070.100,8696.483,8586.567,104125,116468,
2016/08/16,9155.00,9156.00,9052.00,9088.00,-37.00,-0.4055,9114.333,9114.600,9077.400,8712.883,8593.117,136271,125022,
2016/08/17,9073.00,9123.00,9067.00,9121.00,33.00,0.3631,9111.333,9109.800,9096.200,8725.800,8599.808,64906,113432,
2016/08/18,9010.00,9059.00,8980.00,9042.00,-79.00,-0.8661,9083.667,9101.200,9103.300,8738.450,8606.425,102702,102186,
2016/08/19,9050.00,9109.00,8942.00,8946.00,-96.00,-1.0617,9036.333,9064.400,9091.600,8747.800,8611.500,180096,117620,
2016/08/22,8941.00,8949.00,8853.00,8892.00,-54.00,-0.6036,8960.000,9017.800,9069.200,8756.250,8615.675,140549,124904,
2016/08/23,8921.00,8988.00,8912.00,8984.00,92.00,1.0346,8940.667,8997.000,9055.800,8764.950,8620.142,110636,119777,
2016/08/24,9002.00,9023.00,8948.00,8956.00,-28.00,-0.3117,8944.000,8964.000,9036.900,8772.417,8623.800,100119,126820,
2016/08/25,8942.00,9073.00,8939.00,9072.00,116.00,1.2952,9004.000,8970.000,9035.600,8781.700,8628.017,131834,132646,
2016/08/26,9055.00,9090.00,9036.00,9080.00,8.00,0.0882,9036.000,8996.800,9030.600,8790.317,8632.000,86716,113970,
2016/08/29,9045.00,9075.00,8948.00,9042.00,-38.00,-0.4185,9064.667,9026.800,9022.300,8798.483,8635.642,148062,115473,
2016/08/30,9075.00,9085.00,9021.00,9036.00,-6.00,-0.0664,9052.667,9037.200,9017.100,8806.317,8639.158,106262,114598,
2016/08/31,9018.00,9060.00,8959.00,8976.00,-60.00,-0.664,9018.000,9041.200,9002.600,8812.983,8642.125,144216,123418,
2016/09/01,8971.00,8980.00,8883.00,8941.00,-35.00,-0.3899,8984.333,9015.000,8992.500,8819.083,8644.625,150601,127171,
2016/09/02,8948.00,8973.00,8904.00,8931.00,-10.00,-0.1118,8949.333,8985.200,8991.000,8823.500,8646.492,110019,131832,
2016/09/05,9000.00,9067.00,8997.00,9062.00,131.00,1.4668,8978.000,8989.200,9008.000,8829.233,8649.167,104503,123120,
2016/09/06,9073.00,9160.00,9062.00,9150.00,88.00,0.9711,9047.667,9012.000,9024.600,8839.650,8653.725,103096,122487,
2016/09/07,9156.00,9262.00,9150.00,9253.00,103.00,1.1257,9155.000,9067.400,9054.300,8850.950,8658.408,120930,117829,
2016/09/08,9251.00,9253.00,9215.00,9239.00,-14.00,-0.1513,9214.000,9127.000,9071.000,8861.583,8662.917,74367,102583,
2016/09/09,9182.00,9184.00,9113.00,9127.00,-112.00,-1.2123,9206.333,9166.200,9075.700,8875.650,8665.950,128727,106324,
2016/09/10,8930.00,9001.00,8923.00,8953.00,-174.00,-1.9064,9106.333,9144.400,9066.800,8884.950,8667.683,75542,100532,
2016/09/12,8990.00,8994.00,8898.00,8899.00,-54.00,-0.6031,8993.000,9094.200,9053.100,8892.117,8668.908,134696,106852,
2016/09/13,8974.00,8979.00,8816.00,8906.00,7.00,0.0787,8919.333,9024.800,9046.100,8898.717,8670.450,168572,116380,
2016/09/14,8866.00,8942.00,8854.00,8874.00,-32.00,-0.3593,8893.000,8951.800,9039.400,8904.800,8671.783,122462,125999,
2016/09/19,8949.00,9158.00,8947.00,9151.00,277.00,3.1215,8977.000,8956.600,9061.400,8915.483,8675.525,134041,127062,
2016/09/20,9142.00,9164.00,9113.00,9141.00,-10.00,-0.1093,9055.333,8994.200,9069.300,8930.550,8679.342,81619,128278,
2016/09/21,9129.00,9224.00,9115.00,9221.00,80.00,0.8752,9171.000,9058.600,9076.400,8945.483,8684.517,71871,115713,
2016/09/22,9221.00,9262.00,9154.00,9188.00,-33.00,-0.3579,9183.333,9115.000,9069.900,8959.017,8688.250,123238,106646,
2016/09/23,9234.00,9248.00,9189.00,9236.00,48.00,0.5224,9215.000,9187.400,9069.600,8972.350,8692.592,95254,101204,
2016/09/26,9222.00,9226.00,9148.00,9154.00,-82.00,-0.8878,9192.667,9188.000,9072.300,8982.950,8696.967,95518,93500,
2016/09/29,9226.00,9297.00,9206.00,9253.00,99.00,1.0815,9214.333,9210.400,9102.300,8993.400,8703.575,134652,104106,
2016/09/30,9183.00,9206.00,9127.00,9128.00,-125.00,-1.3509,9178.333,9191.800,9125.200,9001.700,8709.325,131336,115999,
2016/10/03,9205.00,9230.00,9161.00,9194.00,66.00,0.723,9191.667,9193.000,9154.000,9011.450,8715.242,100366,111425,
2016/10/04,9202.00,9259.00,9187.00,9247.00,53.00,0.5765,9189.667,9195.200,9191.300,9024.433,8721.350,95212,111416,
2016/10/05,9210.00,9266.00,9201.00,9240.00,-7.00,-0.0757,9227.000,9212.400,9200.200,9035.733,8727.558,80944,108502,
2016/10/06,9281.00,9283.00,9207.00,9256.00,16.00,0.1732,9247.667,9213.000,9211.700,9044.400,8732.708,100965,101764,
2016/10/07,9250.00,9269.00,9236.00,9253.00,-3.00,-0.0324,9249.667,9238.000,9214.900,9052.333,8737.642,65160,88529,
2016/10/11,9300.00,9343.00,9143.00,9191.00,-62.00,-0.6701,9233.333,9237.400,9215.200,9058.967,8741.600,172590,102974,
2016/10/12,9180.00,9274.00,9164.00,9260.00,69.00,0.7507,9234.667,9240.000,9217.600,9066.417,8746.725,109439,105819,
2016/10/13,9268.00,9282.00,9179.00,9203.00,-57.00,-0.6156,9218.000,9232.600,9222.500,9071.283,8751.450,132662,116163,
2016/10/14,9207.00,9224.00,9147.00,9169.00,-34.00,-0.3694,9210.667,9215.200,9214.100,9074.133,8756.867,124559,120882,
2016/10/17,9178.00,9193.00,9060.00,9166.00,-3.00,-0.0327,9179.333,9197.800,9217.900,9076.350,8762.167,172336,142317,
2016/10/18,9183.00,9218.00,9154.00,9212.00,46.00,0.5019,9182.333,9202.000,9219.700,9079.833,8768.117,111607,130120,
2016/10/19,9223.00,9300.00,9219.00,9280.00,68.00,0.7382,9219.333,9206.000,9223.000,9084.767,8774.392,83146,124862,
2016/10/20,9269.00,9295.00,9235.00,9278.00,-2.00,-0.0216,9256.667,9221.000,9226.800,9090.650,8780.267,101400,118609,
2016/10/21,9259.00,9322.00,9241.00,9264.00,-14.00,-0.1509,9274.000,9240.000,9227.600,9096.867,8786.158,118701,117438,
2016/10/24,9294.00,9325.00,9269.00,9309.00,45.00,0.4858,9283.667,9268.600,9233.200,9102.600,8793.592,96959,102362,
2016/10/25,9328.00,9394.00,9308.00,9374.00,65.00,0.6982,9315.667,9301.000,9251.500,9109.233,8802.467,112194,102480,
2016/10/26,9340.00,9363.00,9323.00,9336.00,-38.00,-0.4054,9339.667,9312.200,9259.100,9115.150,8811.442,89104,103671,
2016/10/27,9324.00,9348.00,9260.00,9287.00,-49.00,-0.5249,9332.333,9314.000,9267.500,9121.717,8820.692,127287,108849,
2016/10/28,9286.00,9313.00,9261.00,9280.00,-7.00,-0.0754,9301.000,9317.200,9278.600,9125.700,8830.175,95571,104223,
2016/10/31,9263.00,9300.00,9174.00,9283.00,3.00,0.0323,9283.333,9312.000,9290.300,9130.167,8840.017,146448,114120,
2016/11/01,9259.00,9292.00,9226.00,9280.00,-3.00,-0.0323,9281.000,9293.200,9297.100,9135.950,8849.733,101254,111932,
2016/11/02,9199.00,9225.00,9144.00,9160.00,-120.00,-1.2931,9241.000,9258.000,9285.100,9139.100,8858.125,150617,124235,
2016/11/03,9131.00,9160.00,9078.00,9088.00,-72.00,-0.786,9176.000,9218.200,9266.100,9139.517,8866.150,133635,125505,
2016/11/04,9058.00,9094.00,9047.00,9064.00,-24.00,-0.2641,9104.000,9175.000,9246.100,9138.650,8874.317,96995,125789,
2016/11/07,9131.00,9200.00,9115.00,9196.00,132.00,1.4563,9116.000,9157.600,9234.800,9139.950,8884.125,104822,117464,
2016/11/08,9216.00,9230.00,9162.00,9225.00,29.00,0.3154,9161.667,9146.600,9219.900,9141.283,8893.817,113316,119877,
2016/11/09,9223.00,9307.00,8891.00,8929.00,-296.00,-3.2087,9116.667,9100.400,9179.200,9138.683,8900.308,383062,166366,
2016/11/10,9140.00,9192.00,9134.00,9177.00,248.00,2.7775,9110.333,9118.200,9168.200,9139.467,8908.883,128206,165280,
2016/11/11,9048.00,9057.00,8949.00,8967.00,-210.00,-2.2883,9024.333,9098.800,9136.900,9136.833,8916.658,169424,179766,
2016/11/14,8957.00,8988.00,8877.00,8945.00,-22.00,-0.2453,9029.667,9048.600,9103.100,9134.450,8923.667,154181,189637,
2016/11/15,8900.00,8975.00,8896.00,8938.00,-7.00,-0.0783,8950.000,8991.200,9068.900,9131.400,8928.600,126244,192223,
2016/11/16,8990.00,9034.00,8979.00,8983.00,45.00,0.5035,8955.333,9002.000,9051.200,9130.417,8934.433,81780,131967,
2016/11/17,8942.00,8965.00,8906.00,8962.00,-21.00,-0.2338,8961.000,8959.000,9038.600,9130.683,8939.242,126032,131532,
2016/11/18,8979.00,9006.00,8926.00,8987.00,25.00,0.279,8977.333,8963.000,9030.900,9132.267,8944.258,131657,123978,
2016/11/21,8980.00,9026.00,8971.00,9017.00,30.00,0.3338,8988.667,8977.400,9013.000,9132.817,8948.883,85118,110166,
2016/11/22,9050.00,9164.00,9041.00,9140.00,123.00,1.3641,9048.000,9017.800,9004.500,9135.883,8954.150,131975,111312,
2016/11/23,9150.00,9192.00,9142.00,9175.00,35.00,0.3829,9110.667,9056.200,9029.100,9137.600,8959.650,97004,114357,
2016/11/24,9156.00,9165.00,9117.00,9142.00,-33.00,-0.3597,9152.333,9092.200,9025.600,9138.633,8964.475,100718,109294,
2016/11/25,9142.00,9192.00,9133.00,9162.00,20.00,0.2188,9159.667,9127.200,9045.100,9140.633,8969.558,98392,102641,
2016/11/28,9157.00,9248.00,9150.00,9223.00,61.00,0.6658,9175.667,9168.400,9072.900,9143.750,8975.033,116117,108841,
2016/11/29,9222.00,9238.00,9196.00,9203.00,-20.00,-0.2168,9196.000,9181.000,9099.400,9147.533,8980.258,102736,102993,
2016/11/30,9211.00,9245.00,9177.00,9226.00,23.00,0.2499,9217.333,9191.200,9123.700,9152.283,8985.683,121118,107816,
2016/12/01,9229.00,9279.00,9218.00,9261.00,35.00,0.3794,9230.000,9215.000,9153.600,9157.783,8990.642,107725,109217,
2016/12/02,9199.00,9200.00,9148.00,9165.00,-96.00,-1.0366,9217.333,9215.600,9171.400,9159.500,8994.367,118365,113212,
2016/12/05,9159.00,9183.00,9117.00,9157.00,-8.00,-0.0873,9194.333,9202.400,9185.400,9159.617,8999.633,106235,111235,
2016/12/06,9232.00,9285.00,9230.00,9262.00,105.00,1.1467,9194.667,9214.200,9197.600,9159.767,9005.358,100111,110710,
2016/12/07,9300.00,9305.00,9248.00,9263.00,1.00,0.0108,9227.333,9221.600,9206.400,9160.167,9010.875,90572,104601,
2016/12/08,9360.00,9370.00,9315.00,9367.00,104.00,1.1227,9297.333,9242.800,9228.900,9164.167,9019.908,107674,104591,
2016/12/09,9377.00,9399.00,9365.00,9390.00,23.00,0.2455,9340.000,9287.800,9251.700,9171.450,9028.200,73647,95647,
2016/12/12,9420.00,9440.00,9350.00,9355.00,-35.00,-0.3727,9370.667,9327.400,9264.900,9179.050,9035.583,122898,98980,
2016/12/13,9340.00,9381.00,9338.00,9378.00,23.00,0.2459,9374.333,9350.600,9282.400,9186.917,9042.817,67226,92403,
2016/12/14,9409.00,9413.00,9353.00,9370.00,-8.00,-0.0853,9367.667,9372.000,9296.800,9195.183,9049.992,84134,91115,
2016/12/15,9330.00,9374.00,9305.00,9368.00,-2.00,-0.0213,9372.000,9372.200,9307.500,9198.800,9057.142,122887,94158,
2016/12/16,9367.00,9370.00,9309.00,9312.00,-56.00,-0.5978,9350.000,9356.600,9322.200,9201.650,9066.100,94338,98296,
2016/12/19,9290.00,9317.00,9242.00,9246.00,-66.00,-0.7088,9308.667,9334.800,9331.100,9202.067,9073.775,97966,93310,
2016/12/20,9261.00,9266.00,9209.00,9260.00,14.00,0.1514,9272.667,9311.200,9330.900,9203.267,9081.142,94397,98744,
2016/12/21,9261.00,9269.00,9225.00,9232.00,-28.00,-0.3024,9246.000,9283.600,9327.800,9203.200,9087.775,57418,93401,
2016/12/22,9211.00,9222.00,9123.00,9130.00,-102.00,-1.1049,9207.333,9236.000,9304.100,9202.800,9092.875,116186,92061,
2016/12/23,9115.00,9147.00,9088.00,9090.00,-40.00,-0.4381,9150.667,9191.600,9274.100,9200.083,9096.742,108371,94867,
2016/12/26,9107.00,9131.00,9089.00,9123.00,33.00,0.363,9114.333,9167.000,9250.900,9200.000,9100.850,69826,89239,
2016/12/27,9123.00,9130.00,9106.00,9113.00,-10.00,-0.1096,9108.667,9137.600,9224.400,9198.650,9105.050,47613,79882,
2016/12/28,9110.00,9213.00,9105.00,9211.00,98.00,1.0754,9149.000,9133.400,9208.500,9198.050,9111.242,97142,87827,
2016/12/29,9188.00,9211.00,9168.00,9184.00,-27.00,-0.2931,9169.333,9144.200,9190.100,9197.117,9116.425,92394,83069,
2016/12/30,9215.00,9282.00,9215.00,9262.00,78.00,0.8493,9219.000,9178.600,9185.100,9197.217,9120.808,116363,84667,
2017/01/03,9266.00,9282.00,9231.00,9281.00,19.00,0.2051,9242.333,9210.200,9188.600,9197.683,9125.008,89236,88549,
2017/01/04,9281.00,9295.00,9261.00,9273.00,-8.00,-0.0862,9272.000,9242.200,9189.900,9199.050,9129.008,87205,96468,
2017/01/05,9270.00,9354.00,9266.00,9340.00,67.00,0.7225,9298.000,9268.000,9200.700,9200.383,9133.400,118916,100822,
2017/01/06,9353.00,9375.00,9338.00,9367.00,27.00,0.2891,9326.667,9304.600,9224.400,9203.117,9137.200,66823,95708,
2017/01/09,9379.00,9409.00,9325.00,9344.00,-23.00,-0.2455,9350.333,9321.000,9249.800,9206.033,9140.083,112414,94918,
2017/01/10,9332.00,9350.00,9320.00,9342.00,-2.00,-0.0214,9351.000,9333.200,9271.700,9208.967,9142.658,75316,92134,
2017/01/11,9395.00,9396.00,9333.00,9338.00,-4.00,-0.0428,9341.333,9346.200,9294.200,9211.067,9145.450,90570,92807,
2017/01/12,9353.00,9433.00,9350.00,9410.00,72.00,0.771,9363.333,9360.200,9314.100,9213.233,9149.000,112809,91586,
2017/01/13,9388.00,9397.00,9361.00,9374.00,-36.00,-0.3826,9374.000,9361.600,9333.100,9214.833,9152.742,78877,93997,
2017/01/16,9360.00,9362.00,9274.00,9286.00,-88.00,-0.9388,9356.667,9350.000,9335.500,9215.200,9156.033,112062,93926,
2017/01/17,9282.00,9344.00,9280.00,9341.00,55.00,0.5923,9333.667,9349.800,9341.500,9215.733,9159.167,73925,93648,
2017/01/18,9336.00,9349.00,9314.00,9340.00,-1.00,-0.0107,9322.333,9350.200,9348.200,9215.167,9162.200,53006,86135,
2017/01/19,9337.00,9342.00,9254.00,9306.00,-34.00,-0.364,9329.000,9329.400,9344.800,9214.667,9164.908,123099,88193,
2017/01/20,9283.00,9338.00,9278.00,9330.00,24.00,0.2579,9325.333,9320.600,9341.100,9215.383,9168.550,77047,87827,
2017/01/23,9319.00,9423.00,9318.00,9407.00,77.00,0.8253,9347.667,9344.800,9347.400,9217.500,9171.600,99677,85350,
2017/01/24,9423.00,9464.00,9405.00,9446.00,39.00,0.4146,9394.333,9365.800,9357.800,9220.217,9175.192,78507,86267,
2017/02/02,9500.00,9510.00,9373.00,9375.00,-71.00,-0.7516,9409.333,9372.800,9361.500,9221.800,9178.875,137809,103227,
2017/02/03,9418.00,9458.00,9408.00,9439.00,64.00,0.6827,9420.000,9399.400,9364.400,9226.450,9182.775,94741,97556,
2017/02/06,9477.00,9533.00,9441.00,9505.00,66.00,0.6992,9439.667,9434.400,9377.500,9233.400,9186.458,116683,105483,
2017/02/07,9499.00,9525.00,9482.00,9520.00,15.00,0.1578,9488.000,9457.000,9400.900,9241.000,9189.825,70124,99572,
2017/02/08,9513.00,9535.00,9463.00,9515.00,-5.00,-0.0525,9513.333,9470.800,9418.300,9246.317,9193.133,110459,105963,
2017/02/09,9518.00,9579.00,9505.00,9576.00,61.00,0.6411,9537.000,9511.000,9441.900,9252.167,9196.725,104088,99219,
2017/02/10,9600.00,9681.00,9586.00,9658.00,82.00,0.8563,9583.000,9554.800,9477.100,9264.317,9201.500,126945,105659,
2017/02/13,9670.00,9705.00,9661.00,9705.00,47.00,0.4866,9646.333,9594.800,9514.600,9273.117,9206.292,91559,100635,
2017/02/14,9729.00,9758.00,9695.00,9710.00,5.00,0.0515,9691.000,9632.800,9544.900,9285.500,9211.167,126818,111973,
2017/02/15,9726.00,9801.00,9722.00,9800.00,90.00,0.9269,9738.333,9689.800,9580.300,9299.750,9217.100,65323,102946,
2017/02/16,9819.00,9852.00,9758.00,9772.00,-28.00,-0.2857,9760.667,9729.000,9620.000,9313.650,9222.525,135167,109162,
2017/02/17,9760.00,9786.00,9747.00,9762.00,-10.00,-0.1023,9778.000,9749.800,9652.300,9326.633,9228.525,77126,99198,
2017/02/18,9778.00,9789.00,9772.00,9788.00,26.00,0.2663,9774.000,9766.400,9680.600,9340.400,9235.542,23259,85538,
2017/02/20,9786.00,9814.00,9737.00,9766.00,-22.00,-0.2248,9772.000,9777.600,9705.200,9353.383,9242.825,101190,80413,
2017/02/21,9777.00,9785.00,9728.00,9766.00,0.00,0.00,9773.333,9770.800,9730.300,9365.867,9249.342,99758,87300,
2017/02/22,9783.00,9827.00,9767.00,9783.00,17.00,0.1741,9771.667,9773.000,9751.000,9376.583,9256.233,121402,84547,
2017/02/23,9780.00,9820.00,9755.00,9772.00,-11.00,-0.1124,9773.667,9775.000,9762.400,9386.533,9262.067,115155,92152,
2017/02/24,9770.00,9786.00,9730.00,9761.00,-11.00,-0.1126,9772.000,9769.600,9768.000,9396.850,9267.742,99500,107401,
2017/03/01,9766.00,9770.00,9678.00,9682.00,-79.00,-0.8093,9738.333,9752.800,9765.200,9405.517,9273.075,137742,114711,
2017/03/02,9761.00,9784.00,9643.00,9691.00,9.00,0.093,9711.333,9737.800,9754.300,9413.317,9278.533,158761,126512,
2017/03/03,9648.00,9672.00,9623.00,9629.00,-62.00,-0.6398,9667.333,9707.000,9740.000,9420.417,9283.975,121760,126583,
2017/03/06,9639.00,9684.00,9619.00,9683.00,54.00,0.5608,9667.667,9689.200,9732.100,9428.033,9290.158,98122,123177,
2017/03/07,9693.00,9734.00,9682.00,9727.00,44.00,0.4544,9679.667,9682.400,9726.000,9435.800,9296.792,94350,122147,
2017/03/08,9736.00,9765.00,9701.00,9748.00,21.00,0.2159,9719.333,9695.600,9724.200,9445.517,9302.508,113289,117256,
2017/03/09,9739.00,9742.00,9642.00,9652.00,-96.00,-0.9848,9709.000,9687.800,9712.800,9453.767,9306.692,138633,113230,
2017/03/10,9647.00,9652.00,9555.00,9625.00,-27.00,-0.2797,9675.000,9687.000,9697.000,9459.817,9309.792,153810,119640,
2017/03/13,9644.00,9698.00,9643.00,9692.00,67.00,0.6961,9656.333,9688.800,9689.000,9466.967,9313.567,109261,121868,
2017/03/14,9713.00,9767.00,9711.00,9749.00,57.00,0.5881,9688.667,9693.200,9687.800,9473.333,9318.750,101680,123334,
2017/03/15,9742.00,9752.00,9715.00,9732.00,-17.00,-0.1744,9724.333,9690.000,9692.800,9479.033,9325.242,64312,113539,
2017/03/16,9805.00,9852.00,9782.00,9840.00,108.00,1.1097,9773.667,9727.600,9707.700,9487.117,9333.083,123851,110582,
2017/03/17,9850.00,9896.00,9837.00,9890.00,50.00,0.5081,9820.667,9780.600,9733.800,9495.650,9341.283,95061,98833,
2017/03/20,9870.00,9908.00,9855.00,9895.00,5.00,0.0506,9875.000,9821.200,9755.000,9504.400,9349.792,87338,94448,
2017/03/21,9926.00,9980.00,9916.00,9962.00,67.00,0.6771,9915.667,9863.800,9778.500,9514.300,9356.550,116787,97469,
2017/03/22,9890.00,9907.00,9851.00,9898.00,-64.00,-0.6424,9918.333,9897.000,9793.500,9524.067,9362.858,130922,110791,
2017/03/23,9941.00,9952.00,9879.00,9909.00,11.00,0.1111,9923.000,9910.800,9819.200,9535.117,9368.592,124451,110911,
2017/03/24,9927.00,9928.00,9883.00,9901.00,-8.00,-0.0807,9902.667,9913.000,9846.800,9545.800,9374.533,100291,111957,
2017/03/27,9878.00,9917.00,9844.00,9865.00,-36.00,-0.3636,9891.667,9907.000,9864.100,9556.350,9379.775,121091,118708,
2017/03/28,9920.00,9927.00,9805.00,9883.00,18.00,0.1825,9883.000,9891.200,9877.500,9568.900,9385.850,180269,131404,
2017/03/29,9902.00,9904.00,9851.00,9862.00,-21.00,-0.2125,9870.000,9884.000,9890.500,9581.767,9390.925,112130,127646,
2017/03/30,9864.00,9888.00,9834.00,9850.00,-12.00,-0.1217,9865.000,9872.200,9891.500,9593.883,9396.942,101694,123095,
2017/03/31,9858.00,9872.00,9812.00,9821.00,-29.00,-0.2944,9844.333,9856.200,9884.600,9605.683,9402.167,97882,122613,
2017/04/05,9849.00,9968.00,9843.00,9961.00,140.00,1.4255,9877.333,9875.400,9891.200,9618.183,9408.117,138208,126036,
2017/04/06,9930.00,9941.00,9880.00,9897.00,-64.00,-0.6425,9893.000,9878.200,9884.700,9630.067,9413.592,110268,112036,
2017/04/07,9903.00,9905.00,9772.00,9863.00,-34.00,-0.3435,9907.000,9878.400,9881.200,9640.083,9418.650,202457,130101,
2017/04/10,9868.00,9892.00,9843.00,9876.00,13.00,0.1318,9878.667,9883.600,9877.900,9650.000,9423.842,93725,128508,
2017/04/11,9866.00,9895.00,9807.00,9816.00,-60.00,-0.6075,9851.667,9882.600,9869.400,9659.050,9429.050,156649,140261,
2017/04/12,9818.00,9830.00,9776.00,9814.00,-2.00,-0.0204,9835.333,9853.200,9864.300,9666.950,9433.667,119503,136520,
2017/04/13,9802.00,9869.00,9792.00,9846.00,32.00,0.3261,9825.333,9843.000,9860.600,9674.933,9439.025,141115,142689,
2017/04/14,9806.00,9808.00,9711.00,9716.00,-130.00,-1.3203,9792.000,9813.600,9846.000,9681.133,9443.583,163674,134933,
2017/04/17,9740.00,9754.00,9680.00,9722.00,6.00,0.0618,9761.333,9782.800,9833.200,9687.467,9448.217,136933,143574,
2017/04/18,9757.00,9772.00,9721.00,9737.00,15.00,0.1543,9725.000,9767.000,9824.800,9694.117,9452.592,104750,133195,
2017/04/19,9700.00,9707.00,9632.00,9638.00,-99.00,-1.0167,9699.000,9731.800,9792.500,9697.917,9455.575,101442,129582,
2017/04/20,9598.00,9640.00,9584.00,9615.00,-23.00,-0.2386,9663.333,9685.600,9764.300,9701.933,9458.383,114200,124199,
2017/04/21,9665.00,9706.00,9655.00,9697.00,82.00,0.8528,9650.000,9681.800,9747.700,9708.783,9461.992,109943,113453,
2017/04/24,9747.00,9766.00,9684.00,9705.00,8.00,0.0825,9672.333,9678.400,9730.600,9714.850,9465.292,124572,110981,
2017/04/25,9746.00,9827.00,9728.00,9813.00,108.00,1.1128,9738.333,9693.600,9730.300,9722.733,9468.950,139342,117899,
2017/04/26,9855.00,9871.00,9826.00,9841.00,28.00,0.2853,9786.333,9734.200,9733.000,9731.650,9473.158,120356,121682,
2017/04/27,9829.00,9850.00,9808.00,9839.00,-2.00,-0.0203,9831.000,9779.000,9732.300,9740.133,9477.758,94487,117740,
2017/04/28,9847.00,9884.00,9834.00,9857.00,18.00,0.1829,9845.667,9811.000,9746.400,9747.633,9482.567,106549,117061,
2017/05/02,9899.00,9950.00,9897.00,9932.00,75.00,0.7609,9876.000,9856.400,9767.400,9755.733,9487.975,104243,112995,
2017/05/03,9946.00,9966.00,9934.00,9936.00,4.00,0.0403,9908.333,9881.000,9787.300,9765.083,9493.442,77301,100587,
2017/05/04,9951.00,9965.00,9918.00,9959.00,23.00,0.2315,9942.333,9904.600,9819.400,9773.750,9500.100,86878,93891,
2017/05/05,9946.00,9951.00,9879.00,9889.00,-70.00,-0.7029,9928.000,9914.600,9846.800,9780.150,9506.775,109415,96877,
2017/05/08,9929.00,9959.00,9895.00,9921.00,32.00,0.3236,9923.000,9927.400,9869.200,9786.833,9513.917,103500,96267,
2017/05/09,9916.00,9994.00,9898.00,9904.00,-17.00,-0.1714,9904.667,9921.800,9889.100,9793.317,9519.817,165167,108452,
2017/05/10,9938.00,9959.00,9918.00,9947.00,43.00,0.4342,9924.000,9924.000,9902.500,9799.500,9525.833,92373,111466,
2017/05/11,9962.00,9997.00,9946.00,9987.00,40.00,0.4021,9946.000,9929.600,9917.100,9804.983,9534.650,119264,117943,
2017/05/12,9982.00,9996.00,9966.00,9981.00,-6.00,-0.0601,9971.667,9948.000,9931.300,9809.583,9541.350,83175,112695,
2017/05/15,9990.00,10031.00,9975.00,10028.00,47.00,0.4709,9998.667,9969.400,9948.400,9814.883,9550.192,83946,108785,
2017/05/16,10040.00,10054.00,10000.00,10022.00,-6.00,-0.0598,10010.333,9993.000,9957.400,9818.583,9559.167,93791,94509,
2017/05/17,9993.00,10022.00,9975.00,10000.00,-22.00,-0.2195,10016.667,10003.600,9963.800,9822.383,9568.017,69148,89864,
2017/05/18,9903.00,9958.00,9878.00,9951.00,-49.00,-0.49,9991.000,9996.400,9963.000,9825.533,9576.083,130044,92020,
2017/05/19,9968.00,9973.00,9931.00,9932.00,-19.00,-0.1909,9961.000,9986.600,9967.300,9827.933,9584.167,75358,90457,
2017/05/22,9965.00,9980.00,9942.00,9975.00,43.00,0.4329,9952.667,9976.000,9972.700,9831.417,9592.400,83689,90406,
2017/05/23,9984.00,10017.00,9968.00,9994.00,19.00,0.1905,9967.000,9970.400,9981.700,9835.217,9600.542,96906,91029,
2017/05/24,10007.00,10030.00,9998.00,10020.00,26.00,0.2602,9996.333,9974.400,9989.000,9839.167,9607.875,79224,93044,
2017/05/25,10042.00,10110.00,10040.00,10107.00,87.00,0.8683,10040.333,10005.600,10001.000,9844.750,9615.642,98165,86668,
2017/05/26,10130.00,10131.00,10080.00,10093.00,-14.00,-0.1385,10073.333,10037.800,10012.200,9850.283,9623.567,103085,92213,
2017/05/31,10085.00,10105.00,10023.00,10031.00,-62.00,-0.6143,10077.000,10049.000,10012.500,9856.100,9630.808,109569,97389,
2017/06/01,10030.00,10075.00,10023.00,10069.00,38.00,0.3788,10064.333,10064.000,10017.200,9862.400,9637.858,85943,95197,
2017/06/02,10113.00,10137.00,10105.00,10135.00,66.00,0.6555,10078.333,10087.000,10030.700,9870.833,9645.625,91916,97735,
2017/06/03,10147.00,10160.00,10137.00,10157.00,22.00,0.2171,10120.333,10097.000,10051.300,9878.733,9653.383,23817,82866,
2017/06/05,10148.00,10207.00,10115.00,10200.00,43.00,0.4234,10164.000,10118.400,10078.100,9886.617,9661.208,108333,83915,
2017/06/06,10196.00,10206.00,10184.00,10185.00,-15.00,-0.1471,10180.667,10149.200,10099.100,9893.900,9669.708,63177,74637,
2017/06/07,10180.00,10229.00,10165.00,10192.00,7.00,0.0687,10192.333,10173.800,10118.900,9902.900,9678.333,113555,80159,
2017/06/08,10204.00,10218.00,10184.00,10211.00,19.00,0.1864,10196.000,10189.000,10138.000,9912.667,9686.242,71957,76167,
2017/06/09,10230.00,10252.00,10186.00,10192.00,-19.00,-0.1861,10198.333,10196.000,10146.500,9921.000,9693.983,101748,91754,
2017/06/12,10129.00,10159.00,10110.00,10120.00,-72.00,-0.7064,10174.333,10180.000,10149.200,9927.183,9700.258,109974,92082,
2017/06/13,10123.00,10143.00,10106.00,10137.00,17.00,0.168,10149.667,10170.400,10159.800,9933.933,9706.483,90263,97499,
2017/06/14,10161.00,10165.00,10021.00,10065.00,-72.00,-0.7103,10107.333,10145.000,10159.400,9937.683,9712.400,168331,108454,
2017/06/15,10051.00,10075.00,10018.00,10073.00,8.00,0.0795,10091.667,10117.400,10153.200,9940.733,9718.192,109182,115899,
2017/06/16,10078.00,10159.00,10061.00,10146.00,73.00,0.7247,10094.667,10108.200,10152.100,9944.917,9724.658,126503,120850,
2017/06/19,10164.00,10251.00,10160.00,10239.00,93.00,0.9166,10152.667,10132.000,10156.000,9949.533,9731.917,105179,119891,
2017/06/20,10276.00,10353.00,10268.00,10322.00,83.00,0.8106,10235.667,10169.000,10169.700,9956.600,9740.333,119762,125791,
2017/06/21,10273.00,10371.00,10267.00,10369.00,47.00,0.4553,10310.000,10229.800,10187.400,9964.267,9749.692,93556,110836,
2017/06/22,10198.00,10234.00,10174.00,10231.00,-138.00,-1.3309,10307.333,10261.400,10189.400,9969.767,9757.783,116301,112260,
2017/06/23,10221.00,10245.00,10193.00,10215.00,-16.00,-0.1564,10271.667,10275.200,10191.700,9975.600,9765.975,100716,107102,
2017/06/26,10207.00,10395.00,10202.00,10381.00,166.00,1.6251,10275.667,10303.600,10217.800,9983.900,9776.400,187610,123589,
2017/06/27,10390.00,10412.00,10353.00,10368.00,-13.00,-0.1252,10321.333,10312.800,10240.900,9992.333,9787.050,113890,122414,
2017/06/28,10303.00,10342.00,10247.00,10261.00,-107.00,-1.032,10336.667,10291.200,10260.500,9999.183,9796.533,160223,135748,
2017/06/29,10325.00,10356.00,10260.00,10297.00,36.00,0.3508,10308.667,10304.400,10282.900,10007.117,9806.400,129216,138331,
2017/06/30,10220.00,10263.00,10196.00,10252.00,-45.00,-0.437,10270.000,10311.800,10293.500,10011.967,9815.075,122915,142770,
2017/07/03,10260.00,10289.00,10231.00,10289.00,37.00,0.3609,10279.333,10293.400,10298.500,10018.500,9824.283,106012,126451,
2017/07/04,10303.00,10306.00,10210.00,10217.00,-72.00,-0.6998,10252.667,10263.200,10288.000,10024.400,9832.242,140078,131688,
2017/07/05,10215.00,10304.00,10171.00,10301.00,84.00,0.8222,10269.000,10271.200,10281.200,10031.483,9840.742,165617,132767,
2017/07/06,10323.00,10329.00,10237.00,10267.00,-34.00,-0.3301,10261.667,10265.200,10284.800,10039.000,9849.025,130624,133049,
2017/07/07,10225.00,10246.00,10195.00,10203.00,-64.00,-0.6234,10257.000,10255.400,10283.600,10045.483,9856.217,120427,132551,
2017/07/10,10226.00,10242.00,10180.00,10210.00,7.00,0.0686,10226.667,10239.600,10266.500,10051.550,9863.242,111327,133614,
2017/07/11,10232.00,10356.00,10228.00,10342.00,132.00,1.2929,10251.667,10264.600,10263.900,10061.983,9871.558,139462,133491,
2017/07/12,10346.00,10383.00,10330.00,10339.00,-3.00,-0.029,10297.000,10272.200,10271.700,10072.267,9879.867,112905,122949,
2017/07/13,10393.00,10442.00,10371.00,10420.00,81.00,0.7834,10367.000,10302.800,10284.000,10083.650,9888.883,140754,124975,
2017/07/14,10420.00,10424.00,10391.00,10403.00,-17.00,-0.1631,10387.333,10342.800,10299.100,10096.400,9897.158,75528,115995,
2017/07/17,10458.00,10480.00,10414.00,10436.00,33.00,0.3172,10419.667,10388.000,10313.800,10110.083,9906.008,109780,115685,
2017/07/18,10427.00,10466.00,10407.00,10462.00,26.00,0.2491,10433.667,10412.000,10338.300,10122.833,9915.808,79345,103662,
2017/07/19,10479.00,10541.00,10471.00,10500.00,38.00,0.3632,10466.000,10444.200,10358.200,10136.083,9925.467,89397,98960,
2017/07/20,10411.00,10420.00,10370.00,10390.00,-110.00,-1.0476,10450.667,10438.200,10370.500,10145.700,9934.217,93447,89499,
2017/07/21,10378.00,10383.00,10324.00,10329.00,-61.00,-0.5871,10406.333,10423.400,10383.100,10153.833,9942.742,97359,93865,
2017/07/24,10300.00,10364.00,10285.00,10362.00,33.00,0.3195,10360.333,10408.600,10398.300,10162.550,9951.342,97336,91376,
2017/07/25,10373.00,10387.00,10338.00,10363.00,1.00,0.0097,10351.333,10388.800,10400.400,10170.983,9959.308,90941,93696,
2017/07/26,10386.00,10421.00,10320.00,10329.00,-34.00,-0.3281,10351.333,10354.600,10399.400,10177.600,9966.667,140062,103829,
2017/07/27,10365.00,10462.00,10362.00,10448.00,119.00,1.1521,10380.000,10366.200,10402.200,10186.133,9975.608,131031,111345,
2017/07/28,10395.00,10403.00,10324.00,10340.00,-108.00,-1.0337,10372.333,10368.400,10395.900,10192.483,9983.117,128645,117603,
2017/07/31,10333.00,10363.00,10289.00,10355.00,15.00,0.1451,10381.000,10367.000,10387.800,10200.250,9990.200,108337,119803,
2017/08/01,10368.00,10424.00,10361.00,10367.00,12.00,0.1159,10354.000,10367.800,10378.300,10207.683,9997.258,124984,126611,
2017/08/02,10420.00,10471.00,10415.00,10453.00,86.00,0.8296,10391.667,10392.600,10373.600,10216.833,10005.075,119143,122428,
2017/08/03,10420.00,10430.00,9408.00,10406.00,-47.00,-0.4496,10408.667,10384.200,10375.200,10224.483,10011.992,135087,123239,
2017/08/04,10401.00,10456.00,10401.00,10439.00,33.00,0.3171,10432.667,10404.000,10386.200,10232.017,10018.500,82435,113997,
2017/08/07,10476.00,10539.00,10475.00,10529.00,90.00,0.8622,10458.000,10438.800,10402.900,10241.150,10025.367,91258,110581,
2017/08/08,10558.00,10567.00,10485.00,10526.00,-3.00,-0.0285,10498.000,10470.600,10419.200,10249.450,10032.167,116705,108925,
2017/08/09,10466.00,10497.00,10436.00,10453.00,-73.00,-0.6935,10502.667,10470.600,10431.600,10256.633,10037.608,139245,112946,
2017/08/10,10477.00,10484.00,10308.00,10328.00,-125.00,-1.1958,10435.667,10455.000,10419.600,10262.100,10042.242,188713,123671,
2017/08/11,10228.00,10326.00,10225.00,10300.00,-28.00,-0.2711,10360.333,10427.200,10415.600,10267.917,10046.725,141132,135410,
2017/08/14,10344.00,10357.00,10223.00,10231.00,-69.00,-0.6699,10286.333,10367.600,10403.200,10272.900,10050.417,148497,146858,
2017/08/15,10310.00,10331.00,10261.00,10309.00,78.00,0.7624,10280.000,10324.200,10397.400,10278.467,10054.942,125619,148641,
2017/08/16,10277.00,10319.00,10235.00,10254.00,-55.00,-0.5335,10264.667,10284.400,10377.500,10282.800,10059.008,106163,142024,
2017/08/17,10258.00,10324.00,10245.00,10298.00,44.00,0.4291,10287.000,10278.400,10366.700,10287.433,10063.300,124543,129190,
2017/08/18,10230.00,10265.00,10200.00,10259.00,-39.00,-0.3787,10270.333,10270.200,10348.700,10289.967,10067.358,142696,129503,
2017/08/21,10259.00,10280.00,10217.00,10269.00,10.00,0.0975,10275.333,10277.800,10322.700,10292.900,10071.592,107844,121373,
2017/08/22,10316.00,10369.00,10305.00,10350.00,81.00,0.7888,10292.667,10286.000,10305.100,10298.217,10077.158,110812,118411,
2017/08/23,10401.00,10414.00,10341.00,10361.00,11.00,0.1063,10326.667,10307.400,10295.900,10303.083,10082.742,132892,123757,
2017/08/24,10372.00,10460.00,10365.00,10449.00,88.00,0.8493,10386.667,10337.600,10308.000,10308.317,10089.575,117428,122334,
2017/08/25,10471.00,10490.00,10431.00,10487.00,38.00,0.3637,10432.333,10383.200,10326.700,10313.817,10096.275,106594,115114,
2017/08/28,10466.00,10515.00,10457.00,10490.00,3.00,0.0286,10475.333,10427.400,10352.600,10318.650,10102.633,104297,114404,
2017/08/29,10451.00,10478.00,10421.00,10463.00,-27.00,-0.2574,10480.000,10450.000,10368.000,10323.283,10108.592,124969,117236,
2017/08/30,10508.00,10552.00,10493.00,10531.00,68.00,0.6499,10494.667,10484.000,10395.700,10328.933,10115.917,133698,117397,
2017/08/31,10560.00,10581.00,10532.00,10551.00,20.00,0.1899,10515.000,10504.400,10421.000,10334.600,10123.633,118753,117662,
2017/09/01,10571.00,10598.00,10540.00,10576.00,25.00,0.2369,10552.667,10522.200,10452.700,10341.000,10131.000,100082,116359,
2017/09/04,10550.00,10579.00,10533.00,10552.00,-24.00,-0.2269,10559.667,10534.600,10481.000,10348.200,10137.692,92135,113927,
2017/09/05,10575.00,10590.00,10528.00,10582.00,30.00,0.2843,10570.000,10558.400,10504.200,10355.617,10144.775,110758,111085,
2017/09/06,10540.00,10570.00,10483.00,10519.00,-63.00,-0.5954,10551.000,10556.000,10520.000,10363.183,10150.433,151733,114692,
2017/09/07,10551.00,10568.00,10477.00,10490.00,-29.00,-0.2757,10530.333,10543.800,10524.100,10370.133,10155.433,135371,118015,
2017/09/08,10501.00,10571.00,10495.00,10556.00,66.00,0.6292,10521.667,10539.800,10531.000,10376.967,10160.942,134328,124865,
2017/09/11,10628.00,10635.00,10535.00,10565.00,9.00,0.0853,10537.000,10542.400,10538.500,10382.400,10165.967,148759,136189,
2017/09/12,10604.00,10614.00,10564.00,10590.00,25.00,0.2366,10570.333,10544.000,10551.200,10386.867,10171.733,108391,135716,
2017/09/13,10595.00,10603.00,10510.00,10521.00,-69.00,-0.6516,10558.667,10544.400,10550.200,10389.400,10176.833,136211,132612,
2017/09/14,10520.00,10545.00,10486.00,10529.00,8.00,0.076,10546.667,10552.200,10548.000,10394.367,10182.067,107249,126987,
2017/09/15,10528.00,10570.00,10491.00,10566.00,37.00,0.3514,10538.667,10554.200,10547.000,10400.217,10187.908,133129,126747,
2017/09/18,10605.00,10649.00,10582.00,10636.00,70.00,0.6625,10577.000,10568.400,10555.400,10404.467,10194.183,116956,120387,
2017/09/19,10647.00,10658.00,10568.00,10580.00,-56.00,-0.5265,10594.000,10566.400,10555.200,10408.000,10200.167,123845,123478,
2017/09/20,10572.00,10585.00,10490.00,10510.00,-70.00,-0.6616,10575.333,10564.200,10554.300,10412.150,10205.667,108520,117939,
2017/09/21,10505.00,10583.00,10473.00,10575.00,65.00,0.6185,10555.000,10573.400,10562.800,10416.783,10211.950,133103,123110,
2017/09/22,10554.00,10568.00,10427.00,10433.00,-142.00,-1.3428,10506.000,10546.800,10550.500,10419.800,10215.883,168104,130105,
2017/09/25,10426.00,10453.00,10315.00,10333.00,-100.00,-0.9585,10447.000,10486.200,10527.300,10420.533,10219.517,164514,139617,
2017/09/26,10299.00,10369.00,10261.00,10264.00,-69.00,-0.6678,10343.333,10423.000,10494.700,10421.317,10222.858,164551,147758,
2017/09/27,10300.00,10340.00,10290.00,10319.00,55.00,0.5359,10305.333,10384.800,10474.500,10421.617,10226.550,130040,152062,
2017/09/28,10349.00,10350.00,10266.00,10299.00,-20.00,-0.1938,10294.000,10329.600,10451.500,10422.150,10230.575,160016,157445,
2017/09/29,10299.00,10328.00,10263.00,10321.00,22.00,0.2136,10313.000,10307.200,10427.000,10424.117,10234.800,128673,149558,
2017/09/30,10360.00,10394.00,10354.00,10380.00,59.00,0.5717,10333.333,10316.600,10401.400,10426.950,10239.250,45431,125742,
2017/10/02,10392.00,10458.00,10386.00,10449.00,69.00,0.6647,10383.333,10353.600,10388.300,10428.733,10245.358,108286,114489,
2017/10/03,10470.00,10475.00,10427.00,10462.00,13.00,0.1244,10430.333,10382.200,10383.500,10430.783,10251.525,109813,110443,
2017/10/05,10460.00,10519.00,10438.00,10505.00,43.00,0.411,10472.000,10423.400,10376.500,10432.200,10257.925,109576,100355,
2017/10/06,10537.00,10542.00,10496.00,10524.00,19.00,0.1809,10497.000,10464.000,10385.600,10434.217,10265.308,92112,93043,
2017/10/11,10556.00,10648.00,10555.00,10633.00,109.00,1.0357,10554.000,10514.600,10415.600,10437.500,10273.792,166297,117216,
2017/10/12,10657.00,10705.00,10640.00,10697.00,64.00,0.6019,10618.000,10564.200,10458.900,10441.417,10282.125,99010,115361,
2017/10/13,10688.00,10713.00,10670.00,10711.00,14.00,0.1309,10680.333,10614.000,10498.100,10444.933,10290.508,73052,108009,
2017/10/16,10745.00,10763.00,10710.00,10757.00,46.00,0.4295,10721.667,10664.400,10543.900,10451.050,10298.375,98330,105760,
2017/10/17,10776.00,10781.00,10720.00,10724.00,-33.00,-0.3068,10730.667,10704.400,10584.200,10457.633,10305.733,99764,107290,
2017/10/18,10745.00,10783.00,10686.00,10727.00,3.00,0.028,10736.000,10723.200,10618.900,10463.717,10313.133,93458,92722,
2017/10/19,10748.00,10800.00,10733.00,10761.00,34.00,0.317,10737.333,10736.000,10650.100,10470.350,10320.667,119786,96878,
2017/10/20,10736.00,10764.00,10700.00,10732.00,-29.00,-0.2695,10740.000,10740.200,10677.100,10477.067,10327.333,115372,105342,
2017/10/23,10764.00,10786.00,10720.00,10736.00,4.00,0.0373,10743.000,10736.000,10700.200,10481.867,10334.000,115089,108693,
2017/10/24,10725.00,10758.00,10709.00,10744.00,8.00,0.0745,10737.333,10740.000,10722.200,10488.600,10340.542,90169,106774,
2017/10/25,10769.00,10782.00,10728.00,10739.00,-5.00,-0.0465,10739.667,10742.400,10732.800,10495.000,10347.625,118805,111844,
2017/10/26,10715.00,10750.00,10693.00,10728.00,-11.00,-0.1024,10737.000,10735.800,10735.900,10501.017,10354.350,100669,108020,
2017/10/27,10748.00,10792.00,10684.00,10710.00,-18.00,-0.1678,10725.667,10731.400,10735.800,10505.300,10361.067,146568,114260,
2017/10/30,10763.00,10820.00,10724.00,10748.00,38.00,0.3548,10728.667,10733.800,10734.900,10511.000,10367.742,156332,122508,
2017/10/31,10754.00,10800.00,10730.00,10783.00,35.00,0.3256,10747.000,10741.600,10740.800,10516.733,10374.375,119750,128424,
2017/11/01,10820.00,10826.00,10775.00,10809.00,26.00,0.2411,10780.000,10755.600,10749.000,10521.400,10381.275,119461,128556,
2017/11/02,10770.00,10806.00,10758.00,10781.00,-28.00,-0.259,10791.000,10766.200,10751.000,10525.650,10387.550,104887,129399,
2017/11/03,10806.00,10810.00,10747.00,10788.00,7.00,0.0649,10792.667,10781.800,10756.600,10531.233,10393.933,108240,121734,
2017/11/06,10793.00,10828.00,10745.00,10771.00,-17.00,-0.1576,10780.000,10786.400,10760.100,10538.617,10400.358,131588,116785,
2017/11/07,10789.00,10825.00,10778.00,10825.00,54.00,0.5013,10794.667,10794.800,10768.200,10547.367,10407.642,100434,112922,
2017/11/08,10810.00,10824.00,10796.00,10804.00,-21.00,-0.194,10800.000,10793.800,10774.700,10556.917,10414.908,76946,104419,
2017/11/09,10812.00,10823.00,10706.00,10723.00,-81.00,-0.7497,10784.000,10782.200,10774.200,10563.817,10421.142,155140,114469,
2017/11/10,10687.00,10737.00,10662.00,10728.00,5.00,0.0466,10751.667,10770.200,10776.000,10571.717,10427.258,109959,114813,
2017/11/13,10710.00,10726.00,10688.00,10693.00,-35.00,-0.3262,10714.667,10754.600,10770.500,10578.300,10432.867,107289,109953,
2017/11/14,10695.00,10715.00,10638.00,10684.00,-9.00,-0.0842,10701.667,10726.400,10760.600,10585.383,10437.675,117625,113391,
2017/11/15,10645.00,10658.00,10602.00,10638.00,-46.00,-0.4306,10671.667,10693.200,10743.500,10591.533,10442.217,99354,117873,
2017/11/16,10587.00,10634.00,10579.00,10617.00,-21.00,-0.1974,10646.333,10672.000,10727.100,10595.983,10447.100,94260,105697,
2017/11/17,10690.00,10710.00,10672.00,10707.00,90.00,0.8477,10654.000,10667.800,10719.000,10601.750,10452.417,121587,108023,
2017/11/20,10714.00,10719.00,10654.00,10667.00,-40.00,-0.3736,10663.667,10662.600,10708.600,10605.383,10456.850,99685,106502,
2017/11/21,10695.00,10788.00,10682.00,10788.00,121.00,1.1343,10720.667,10683.400,10704.900,10610.400,10462.108,131579,109293,
2017/11/22,10825.00,10877.00,10807.00,10827.00,39.00,0.3615,10760.667,10721.200,10707.200,10616.017,10467.333,146092,118640,
2017/11/23,10826.00,10857.00,10810.00,10856.00,29.00,0.2678,10823.667,10769.000,10720.500,10622.567,10472.925,79585,115705,
2017/11/24,10841.00,10856.00,10829.00,10856.00,0.00,0.00,10846.333,10798.800,10733.300,10627.983,10478.458,62187,103825,
2017/11/27,10841.00,10848.00,10737.00,10750.00,-106.00,-0.9764,10820.667,10815.400,10739.000,10631.300,10482.950,133048,110498,
2017/11/28,10735.00,10753.00,10695.00,10708.00,-42.00,-0.3907,10771.333,10799.400,10741.400,10633.500,10487.250,126675,109517,
2017/11/29,10747.00,10763.00,10708.00,10729.00,21.00,0.1961,10729.000,10779.800,10750.500,10636.450,10492.325,109201,102139,
2017/11/30,10650.00,10658.00,10569.00,10574.00,-155.00,-1.4447,10670.333,10723.400,10746.200,10636.317,10495.967,165820,119386,
2017/12/01,10607.00,10664.00,10495.00,10604.00,30.00,0.2837,10635.667,10673.000,10735.900,10637.733,10500.458,198597,146668,
2017/12/04,10604.00,10651.00,10564.00,10649.00,45.00,0.4244,10609.000,10652.800,10734.100,10640.383,10505.258,140435,148145,
2017/12/05,10595.00,10627.00,10546.00,10573.00,-76.00,-0.7137,10608.667,10625.800,10712.600,10640.667,10508.817,158244,154459,
2017/12/06,10540.00,10557.00,10375.00,10386.00,-187.00,-1.7687,10536.000,10557.200,10668.500,10637.683,10510.042,201801,172979,
2017/12/07,10388.00,10427.00,10331.00,10360.00,-26.00,-0.2503,10439.667,10514.400,10618.900,10633.850,10510.358,167915,173398,
2017/12/08,10388.00,10413.00,10336.00,10397.00,37.00,0.3571,10381.000,10473.000,10573.000,10631.783,10510.592,142839,162246,
2017/12/11,10416.00,10497.00,10415.00,10479.00,82.00,0.7887,10412.000,10439.000,10545.900,10630.950,10512.658,119690,158097,
2017/12/12,10496.00,10498.00,10386.00,10432.00,-47.00,-0.4485,10436.000,10410.800,10518.300,10628.717,10514.467,133401,153129,
2017/12/13,10433.00,10475.00,10421.00,10449.00,17.00,0.163,10453.333,10423.400,10490.300,10625.600,10515.033,116522,136073,
2017/12/14,10508.00,10582.00,10498.00,10528.00,79.00,0.7561,10469.667,10457.000,10485.700,10624.733,10516.367,134461,129382,
2017/12/15,10510.00,10515.00,10421.00,10485.00,-43.00,-0.4084,10487.333,10474.600,10473.800,10624.317,10518.233,162806,133376,
2017/12/18,10527.00,10531.00,10456.00,10502.00,17.00,0.1621,10505.000,10479.200,10459.100,10623.100,10519.942,112036,131845,
2017/12/19,10522.00,10530.00,10443.00,10459.00,-43.00,-0.4094,10482.000,10484.600,10447.700,10623.533,10521.667,128825,130930,
2017/12/20,10457.00,10509.00,10457.00,10497.00,38.00,0.3633,10486.000,10494.200,10458.800,10626.267,10523.400,86643,124954,
2017/12/21,10492.00,10539.00,10475.00,10497.00,0.00,0.00,10484.333,10488.000,10472.500,10630.150,10525.733,120007,122063,
2017/12/22,10498.00,10535.00,10473.00,10535.00,38.00,0.362,10509.667,10498.000,10486.300,10633.750,10527.683,83694,106241,
2017/12/25,10549.00,10564.00,10520.00,10526.00,-9.00,-0.0854,10519.333,10502.800,10491.000,10637.533,10529.842,73241,98482,
2017/12/26,10540.00,10541.00,10406.00,10416.00,-110.00,-1.045,10492.333,10494.200,10489.400,10639.117,10531.617,148566,102430,
2017/12/27,10398.00,10485.00,10393.00,10476.00,60.00,0.576,10472.667,10490.000,10492.100,10640.717,10533.833,115661,108233,
2017/12/28,10495.00,10593.00,10494.00,10562.00,86.00,0.8209,10484.667,10503.000,10495.500,10642.600,10535.667,143577,112947,
2017/12/29,10593.00,10644.00,10576.00,10636.00,74.00,0.7006,10558.000,10523.200,10510.600,10645.500,10538.142,122545,120718,
2018/01/02,10629.00,10710.00,10621.00,10709.00,73.00,0.6863,10635.667,10559.800,10531.300,10648.900,10540.550,108552,127780,
2018/01/03,10748.00,10797.00,10729.00,10789.00,80.00,0.747,10711.333,10634.400,10564.300,10653.317,10543.767,120079,122082,
2018/01/04,10831.00,10840.00,10770.00,10837.00,48.00,0.4449,10778.333,10706.600,10598.300,10656.717,10547.108,119138,122778,
2018/01/05,10838.00,10867.00,10801.00,10857.00,20.00,0.1846,10827.667,10765.600,10634.300,10659.383,10550.400,110621,116187,
2018/01/08,10886.00,10900.00,10843.00,10886.00,29.00,0.2671,10860.000,10815.600,10669.400,10662.300,10553.617,106397,112957,
2018/01/09,10889.00,10909.00,10850.00,10881.00,-5.00,-0.0459,10874.667,10850.000,10704.900,10664.367,10557.708,96812,110609,
2018/01/10,10885.00,10904.00,10806.00,10809.00,-72.00,-0.6617,10858.667,10854.000,10744.200,10665.783,10561.708,130672,112728,
2018/01/11,10808.00,10834.00,10765.00,10801.00,-8.00,-0.074,10830.333,10846.800,10776.700,10667.017,10565.367,133798,115660,
2018/01/12,10824.00,10898.00,10818.00,10876.00,75.00,0.6944,10828.667,10850.600,10808.100,10668.933,10569.642,114219,116379,
2018/01/15,10930.00,10958.00,10902.00,10955.00,79.00,0.7264,10877.333,10864.400,10840.000,10672.650,10574.858,106816,116463,
2018/01/16,10939.00,10986.00,10918.00,10983.00,28.00,0.2556,10938.000,10884.800,10867.400,10676.767,10579.317,93849,115870,
2018/01/17,10955.00,11024.00,10940.00,11020.00,37.00,0.3369,10986.000,10927.000,10890.500,10681.367,10584.983,82191,106174,
2018/01/18,11063.00,11137.00,11036.00,11054.00,34.00,0.3085,11019.000,10977.600,10912.200,10686.617,10590.808,178470,115109,
2018/01/19,11096.00,11142.00,11080.00,11139.00,85.00,0.769,11071.000,11030.200,10940.400,10693.467,10597.242,106341,113533,
2018/01/22,11136.00,11225.00,11113.00,11222.00,83.00,0.7451,11138.333,11083.600,10974.000,10702.000,10603.650,139737,120117,
2018/01/23,11241.00,11253.00,11181.00,11225.00,3.00,0.0267,11195.333,11132.000,11008.400,10709.950,10610.475,152175,131782,
2018/01/24,11199.00,11203.00,11090.00,11126.00,-99.00,-0.882,11191.000,11153.200,11040.100,10715.667,10616.200,171869,149718,
2018/01/25,11117.00,11271.00,11116.00,11154.00,28.00,0.2517,11168.333,11173.200,11075.400,10721.417,10621.408,207666,155557,
2018/01/26,11170.00,11186.00,11079.00,11146.00,-8.00,-0.0717,11142.000,11174.600,11102.400,10727.500,10626.575,172877,168864,
2018/01/29,11215.00,11238.00,11155.00,11196.00,50.00,0.4486,11165.333,11169.400,11126.500,10734.300,10632.767,138828,168683,
2018/01/30,11164.00,11190.00,11064.00,11064.00,-132.00,-1.179,11135.333,11137.200,11134.600,10739.183,10638.900,176688,173585,
2018/01/31,11050.00,11144.00,11017.00,11098.00,34.00,0.3073,11119.333,11131.600,11142.400,10743.733,10645.550,190809,177373,
2018/02/01,11127.00,11199.00,11112.00,11160.00,62.00,0.5587,11107.333,11132.800,11153.000,10749.667,10653.292,140088,163858,
2018/02/02,11111.00,11132.00,11041.00,11116.00,-44.00,-0.3943,11124.667,11126.800,11150.700,10756.217,10660.017,175482,164379,
2018/02/05,10888.00,10952.00,10848.00,10928.00,-188.00,-1.6913,11068.000,11073.200,11121.300,10759.550,10665.633,185301,173673,
2018/02/06,10643.00,10663.00,10242.00,10399.00,-529.00,-4.8408,10814.333,10940.200,11038.700,10754.650,10666.475,407473,219830,
2018/02/07,10600.00,10669.00,10510.00,10517.00,118.00,1.1347,10614.667,10824.000,10977.800,10751.867,10668.625,234768,228622,
2018/02/08,10526.00,10595.00,10492.00,10518.00,1.00,0.0095,10478.000,10695.600,10914.200,10749.867,10670.700,174511,235507,
2018/02/09,10203.00,10368.00,10121.00,10353.00,-165.00,-1.5687,10462.667,10543.000,10834.900,10745.467,10670.725,237535,247917,
2018/02/12,10420.00,10438.00,10377.00,10410.00,57.00,0.5506,10427.000,10439.400,10756.300,10740.517,10671.133,132990,237455,
2018/02/21,10630.00,10718.00,10591.00,10705.00,295.00,2.8338,10489.333,10500.600,10720.400,10741.150,10673.267,84324,172825,
2018/02/22,10646.00,10655.00,10593.00,10626.00,-79.00,-0.738,10580.333,10522.400,10673.200,10738.450,10674.425,124192,150710,
2018/02/23,10680.00,10789.00,10676.00,10781.00,155.00,1.4587,10704.000,10575.000,10635.300,10737.683,10676.850,131482,142104,
2018/02/26,10867.00,10868.00,10801.00,10822.00,41.00,0.3803,10743.000,10668.800,10605.900,10737.117,10679.842,100833,114764,
2018/02/27,10890.00,10914.00,10784.00,10791.00,-31.00,-0.2865,10798.000,10745.000,10592.200,10736.033,10682.008,118647,111895,
2018/03/01,10604.00,10778.00,10600.00,10735.00,-56.00,-0.519,10782.667,10751.000,10625.800,10735.783,10683.542,150446,125120,
2018/03/02,10614.00,10696.00,10579.00,10681.00,-54.00,-0.503,10735.667,10762.000,10642.200,10735.333,10684.417,166594,133600,
2018/03/05,10695.00,10741.00,10598.00,10635.00,-46.00,-0.4307,10683.667,10732.800,10653.900,10733.767,10685.108,172783,141860,
2018/03/06,10730.00,10789.00,10712.00,10787.00,152.00,1.4292,10701.000,10725.800,10697.300,10737.317,10686.817,142349,150163,
2018/03/07,10712.00,10817.00,10700.00,10712.00,-75.00,-0.6953,10711.333,10710.000,10727.500,10739.117,10688.425,158950,158224,
2018/03/08,10778.00,10847.00,10767.00,10829.00,117.00,1.0922,10776.000,10728.800,10739.900,10742.117,10691.250,119597,152054,
2018/03/09,10906.00,10910.00,10827.00,10865.00,36.00,0.3324,10802.000,10765.600,10763.800,10746.983,10693.825,127823,144300,
2018/03/12,10965.00,11025.00,10948.00,11024.00,159.00,1.4634,10906.000,10843.400,10788.100,10757.617,10697.650,121675,134078,
2018/03/13,11028.00,11103.00,11013.00,11100.00,76.00,0.6894,10996.333,10906.000,10815.900,10769.950,10701.900,108725,127354,
2018/03/14,11048.00,11066.00,11003.00,11031.00,-69.00,-0.6216,11051.667,10969.800,10839.900,10780.517,10706.150,126685,120901,
2018/03/15,10994.00,11068.00,10985.00,11041.00,10.00,0.0907,11057.333,11012.200,10870.500,10789.883,10710.417,108764,118734,
2018/03/16,11038.00,11043.00,10923.00,11018.00,-23.00,-0.2083,11030.000,11042.800,10904.200,10799.650,10714.183,182422,129654,
2018/03/19,10975.00,11054.00,10959.00,11028.00,10.00,0.0908,11029.000,11043.600,10943.500,10809.300,10717.450,123878,130094,
2018/03/20,10973.00,11025.00,10957.00,11012.00,-16.00,-0.1451,11019.333,11026.000,10966.000,10817.367,10721.050,100930,128535,
2018/03/21,11030.00,11073.00,11011.00,11044.00,32.00,0.2906,11028.000,11028.600,10999.200,10826.683,10725.500,77982,118795,
2018/03/22,11036.00,11122.00,10961.00,10989.00,-55.00,-0.498,11015.000,11018.200,11015.200,10834.800,10728.950,192202,135482,
2018/03/23,10730.00,10816.00,10718.00,10734.00,-255.00,-2.3205,10922.333,10961.400,11002.100,10839.383,10731.458,178525,134703,
2018/03/26,10693.00,10847.00,10682.00,10840.00,106.00,0.9875,10854.333,10923.800,10983.700,10845.100,10735.683,147841,139496,
2018/03/27,10948.00,10991.00,10906.00,10989.00,149.00,1.3745,10854.333,10919.200,10972.600,10853.300,10741.725,131410,145592,
2018/03/28,10879.00,10910.00,10809.00,10820.00,-169.00,-1.5379,10883.000,10874.400,10951.500,10858.050,10745.900,155278,161051,
2018/03/29,10830.00,10859.00,10773.00,10840.00,20.00,0.1848,10883.000,10844.600,10931.400,10863.283,10750.408,149208,152452,
2018/03/30,10921.00,10974.00,10904.00,10919.00,79.00,0.7288,10859.667,10881.600,10921.500,10871.667,10755.392,111915,139130,
2018/03/31,10947.00,10949.00,10912.00,10926.00,7.00,0.0641,10895.000,10898.800,10911.300,10879.167,10759.942,24160,114394,
2018/04/02,10920.00,10958.00,10843.00,10865.00,-61.00,-0.5583,10903.333,10874.000,10896.600,10884.217,10763.408,137892,115690,
2018/04/03,10774.00,10807.00,10738.00,10784.00,-81.00,-0.7455,10858.333,10866.800,10870.600,10886.683,10766.092,133944,111423,
2018/04/09,10838.00,10911.00,10813.00,10904.00,120.00,1.1128,10851.000,10879.600,10862.100,10889.933,10769.417,155895,112761,
2018/04/10,10874.00,10993.00,10852.00,10949.00,45.00,0.4127,10879.000,10885.600,10883.600,10892.600,10772.958,172300,124838,
2018/04/11,10959.00,11007.00,10948.00,10979.00,30.00,0.274,10944.000,10896.200,10897.500,10894.967,10775.842,118375,143681,
2018/04/12,10993.00,11024.00,10905.00,10943.00,-36.00,-0.3279,10957.000,10911.800,10892.900,10896.400,10777.892,144871,145077,
2018/04/13,10966.00,10988.00,10920.00,10955.00,12.00,0.1097,10959.000,10946.000,10906.400,10897.550,10779.925,109150,140118,
2018/04/16,10975.00,10976.00,10908.00,10943.00,-12.00,-0.1095,10947.000,10953.800,10916.700,10898.583,10781.475,116688,132276,
2018/04/17,10958.00,10963.00,10802.00,10806.00,-137.00,-1.2519,10901.333,10925.200,10905.400,10898.533,10782.158,140945,126005,
2018/04/18,10849.00,10909.00,10789.00,10845.00,39.00,0.3609,10864.667,10898.400,10897.300,10899.267,10783.142,104645,123259,
2018/04/19,10856.00,10975.00,10852.00,10969.00,124.00,1.1434,10873.333,10903.600,10907.700,10900.817,10784.875,146730,123631,
2018/04/20,10869.00,10870.00,10776.00,10788.00,-181.00,-1.6501,10867.333,10870.200,10908.100,10898.033,10785.342,168330,135467,
2018/04/23,10731.00,10767.00,10687.00,10694.00,-94.00,-0.8713,10817.000,10820.400,10887.100,10893.217,10784.992,143144,140758,
2018/04/24,10692.00,10694.00,10547.00,10583.00,-111.00,-1.038,10688.333,10775.800,10850.500,10885.933,10783.650,185922,149754,
2018/04/25,10487.00,10558.00,10468.00,10535.00,-48.00,-0.4536,10604.000,10713.800,10806.100,10877.283,10781.950,167247,162274,
2018/04/26,10601.00,10621.00,10470.00,10476.00,-59.00,-0.56,10531.333,10615.200,10759.400,10866.233,10779.850,173497,167628,
2018/04/27,10561.00,10565.00,10483.00,10561.00,85.00,0.8114,10524.000,10569.800,10720.000,10855.217,10778.608,138887,161739,
2018/04/30,10593.00,10655.00,10537.00,10655.00,94.00,0.8901,10564.000,10562.000,10691.200,10845.717,10777.833,132816,159673,
2018/05/02,10631.00,10670.00,10597.00,10609.00,-46.00,-0.4317,10608.333,10567.200,10671.500,10837.100,10776.383,119118,146313,
2018/05/03,10560.00,10575.00,10488.00,10506.00,-103.00,-0.9709,10590.000,10561.400,10637.600,10826.300,10773.858,145420,141947,
2018/05/04,10506.00,10544.00,10468.00,10523.00,17.00,0.1618,10546.000,10570.800,10593.000,10815.917,10771.708,146156,136479,
2018/05/07,10599.00,10615.00,10529.00,10595.00,72.00,0.6842,10541.333,10577.600,10573.700,10805.900,10770.100,139311,136564,
2018/05/08,10597.00,10672.00,10580.00,10669.00,74.00,0.6984,10595.667,10580.400,10571.200,10799.317,10769.250,120418,134084,
2018/05/09,10685.00,10731.00,10666.00,10704.00,35.00,0.3281,10656.000,10599.400,10583.300,10792.750,10768.242,138089,137878,
2018/05/10,10732.00,10771.00,10723.00,10763.00,59.00,0.5512,10712.000,10650.800,10606.100,10786.133,10767.900,115946,131984,
2018/05/11,10819.00,10865.00,10806.00,10861.00,98.00,0.9105,10776.000,10718.400,10644.600,10781.883,10769.050,119772,126707,
2018/05/14,10926.00,10968.00,10891.00,10958.00,97.00,0.8931,10860.667,10791.000,10684.300,10782.383,10770.967,112558,121356,
2018/05/15,10946.00,10961.00,10857.00,10869.00,-89.00,-0.8122,10896.000,10831.000,10705.700,10790.217,10772.433,116573,120587,
2018/05/16,10845.00,10907.00,10839.00,10872.00,3.00,0.0276,10899.667,10864.600,10732.000,10796.133,10774.000,86049,110179,
2018/05/17,10920.00,10928.00,10823.00,10826.00,-46.00,-0.4231,10855.667,10877.200,10764.000,10801.267,10775.567,125652,112120,
2018/05/18,10834.00,10873.00,10805.00,10820.00,-6.00,-0.0554,10839.333,10869.000,10793.700,10809.050,10777.258,109276,110021,
2018/05/21,10865.00,10966.00,10863.00,10965.00,145.00,1.3401,10870.333,10870.400,10830.700,10818.300,10779.408,101155,107741,
2018/05/22,10969.00,10999.00,10913.00,10922.00,-43.00,-0.3922,10902.333,10881.000,10856.000,10821.917,10781.533,114528,107332,
2018/05/23,10933.00,10998.00,10855.00,10858.00,-64.00,-0.586,10915.000,10878.200,10871.400,10825.783,10782.117,137646,117651,
2018/05/24,10879.00,10923.00,10851.00,10917.00,59.00,0.5434,10899.000,10896.400,10886.800,10828.050,10782.867,113071,115135,
2018/05/25,10921.00,10956.00,10890.00,10932.00,15.00,0.1374,10902.333,10918.800,10893.900,10829.883,10783.500,107199,114719,
2018/05/28,10979.00,10989.00,10937.00,10983.00,51.00,0.4665,10944.000,10922.400,10896.400,10833.083,10784.558,93146,113118,
2018/05/29,10979.00,10982.00,10896.00,10928.00,-55.00,-0.5008,10947.667,10923.600,10902.300,10836.300,10786.042,118924,113997,
2018/05/30,10833.00,10848.00,10761.00,10775.00,-153.00,-1.4001,10895.333,10907.000,10892.600,10837.867,10786.600,151456,116759,
2018/05/31,10836.00,10870.00,10821.00,10867.00,92.00,0.8538,10856.667,10897.000,10896.700,10841.733,10787.750,124620,119069,
2018/06/01,10854.00,10925.00,10844.00,10915.00,48.00,0.4417,10852.333,10893.600,10906.200,10843.867,10790.592,111927,120014,
2018/06/04,10976.00,11095.00,10976.00,11085.00,170.00,1.5575,10955.667,10914.000,10918.200,10850.083,10794.600,108953,123176,
2018/06/05,11101.00,11118.00,11035.00,11069.00,-16.00,-0.1443,11023.000,10942.200,10932.900,10854.083,10798.100,119500,123291,
2018/06/06,11095.00,11210.00,11088.00,11200.00,131.00,1.1835,11118.000,11027.200,10967.100,10859.667,10803.325,131780,119356,
2018/06/07,11245.00,11253.00,11174.00,11227.00,27.00,0.2411,11165.333,11099.200,10998.100,10863.050,10810.333,127192,119870,
2018/06/08,11205.00,11215.00,11103.00,11125.00,-102.00,-0.9085,11184.000,11141.200,11017.400,10863.467,10816.708,122468,121978,
2018/06/11,11151.00,11173.00,11098.00,11128.00,3.00,0.027,11160.000,11149.800,11031.900,10865.083,10822.800,104144,121016,
2018/06/12,11148.00,11152.00,11054.00,11141.00,13.00,0.1168,11131.333,11164.200,11053.200,10866.750,10828.317,159260,128968,
2018/06/13,11152.00,11169.00,11095.00,11146.00,5.00,0.0449,11138.333,11153.400,11090.300,10868.883,10834.267,113977,125408,
2018/06/14,11101.00,11106.00,10984.00,10985.00,-161.00,-1.4445,11090.667,11105.000,11102.100,10868.167,10838.733,137380,127445,
2018/06/15,11001.00,11075.00,10961.00,11055.00,70.00,0.6372,11062.000,11091.000,11116.100,10868.883,10843.125,129640,128880,
2018/06/19,10943.00,10958.00,10871.00,10874.00,-181.00,-1.6373,10971.333,11040.200,11095.000,10866.050,10846.367,135892,135229,
2018/06/20,10904.00,10951.00,10850.00,10936.00,62.00,0.5702,10955.000,10999.200,11081.700,10865.167,10849.983,106512,124680,
2018/06/21,10725.00,10745.00,10688.00,10706.00,-230.00,-2.1031,10838.667,10911.200,11032.300,10864.700,10852.042,130209,127926,
2018/06/22,10630.00,10685.00,10581.00,10655.00,-51.00,-0.4764,10765.667,10845.200,10975.100,10861.617,10853.358,139744,128399,
2018/06/25,10624.00,10660.00,10583.00,10584.00,-71.00,-0.6664,10648.333,10751.000,10921.000,10854.867,10854.083,122273,126926,
2018/06/26,10550.00,10596.00,10484.00,10592.00,8.00,0.0756,10610.333,10694.600,10867.400,10851.067,10854.558,167379,133223,
2018/06/27,10585.00,10625.00,10538.00,10554.00,-38.00,-0.3588,10576.667,10618.200,10808.700,10846.300,10854.792,134419,138804,
2018/06/28,10513.00,10578.00,10484.00,10523.00,-31.00,-0.2937,10556.333,10581.600,10746.400,10839.700,10855.683,150236,142810,
2018/06/29,10541.00,10692.00,10526.00,10677.00,154.00,1.4635,10584.667,10586.000,10715.600,10835.550,10857.358,155619,145985,
2018/07/02,10680.00,10719.00,10609.00,10611.00,-66.00,-0.6182,10603.667,10591.400,10671.200,10831.317,10857.767,141722,149875,
2018/07/03,10651.00,10717.00,10544.00,10622.00,11.00,0.1037,10636.667,10597.400,10646.000,10828.617,10857.650,221105,160620,
2018/07/04,10598.00,10639.00,10584.00,10618.00,-4.00,-0.0377,10617.000,10610.200,10614.200,10823.850,10856.892,130993,159935,
2018/07/05,10625.00,10633.00,10488.00,10500.00,-118.00,-1.1113,10580.000,10605.600,10593.600,10816.367,10854.483,191743,168236,
2018/07/06,10535.00,10556.00,10414.00,10539.00,39.00,0.3714,10552.333,10578.000,10582.000,10809.033,10852.000,218759,180864,
2018/07/09,10583.00,10676.00,10582.00,10661.00,122.00,1.1576,10566.667,10588.000,10589.700,10804.333,10850.367,146543,181828,
2018/07/10,10733.00,10744.00,10680.00,10709.00,48.00,0.4502,10636.333,10605.400,10601.400,10800.233,10848.892,122141,162035,
2018/07/11,10608.00,10656.00,10574.00,10617.00,-92.00,-0.8591,10662.333,10605.200,10607.700,10794.800,10846.692,177708,171378,
2018/07/12,10640.00,10750.00,10609.00,10740.00,123.00,1.1585,10688.667,10653.200,10629.400,10793.700,10846.117,145992,162228,
2018/07/13,10808.00,10850.00,10768.00,10848.00,108.00,1.0056,10735.000,10715.000,10646.500,10793.750,10846.508,127089,143894,
2018/07/16,10854.00,10874.00,10807.00,10815.00,-33.00,-0.3042,10801.000,10745.800,10666.900,10791.183,10846.000,115043,137594,
2018/07/17,10809.00,10819.00,10756.00,10768.00,-47.00,-0.4346,10810.333,10757.600,10681.500,10790.850,10844.442,123089,137784,
2018/07/18,10829.00,10872.00,10791.00,10844.00,76.00,0.7058,10809.000,10803.000,10704.100,10793.350,10843.283,87678,119778,
2018/07/19,10756.00,10792.00,10708.00,10721.00,-123.00,-1.1343,10777.667,10799.200,10726.200,10795.650,10840.792,142214,119022,
2018/07/20,10774.00,10847.00,10765.00,10824.00,103.00,0.9607,10796.333,10794.400,10754.700,10800.467,10838.875,191663,131937,
2018/07/23,10846.00,10864.00,10794.00,10830.00,6.00,0.0554,10791.667,10797.400,10771.600,10806.367,10836.300,142475,137423,
2018/07/24,10841.00,10880.00,10802.00,10871.00,41.00,0.3786,10841.667,10818.000,10787.800,10811.533,10833.375,115303,135866,
2018/07/25,10860.00,10892.00,10851.00,10865.00,-6.00,-0.0552,10855.333,10822.200,10812.600,10815.033,10830.375,96247,137580,
2018/07/26,10909.00,10926.00,10873.00,10915.00,50.00,0.4602,10883.667,10861.000,10830.100,10820.133,10828.617,117116,132560,
2018/07/27,10928.00,10995.00,10918.00,10992.00,77.00,0.7055,10924.000,10894.600,10844.500,10828.233,10827.267,111648,116557,
2018/07/30,10970.00,11007.00,10937.00,10940.00,-52.00,-0.4731,10949.000,10916.600,10857.000,10835.183,10825.550,115985,111259,
2018/07/31,10931.00,10997.00,10913.00,10989.00,49.00,0.4479,10973.667,10940.200,10879.100,10841.750,10823.825,116618,111522,
2018/08/01,11034.00,11057.00,11010.00,11047.00,58.00,0.5278,10992.000,10976.600,10899.400,10848.050,10823.683,96025,111478,
2018/08/02,11048.00,11048.00,10862.00,10871.00,-176.00,-1.5932,10969.000,10967.800,10914.400,10850.833,10821.792,168805,121816,
2018/08/03,10934.00,10977.00,10928.00,10970.00,99.00,0.9107,10962.667,10963.400,10929.000,10854.283,10820.208,107878,121062,
2018/08/06,10990.00,11036.00,10956.00,10982.00,12.00,0.1094,10941.000,10971.800,10944.200,10856.300,10819.092,133563,124577,
2018/08/07,10986.00,11003.00,10951.00,10968.00,-14.00,-0.1275,10973.333,10967.600,10953.900,10856.467,10819.425,103882,122030,
2018/08/08,11000.00,11070.00,10997.00,11049.00,81.00,0.7385,10999.667,10968.000,10972.300,10859.467,10824.842,115627,125951,
2018/08/09,11031.00,11038.00,10969.00,11017.00,-32.00,-0.2896,11011.333,10997.200,10982.500,10861.883,10829.008,117175,115625,
2018/08/10,10970.00,11022.00,10953.00,10959.00,-58.00,-0.5265,11008.333,10995.000,10979.200,10864.100,10832.683,117058,117461,
2018/08/13,10909.00,10912.00,10692.00,10757.00,-202.00,-1.8432,10911.000,10950.000,10960.900,10863.050,10836.050,204440,131636,
2018/08/14,10791.00,10831.00,10756.00,10820.00,63.00,0.5857,10845.333,10920.400,10944.000,10860.633,10839.467,121853,135230,
2018/08/15,10835.00,10841.00,10696.00,10737.00,-83.00,-0.7671,10771.333,10858.000,10913.000,10857.550,10839.733,110318,134168,
2018/08/16,10610.00,10724.00,10591.00,10690.00,-47.00,-0.4377,10749.000,10792.600,10894.900,10854.750,10840.267,160423,142818,
2018/08/17,10723.00,10732.00,10647.00,10662.00,-28.00,-0.2619,10696.333,10733.200,10864.100,10850.500,10839.275,118808,143168,
2018/08/20,10687.00,10715.00,10652.00,10671.00,9.00,0.0844,10674.333,10716.000,10833.000,10846.150,10838.017,120117,126303,
2018/08/21,10698.00,10774.00,10682.00,10767.00,96.00,0.8996,10700.000,10705.400,10812.900,10842.550,10837.817,125902,127113,
2018/08/22,10752.00,10795.00,10733.00,10764.00,-3.00,-0.0279,10734.000,10710.800,10784.400,10839.817,10838.058,124040,129858,
2018/08/23,10795.00,10845.00,10758.00,10842.00,78.00,0.7246,10791.000,10741.200,10766.900,10840.933,10839.400,150099,127793,
2018/08/24,10811.00,10830.00,10728.00,10788.00,-54.00,-0.4981,10798.000,10766.400,10749.800,10839.617,10840.675,143636,132758,
2018/08/27,10831.00,10892.00,10820.00,10886.00,98.00,0.9084,10838.667,10809.400,10762.700,10839.133,10841.500,127625,134260,
2018/08/28,10945.00,10980.00,10935.00,10954.00,68.00,0.6247,10876.000,10846.800,10776.100,10836.950,10843.517,111679,131415,
2018/08/29,10977.00,11049.00,10968.00,11044.00,90.00,0.8216,10961.333,10902.800,10806.800,10836.533,10845.308,130757,132759,
2018/08/30,11088.00,11135.00,11019.00,11023.00,-21.00,-0.1901,11007.000,10939.000,10840.100,10833.583,10846.625,160036,134746,
2018/08/31,10975.00,11024.00,10953.00,11022.00,-1.00,-0.0091,11029.667,10985.800,10876.100,10830.167,10846.608,136127,133244,
2018/09/03,11013.00,11045.00,10919.00,10935.00,-87.00,-0.7893,10993.333,10995.600,10902.500,10827.000,10845.233,141932,136106,
2018/09/04,10963.00,11004.00,10935.00,11002.00,67.00,0.6127,10986.333,11005.200,10926.000,10824.900,10844.992,129968,139764,
2018/09/05,10973.00,11021.00,10948.00,10950.00,-52.00,-0.4726,10962.333,10986.400,10944.600,10821.717,10844.233,150986,143809,
2018/09/06,10920.00,10950.00,10865.00,10901.00,-49.00,-0.4475,10951.000,10962.000,10950.500,10817.633,10843.258,165385,144879,
2018/09/07,10864.00,10892.00,10803.00,10845.00,-56.00,-0.5137,10898.667,10926.600,10956.200,10815.300,10841.733,177333,153120,
2018/09/10,10865.00,10880.00,10708.00,10734.00,-111.00,-1.0235,10826.667,10886.400,10941.000,10809.950,10839.417,198576,164449,
2018/09/11,10758.00,10767.00,10682.00,10740.00,6.00,0.0559,10773.000,10834.000,10919.600,10807.717,10836.883,169832,172422,
2018/09/12,10762.00,10772.00,10687.00,10726.00,-14.00,-0.1304,10733.333,10789.200,10887.800,10804.217,10834.692,161683,174561,
2018/09/13,10740.00,10779.00,10709.00,10717.00,-9.00,-0.0839,10727.667,10752.400,10857.200,10804.400,10834.550,139580,169400,
2018/09/14,10784.00,10887.00,10771.00,10881.00,164.00,1.5303,10774.667,10759.600,10843.100,10808.167,10834.892,162818,166497,
2018/09/17,10857.00,10868.00,10810.00,10823.00,-58.00,-0.533,10807.000,10777.400,10831.900,10812.150,10833.508,112329,149248,
2018/09/18,10787.00,10818.00,10761.00,10781.00,-42.00,-0.3881,10828.333,10785.600,10809.800,10815.300,10833.183,131237,141529,
2018/09/19,10836.00,10875.00,10819.00,10873.00,92.00,0.8534,10825.667,10815.000,10802.100,10820.617,10833.458,69197,123032,
2018/09/20,10910.00,10922.00,10824.00,10848.00,-25.00,-0.2299,10834.000,10841.200,10796.800,10826.033,10832.867,147052,124526,
2018/09/21,10905.00,10976.00,10854.00,10974.00,126.00,1.1615,10898.333,10859.800,10809.700,10830.983,10833.267,160945,124152,
2018/09/25,10960.00,10996.00,10935.00,10981.00,7.00,0.0638,10934.333,10891.400,10834.400,10837.150,10834.233,98858,121457,
2018/09/26,10963.00,10991.00,10949.00,10972.00,-9.00,-0.082,10975.667,10929.600,10857.600,10842.983,10835.800,107633,116737,
2018/09/27,10955.00,11011.00,10936.00,10982.00,10.00,0.0911,10978.333,10951.400,10883.200,10849.050,10836.450,136779,130253,
2018/09/28,11011.00,11039.00,10921.00,10955.00,-27.00,-0.2459,10969.667,10972.800,10907.000,10856.633,10836.500,162429,133328,
2018/10/01,10968.00,11018.00,10966.00,11006.00,51.00,0.4655,10981.000,10979.200,10919.500,10864.417,10836.725,89417,119023,
2018/10/02,11006.00,11011.00,10873.00,10879.00,-127.00,-1.1539,10946.667,10958.800,10925.100,10868.050,10836.192,155921,130435,
2018/10/03,10880.00,10914.00,10845.00,10856.00,-23.00,-0.2114,10913.667,10935.600,10932.600,10870.500,10835.367,135463,136001,
2018/10/04,10823.00,10830.00,10688.00,10694.00,-162.00,-1.4923,10809.667,10878.000,10914.700,10871.783,10833.292,159905,140627,
2018/10/05,10658.00,10673.00,10431.00,10506.00,-188.00,-1.758,10685.333,10788.200,10880.500,10867.883,10830.792,255983,159337,
2018/10/08,10470.00,10530.00,10416.00,10461.00,-45.00,-0.4283,10553.667,10679.200,10829.200,10861.433,10827.592,174745,176403,
2018/10/09,10491.00,10508.00,10447.00,10460.00,-1.00,-0.0096,10475.667,10595.400,10777.100,10855.517,10823.350,152939,175807,
2018/10/11,10026.00,10080.00,9630.00,9642.00,-818.00,-7.8203,10187.667,10352.600,10644.100,10836.750,10813.800,345750,217864,
2018/10/12,9736.00,10021.00,9683.00,9948.00,306.00,3.1736,10016.667,10203.400,10540.700,10821.817,10807.583,241580,234199,
2018/10/15,9899.00,9927.00,9854.00,9860.00,-88.00,-0.8846,9816.667,10074.200,10431.200,10807.467,10801.558,149756,212954,
2018/10/16,9885.00,9992.00,9868.00,9951.00,91.00,0.9229,9919.667,9972.200,10325.700,10792.917,10796.692,170490,212103,
2018/10/17,10082.00,10114.00,9987.00,9993.00,42.00,0.4221,9934.667,9878.800,10237.100,10778.967,10792.667,103651,202245,
2018/10/18,9923.00,9986.00,9878.00,9884.00,-109.00,-1.0908,9942.667,9927.200,10139.900,10762.517,10787.025,150984,163292,
2018/10/19,9753.00,9914.00,9747.00,9905.00,21.00,0.2125,9927.333,9918.600,10061.000,10746.517,10780.775,179391,150854,
2018/10/22,9813.00,9972.00,9761.00,9935.00,30.00,0.3029,9908.000,9933.600,10003.900,10730.183,10775.158,177131,156329,
2018/10/23,9825.00,9849.00,9723.00,9728.00,-207.00,-2.0835,9856.000,9889.000,9930.600,10709.117,10768.675,185927,159416,
2018/10/24,9753.00,9791.00,9623.00,9715.00,-13.00,-0.1336,9792.667,9833.400,9856.100,10688.700,10761.942,221427,182972,
2018/10/25,9423.00,9557.00,9414.00,9486.00,-229.00,-2.3572,9643.000,9753.800,9840.500,10663.650,10752.700,205304,193836,
2018/10/26,9547.00,9573.00,9339.00,9424.00,-62.00,-0.6536,9541.667,9657.600,9788.100,10636.600,10742.325,241323,206222,
2018/10/29,9527.00,9539.00,9428.00,9473.00,49.00,0.5199,9461.000,9565.200,9749.400,10613.300,10732.067,158853,202566,
2018/10/30,9465.00,9564.00,9463.00,9524.00,51.00,0.5384,9473.667,9524.400,9706.700,10589.200,10721.742,169437,199268,
2018/10/31,9595.00,9748.00,9590.00,9724.00,200.00,2.10,9573.667,9526.200,9679.800,10568.233,10712.267,164864,187956,
2018/11/01,9750.00,9827.00,9705.00,9787.00,63.00,0.6479,9678.333,9586.400,9670.100,10548.550,10702.508,139542,174803,
2018/11/02,9868.00,9884.00,9791.00,9874.00,87.00,0.8889,9795.000,9676.400,9667.000,10528.967,10694.217,153387,157216,
2018/11/05,9803.00,9824.00,9741.00,9817.00,-57.00,-0.5773,9826.000,9745.200,9655.200,10508.967,10685.425,145772,154600,
2018/11/06,9849.00,9867.00,9746.00,9774.00,-43.00,-0.438,9821.667,9795.200,9659.800,10489.217,10676.658,122386,145190,
2018/11/07,9785.00,9890.00,9780.00,9848.00,74.00,0.7571,9813.000,9820.000,9673.100,10474.067,10668.558,154753,143168,
2018/11/08,9980.00,10000.00,9906.00,9924.00,76.00,0.7717,9848.667,9847.400,9716.900,10459.133,10659.883,115495,138358,
2018/11/09,9897.00,9899.00,9754.00,9789.00,-135.00,-1.3603,9853.667,9830.400,9753.400,10443.333,10650.442,138794,135440,
2018/11/12,9750.00,9864.00,9741.00,9812.00,23.00,0.235,9841.667,9829.400,9787.300,10428.700,10641.725,115032,129292,
2018/11/13,9600.00,9758.00,9528.00,9728.00,-84.00,-0.8561,9776.333,9820.200,9807.700,10413.133,10631.817,169997,138814,
2018/11/14,9768.00,9798.00,9731.00,9769.00,41.00,0.4215,9769.667,9804.400,9812.200,10398.100,10622.125,110901,130043,
2018/11/15,9790.00,9837.00,9708.00,9827.00,58.00,0.5937,9774.667,9785.000,9816.200,10382.433,10612.492,151147,137174,
2018/11/16,9877.00,9903.00,9756.00,9783.00,-44.00,-0.4477,9793.000,9783.800,9807.100,10366.083,10602.950,138820,137179,
2018/11/19,9802.00,9838.00,9778.00,9819.00,36.00,0.368,9809.667,9785.200,9807.300,10349.033,10594.983,88373,131847,
2018/11/20,9755.00,9808.00,9703.00,9732.00,-87.00,-0.886,9778.000,9786.000,9803.100,10331.433,10585.525,121166,122081,
2018/11/21,9661.00,9760.00,9624.00,9743.00,11.00,0.113,9764.667,9780.800,9792.600,10312.383,10575.758,73424,114586,
2018/11/22,9766.00,9769.00,9700.00,9714.00,-29.00,-0.2976,9729.667,9758.200,9771.600,10291.717,10564.333,91041,102564,
2018/11/23,9715.00,9733.00,9613.00,9620.00,-94.00,-0.9677,9692.333,9725.600,9754.700,10267.983,10552.258,113544,97509,
2018/11/26,9668.00,9850.00,9656.00,9768.00,148.00,1.5385,9700.667,9715.400,9750.300,10247.067,10540.325,147456,109326,
2018/11/27,9727.00,9755.00,9644.00,9741.00,-27.00,-0.2764,9709.667,9717.200,9751.600,10225.717,10527.942,133622,111817,
2018/11/28,9780.00,9880.00,9732.00,9870.00,129.00,1.3243,9793.000,9742.600,9761.700,10207.967,10517.483,147693,126671,
2018/11/29,9984.00,9989.00,9861.00,9877.00,7.00,0.0709,9829.333,9775.200,9766.700,10189.217,10507.058,130827,134628,
2018/11/30,9900.00,9935.00,9847.00,9853.00,-24.00,-0.243,9866.667,9821.800,9773.700,10170.933,10496.325,121312,136182,
2018/12/03,10012.00,10156.00,9996.00,10122.00,269.00,2.7301,9950.667,9892.600,9804.000,10157.950,10487.792,134887,133668,
2018/12/04,10080.00,10094.00,10033.00,10042.00,-80.00,-0.7904,10005.667,9952.800,9835.000,10144.567,10479.933,104801,127904,
2018/12/05,9900.00,9946.00,9863.00,9878.00,-164.00,-1.6331,10014.000,9954.400,9848.500,10130.300,10470.125,129637,124292,
2018/12/06,9813.00,9814.00,9626.00,9674.00,-204.00,-2.0652,9864.667,9913.800,9844.500,10112.533,10460.125,164677,131062,
2018/12/07,9735.00,9763.00,9689.00,9746.00,72.00,0.7443,9766.000,9892.400,9857.100,10096.200,10450.208,105182,127836,
2018/12/10,9565.00,9680.00,9560.00,9626.00,-120.00,-1.2313,9682.000,9793.200,9842.900,10078.017,10441.208,115904,124040,
2018/12/11,9654.00,9698.00,9625.00,9687.00,61.00,0.6337,9686.333,9722.200,9837.500,10058.117,10433.142,113669,125813,
2018/12/12,9759.00,9827.00,9725.00,9818.00,131.00,1.3523,9710.333,9710.200,9832.300,10041.367,10426.758,131769,126240,
2018/12/13,9831.00,9872.00,9790.00,9856.00,38.00,0.387,9787.000,9746.600,9830.200,10025.950,10420.625,106106,114526,
2018/12/14,9805.00,9809.00,9676.00,9730.00,-126.00,-1.2784,9801.333,9743.400,9817.900,10006.900,10413.758,139345,121358,
2018/12/17,9753.00,9826.00,9722.00,9790.00,60.00,0.6166,9792.000,9776.200,9784.700,9989.267,10407.650,107257,119629,
2018/12/18,9718.00,9755.00,9688.00,9718.00,-72.00,-0.7354,9746.000,9782.400,9752.300,9968.333,10399.658,116371,120169,
2018/12/19,9758.00,9778.00,9728.00,9768.00,50.00,0.5145,9758.667,9772.400,9741.300,9948.117,10392.633,51131,104042,
2018/12/20,9638.00,9709.00,9610.00,9641.00,-127.00,-1.3002,9709.000,9729.400,9738.000,9925.933,10384.458,141720,111164,
2018/12/21,9624.00,9668.00,9556.00,9660.00,19.00,0.1971,9689.667,9715.400,9729.400,9903.900,10376.475,122128,107721,
2018/12/22,9580.00,9615.00,9575.00,9585.00,-75.00,-0.7764,9628.667,9674.400,9725.300,9881.067,10368.850,23773,91024,
2018/12/24,9603.00,9627.00,9587.00,9620.00,35.00,0.3652,9621.667,9654.800,9718.600,9857.967,10361.192,89050,85560,
2018/12/25,9480.00,9487.00,9410.00,9477.00,-143.00,-1.4865,9560.667,9596.600,9684.500,9834.600,10351.325,99779,95290,
2018/12/26,9523.00,9555.00,9438.00,9459.00,-18.00,-0.1899,9518.667,9560.200,9644.800,9811.317,10340.908,116619,90269,
2018/12/27,9589.00,9655.00,9566.00,9633.00,174.00,1.8395,9523.000,9554.800,9635.100,9793.633,10332.708,124095,90663,
2018/12/28,9630.00,9680.00,9622.00,9671.00,38.00,0.3945,9587.667,9572.000,9623.200,9779.717,10323.800,92807,104470,
2019/01/02,9760.00,9762.00,9506.00,9536.00,-135.00,-1.3959,9613.333,9555.200,9605.000,9764.300,10312.867,165919,119843,
2019/01/03,9488.00,9547.00,9433.00,9440.00,-96.00,-1.0067,9549.000,9547.800,9572.200,9747.300,10301.408,130686,126025,
2019/01/04,9367.00,9410.00,9305.00,9367.00,-73.00,-0.7733,9447.667,9529.400,9544.800,9742.717,10289.733,168604,136422,
2019/01/07,9541.00,9588.00,9490.00,9563.00,196.00,2.0925,9456.667,9515.400,9535.100,9736.300,10279.058,144918,140586,
2019/01/08,9600.00,9611.00,9532.00,9561.00,-2.00,-0.0209,9497.000,9493.400,9532.700,9731.317,10269.392,120571,146139,
2019/01/09,9608.00,9755.00,9602.00,9708.00,147.00,1.5375,9610.667,9527.800,9541.500,9727.267,10260.092,160579,145071,
2019/01/10,9710.00,9713.00,9673.00,9694.00,-14.00,-0.1442,9654.333,9578.600,9563.200,9722.283,10250.625,95996,138133,
2019/01/11,9760.00,9803.00,9724.00,9750.00,56.00,0.5777,9717.333,9655.200,9592.300,9720.050,10241.283,131199,130652,
2019/01/14,9738.00,9756.00,9660.00,9691.00,-59.00,-0.6051,9711.667,9680.800,9598.100,9716.483,10231.500,111772,124023,
2019/01/15,9743.00,9817.00,9715.00,9793.00,102.00,1.0525,9744.667,9727.200,9610.300,9714.117,10222.150,132371,126383,
2019/01/16,9781.00,9804.00,9755.00,9784.00,-9.00,-0.0919,9756.000,9742.400,9635.100,9715.050,10212.083,57162,105700,
2019/01/17,9777.00,9834.00,9721.00,9779.00,-5.00,-0.0511,9785.333,9759.400,9669.000,9716.117,10202.408,142681,115037,
2019/01/18,9825.00,9846.00,9770.00,9820.00,41.00,0.4193,9794.333,9773.400,9714.300,9721.683,10192.667,115258,111848,
2019/01/21,9885.00,9919.00,9856.00,9866.00,46.00,0.4684,9821.667,9808.400,9744.600,9729.050,10182.825,119813,113457,
2019/01/22,9841.00,9868.00,9822.00,9847.00,-19.00,-0.1926,9844.333,9819.200,9773.200,9735.283,10174.292,93372,105657,
2019/01/23,9830.00,9860.00,9807.00,9818.00,-29.00,-0.2945,9843.667,9826.000,9784.200,9740.183,10164.692,106247,115474,
2019/01/24,9833.00,9884.00,9820.00,9863.00,45.00,0.4583,9842.667,9842.800,9801.100,9742.500,10155.367,104490,107836,
2019/01/25,9928.00,9989.00,9911.00,9968.00,105.00,1.0646,9883.000,9872.400,9822.900,9745.517,10147.033,116391,108062,
2019/01/28,10000.00,10018.00,9975.00,9985.00,17.00,0.1705,9938.667,9896.200,9852.300,9747.367,10138.167,81401,100380,
2019/01/29,9932.00,9936.00,9880.00,9923.00,-62.00,-0.6209,9958.667,9911.400,9865.300,9749.133,10129.050,113689,104443,
2019/01/30,9925.00,9956.00,9896.00,9926.00,3.00,0.0302,9944.667,9933.000,9879.500,9751.667,10120.442,83952,99984,
2019/02/11,10010.00,10067.00,9966.00,9999.00,73.00,0.7354,9949.333,9960.200,9901.500,9754.183,10114.125,101414,99369,
2019/02/12,10049.00,10093.00,10029.00,10084.00,85.00,0.8501,10003.000,9983.400,9927.900,9756.850,10107.992,77940,91679,
2019/02/13,10125.00,10128.00,10055.00,10084.00,0.00,0.00,10055.667,10003.200,9949.700,9761.767,10102.550,96268,94652,
2019/02/14,10044.00,10124.00,10034.00,10080.00,-4.00,-0.0397,10082.667,10034.600,9973.000,9766.233,10097.467,96528,91220,
2019/02/15,10040.00,10116.00,10022.00,10042.00,-38.00,-0.377,10068.667,10057.800,9995.400,9771.467,10092.300,111580,96746,
2019/02/18,10111.00,10161.00,10098.00,10135.00,93.00,0.9261,10085.667,10085.000,10022.600,9777.567,10087.833,96852,95833,
2019/02/19,10123.00,10158.00,10104.00,10142.00,7.00,0.0691,10106.333,10096.600,10040.000,9782.817,10082.625,71591,94563,
2019/02/20,10183.00,10262.00,10177.00,10256.00,114.00,1.124,10177.667,10131.000,10067.100,9790.700,10078.392,68058,88921,
2019/02/21,10255.00,10327.00,10232.00,10324.00,68.00,0.663,10240.667,10179.800,10107.200,9799.117,10074.075,97327,89081,
2019/02/22,10272.00,10312.00,10245.00,10310.00,-14.00,-0.1356,10296.667,10233.400,10145.600,9808.750,10070.092,87939,84353,
2019/02/25,10350.00,10378.00,10324.00,10368.00,58.00,0.5626,10334.000,10280.000,10182.500,9819.167,10065.775,103956,85774,
2019/02/26,10381.00,10394.00,10336.00,10355.00,-13.00,-0.1254,10344.333,10322.600,10209.600,9829.850,10060.783,100522,91560,
2019/02/27,10375.00,10384.00,10325.00,10362.00,7.00,0.0676,10361.667,10343.800,10237.400,9842.217,10055.100,83415,94631,
2019/03/04,10390.00,10400.00,10276.00,10311.00,-51.00,-0.4922,10342.667,10341.200,10260.500,9851.267,10049.167,122683,99703,
2019/03/05,10260.00,10306.00,10248.00,10274.00,-37.00,-0.3588,10315.667,10334.000,10283.700,9860.150,10042.933,97388,101592,
2019/03/06,10283.00,10333.00,10282.00,10322.00,48.00,0.4672,10302.333,10324.800,10302.400,9867.683,10037.825,90566,98914,
2019/03/07,10315.00,10335.00,10260.00,10262.00,-60.00,-0.5813,10286.000,10306.200,10314.400,9874.100,10031.658,95909,97992,
2019/03/08,10230.00,10244.00,10162.00,10200.00,-62.00,-0.6042,10261.333,10273.800,10308.800,9879.883,10025.408,127865,106882,
2019/03/11,10170.00,10234.00,10168.00,10229.00,29.00,0.2843,10230.333,10257.400,10299.300,9881.667,10019.808,78112,97968,
2019/03/12,10301.00,10385.00,10300.00,10348.00,119.00,1.1634,10259.000,10272.200,10303.100,9886.767,10015.667,109094,100309,
2019/03/13,10325.00,10365.00,10305.00,10365.00,17.00,0.1643,10314.000,10280.800,10302.800,9894.883,10012.592,99791,102154,
2019/03/14,10390.00,10392.00,10322.00,10338.00,-27.00,-0.2605,10350.333,10296.000,10301.100,9905.950,10009.242,92014,101375,
2019/03/15,10355.00,10430.00,10347.00,10414.00,76.00,0.7352,10372.333,10338.800,10306.300,9917.083,10006.642,105842,96970,
2019/03/18,10437.00,10487.00,10420.00,10477.00,63.00,0.605,10409.667,10388.400,10322.900,9931.267,10004.642,80996,97547,
2019/03/19,10483.00,10511.00,10461.00,10501.00,24.00,0.2291,10464.000,10419.000,10345.600,9944.833,10001.475,73231,90374,
2019/03/20,10493.00,10549.00,10492.00,10545.00,44.00,0.419,10507.667,10455.000,10367.900,9956.950,9999.158,49292,80275,
2019/03/21,10538.00,10593.00,10532.00,10590.00,45.00,0.4267,10545.333,10505.400,10400.700,9969.183,9997.567,90646,80001,
2019/03/22,10645.00,10659.00,10560.00,10613.00,23.00,0.2172,10582.667,10545.200,10442.000,9983.900,9995.400,107628,80358,
2019/03/25,10478.00,10486.00,10423.00,10438.00,-175.00,-1.6489,10547.000,10537.400,10462.900,9994.700,9991.983,100109,84181,
2019/03/26,10482.00,10538.00,10480.00,10522.00,84.00,0.8048,10524.333,10541.600,10480.300,10008.100,9988.217,87186,86972,
2019/03/27,10506.00,10533.00,10473.00,10520.00,-2.00,-0.019,10493.333,10536.600,10495.800,10020.633,9984.375,88484,94810,
2019/03/28,10450.00,10515.00,10444.00,10493.00,-27.00,-0.2567,10511.667,10517.200,10511.300,10034.833,9980.383,83359,93353,
2019/03/29,10551.00,10600.00,10476.00,10598.00,105.00,1.0007,10537.000,10514.200,10529.700,10050.467,9977.183,128133,97454,
2019/04/01,10679.00,10715.00,10615.00,10638.00,40.00,0.3774,10576.333,10554.200,10545.800,10068.017,9974.542,114428,100318,
2019/04/02,10688.00,10704.00,10668.00,10676.00,38.00,0.3572,10637.333,10585.000,10563.300,10085.617,9971.792,78346,98550,
2019/04/03,10688.00,10728.00,10671.00,10693.00,17.00,0.1592,10669.000,10619.600,10578.100,10105.883,9970.242,92554,99364,
2019/04/08,10779.00,10795.00,10745.00,10770.00,77.00,0.7201,10713.000,10675.000,10596.100,10127.733,9969.525,91782,101048,
2019/04/09,10801.00,10848.00,10782.00,10843.00,73.00,0.6778,10768.667,10724.000,10619.100,10147.900,9970.767,70207,89463,
2019/04/10,10820.00,10869.00,10812.00,10862.00,19.00,0.1752,10825.000,10768.800,10661.500,10167.750,9973.733,69294,80436,
2019/04/11,10868.00,10885.00,10775.00,10806.00,-56.00,-0.5156,10837.000,10794.800,10689.900,10188.917,9976.608,108036,86374,
2019/04/12,10818.00,10831.00,10782.00,10802.00,-4.00,-0.037,10823.333,10816.600,10718.100,10211.617,9979.458,74303,82724,
2019/04/15,10865.00,10895.00,10843.00,10876.00,74.00,0.6851,10828.000,10837.800,10756.400,10236.767,9989.742,72144,78796,
2019/04/16,10870.00,10932.00,10863.00,10931.00,55.00,0.5057,10869.667,10855.400,10789.700,10259.567,9997.933,78811,80517,
2019/04/17,10954.00,11010.00,10948.00,11004.00,73.00,0.6678,10937.000,10883.800,10826.300,10283.617,10007.467,57677,78194,
2019/04/18,11022.00,11039.00,10920.00,10939.00,-65.00,-0.5907,10958.000,10910.400,10852.600,10304.133,10015.700,117374,80061,
2019/04/19,11020.00,11036.00,10954.00,10972.00,33.00,0.3017,10971.667,10944.400,10880.500,10325.433,10023.858,88747,82950,
2019/04/22,11008.00,11030.00,10958.00,10978.00,6.00,0.0547,10963.000,10964.800,10901.300,10345.900,10032.975,77372,83996,
2019/04/23,10988.00,11024.00,10934.00,11024.00,46.00,0.419,10991.333,10983.400,10919.400,10368.117,10042.300,103721,88978,
2019/04/24,11050.00,11057.00,10970.00,11009.00,-15.00,-0.1361,11003.667,10984.400,10934.100,10388.383,10051.250,108062,99055,
2019/04/25,10990.00,11041.00,10977.00,11031.00,22.00,0.1998,11021.333,11002.800,10956.600,10409.167,10062.108,84333,92447,
2019/04/26,10962.00,10972.00,10900.00,10933.00,-98.00,-0.8884,10991.000,10995.000,10969.700,10428.400,10072.258,117727,98243,
2019/04/29,10959.00,10978.00,10902.00,10932.00,-1.00,-0.0091,10965.333,10985.800,10975.300,10446.933,10084.308,90054,100779,
2019/04/30,10912.00,10961.00,10883.00,10952.00,20.00,0.1829,10939.000,10971.400,10977.400,10465.033,10097.042,99257,99886,
2019/05/02,10947.00,11033.00,10933.00,10978.00,26.00,0.2374,10954.000,10965.200,10974.800,10483.883,10109.583,110441,100362,
2019/05/03,10992.00,11094.00,10975.00,11092.00,114.00,1.0384,11007.333,10977.400,10990.100,10505.117,10122.650,105075,104510,
2019/05/06,10980.00,10980.00,10821.00,10857.00,-235.00,-2.1186,10975.667,10962.200,10978.600,10521.683,10132.092,157580,112481,
2019/05/07,10900.00,10996.00,10900.00,10970.00,113.00,1.0408,10973.000,10969.800,10977.800,10538.383,10141.950,112170,116904,
2019/05/08,10849.00,10943.00,10841.00,10893.00,-77.00,-0.7019,10906.667,10958.000,10964.700,10553.517,10150.442,122003,121453,
2019/05/09,10854.00,10866.00,10716.00,10746.00,-147.00,-1.3495,10869.667,10911.600,10938.400,10567.233,10158.183,160280,131421,
2019/05/10,10750.00,10850.00,10646.00,10745.00,-1.00,-0.0093,10794.667,10842.200,10909.800,10580.883,10166.275,233608,157128,
2019/05/13,10686.00,10708.00,10565.00,10576.00,-169.00,-1.5728,10689.000,10786.000,10874.100,10590.500,10172.342,141348,153881,
2019/05/14,10425.00,10571.00,10399.00,10532.00,-44.00,-0.416,10617.667,10698.400,10834.100,10597.967,10177.408,161116,163671,
2019/05/15,10539.00,10609.00,10513.00,10579.00,47.00,0.4463,10562.333,10635.600,10796.800,10606.217,10183.992,76901,154650,
2019/05/16,10537.00,10574.00,10483.00,10488.00,-91.00,-0.8602,10533.000,10584.000,10747.800,10613.017,10189.625,135442,149683,
2019/05/17,10562.00,10566.00,10406.00,10411.00,-77.00,-0.7342,10492.667,10517.200,10679.700,10619.167,10195.317,147667,132494,
2019/05/20,10442.00,10485.00,10405.00,10433.00,22.00,0.2113,10444.000,10488.600,10637.300,10624.133,10200.850,137967,131818,
2019/05/21,10398.00,10502.00,10378.00,10487.00,54.00,0.5176,10443.667,10479.600,10589.000,10629.883,10206.350,139187,127432,
2019/05/22,10471.00,10515.00,10453.00,10480.00,-7.00,-0.0667,10466.667,10459.800,10547.700,10633.617,10212.158,116647,135382,
2019/05/23,10422.00,10424.00,10285.00,10310.00,-170.00,-1.6221,10425.667,10424.200,10504.100,10633.383,10216.250,140726,136438,
2019/05/24,10316.00,10386.00,10315.00,10344.00,34.00,0.3298,10378.000,10410.800,10464.000,10633.950,10221.350,109852,128875,
2019/05/27,10350.00,10390.00,10284.00,10333.00,-11.00,-0.1063,10329.000,10390.800,10439.700,10633.367,10226.267,103055,121893,
2019/05/28,10369.00,10374.00,10309.00,10340.00,7.00,0.0677,10339.000,10361.400,10420.500,10633.117,10231.483,87522,111560,
2019/05/29,10220.00,10295.00,10218.00,10291.00,-49.00,-0.4739,10321.333,10323.600,10391.700,10631.933,10237.075,94586,107148,
2019/05/30,10311.00,10382.00,10279.00,10367.00,76.00,0.7385,10332.667,10335.000,10379.600,10632.867,10242.067,118760,102755,
2019/05/31,10332.00,10493.00,10330.00,10455.00,88.00,0.8488,10371.000,10357.200,10384.000,10635.883,10248.017,132152,107215,
2019/06/03,10431.00,10477.00,10366.00,10471.00,16.00,0.153,10431.000,10384.800,10387.800,10638.367,10253.025,129013,112406,
2019/06/04,10461.00,10483.00,10401.00,10416.00,-55.00,-0.5253,10447.333,10400.000,10380.700,10640.933,10257.517,91564,113215,
2019/06/05,10495.00,10510.00,10439.00,10456.00,40.00,0.384,10447.667,10433.000,10378.300,10645.200,10262.542,101521,114602,
2019/06/06,10433.00,10437.00,10351.00,10360.00,-96.00,-0.9181,10410.667,10431.600,10383.300,10647.383,10264.525,111098,113069,
2019/06/10,10477.00,10546.00,10442.00,10539.00,179.00,1.7278,10451.667,10448.400,10402.800,10650.567,10268.667,122472,111133,
2019/06/11,10555.00,10618.00,10533.00,10592.00,53.00,0.5029,10497.000,10472.600,10428.700,10654.350,10274.617,101614,105653,
2019/06/12,10587.00,10611.00,10564.00,10592.00,0.00,0.00,10574.333,10507.800,10453.900,10658.583,10282.267,87461,104833,
2019/06/13,10561.00,10589.00,10497.00,10529.00,-63.00,-0.5948,10571.000,10522.400,10477.700,10660.500,10288.792,113159,107160,
2019/06/14,10534.00,10558.00,10516.00,10529.00,0.00,0.00,10550.000,10556.200,10493.900,10661.367,10296.317,76827,100306,
2019/06/17,10477.00,10565.00,10460.00,10545.00,16.00,0.152,10534.333,10557.400,10502.900,10662.100,10303.467,101665,96145,
2019/06/18,10539.00,10576.00,10526.00,10553.00,8.00,0.0759,10542.333,10549.600,10511.100,10662.233,10309.592,65992,89020,
2019/06/19,10680.00,10800.00,10667.00,10770.00,217.00,2.0563,10622.667,10585.200,10546.500,10665.233,10317.208,78705,87269,
2019/06/20,10575.00,10605.00,10558.00,10591.00,-179.00,-1.662,10638.000,10597.600,10560.000,10664.867,10324.383,81952,81028,
2019/06/21,10628.00,10641.00,10564.00,10585.00,-6.00,-0.0567,10648.667,10608.800,10582.500,10667.317,10331.008,96523,84967,
2019/06/24,10605.00,10647.00,10553.00,10623.00,38.00,0.359,10599.667,10624.400,10590.900,10669.000,10338.550,91543,82943,
2019/06/25,10620.00,10630.00,10523.00,10540.00,-83.00,-0.7813,10582.667,10621.800,10585.700,10669.333,10344.983,99060,89556,
2019/06/26,10525.00,10541.00,10499.00,10503.00,-37.00,-0.351,10555.333,10568.400,10576.800,10669.500,10352.167,83783,90572,
2019/06/27,10535.00,10642.00,10532.00,10622.00,119.00,1.133,10555.000,10574.600,10586.100,10669.900,10360.183,107401,95662,
2019/06/28,10621.00,10627.00,10550.00,10580.00,-42.00,-0.3954,10568.333,10573.600,10591.200,10668.933,10368.475,82315,92820,
2019/07/01,10707.00,10780.00,10693.00,10767.00,187.00,1.7675,10656.333,10602.400,10613.400,10670.450,10378.033,93325,93176,
2019/07/02,10738.00,10766.00,10729.00,10749.00,-18.00,-0.1672,10698.667,10644.200,10633.000,10671.383,10388.633,60623,85489,
2019/07/03,10733.00,10741.00,10202.00,10641.00,-108.00,-1.0047,10719.000,10671.800,10620.100,10669.233,10398.483,110724,90877,
2019/07/04,10691.00,10729.00,10677.00,10710.00,69.00,0.6484,10700.000,10689.400,10632.000,10667.017,10407.458,77761,84949,
2019/07/05,10713.00,10749.00,10682.00,10718.00,8.00,0.0747,10689.667,10717.000,10645.300,10664.617,10416.183,77789,84044,
2019/07/08,10655.00,10711.00,10630.00,10665.00,-53.00,-0.4945,10697.667,10696.600,10649.500,10662.267,10425.592,105478,86475,
2019/07/09,10688.00,10699.00,10631.00,10650.00,-15.00,-0.1406,10677.667,10676.800,10660.500,10659.733,10435.675,79145,90179,
2019/07/10,10699.00,10741.00,10689.00,10731.00,81.00,0.7606,10682.000,10694.800,10683.300,10657.317,10447.042,99507,87936,
2019/07/11,10801.00,10833.00,10772.00,10814.00,83.00,0.7735,10731.667,10715.600,10702.500,10655.367,10457.467,83589,89101,
2019/07/12,10789.00,10830.00,10788.00,10810.00,-4.00,-0.037,10785.000,10734.000,10725.500,10652.133,10467.875,67176,86979,
2019/07/15,10808.00,10860.00,10730.00,10849.00,39.00,0.3608,10824.333,10770.800,10733.700,10650.633,10477.383,115603,89004,
2019/07/16,10863.00,10892.00,10851.00,10876.00,27.00,0.2489,10845.000,10816.000,10746.400,10649.033,10487.233,72001,87575,
2019/07/17,10837.00,10855.00,10805.00,10831.00,-45.00,-0.4138,10852.000,10836.000,10765.400,10646.583,10496.242,70376,81749,
2019/07/18,10625.00,10676.00,10623.00,10651.00,-180.00,-1.6619,10786.000,10803.400,10759.500,10640.367,10504.242,78963,80823,
2019/07/19,10757.00,10792.00,10727.00,10744.00,93.00,0.8732,10742.000,10790.200,10762.100,10635.950,10512.167,96592,86707,
2019/07/22,10735.00,10798.00,10729.00,10794.00,50.00,0.4654,10729.667,10779.200,10775.000,10632.000,10520.583,78274,79241,
2019/07/23,10822.00,10836.00,10785.00,10803.00,9.00,0.0834,10780.333,10764.600,10790.300,10629.833,10529.117,76789,80198,
2019/07/24,10817.00,10835.00,10792.00,10804.00,1.00,0.0093,10800.333,10759.200,10797.600,10627.700,10537.317,66376,79398,
2019/07/25,10825.00,10831.00,10769.00,10822.00,18.00,0.1666,10809.667,10793.400,10798.400,10625.533,10545.283,73929,78392,
2019/07/26,10781.00,10795.00,10765.00,10787.00,-35.00,-0.3234,10804.333,10802.000,10796.100,10622.350,10553.117,53211,69715,
2019/07/29,10779.00,10802.00,10744.00,10782.00,-5.00,-0.0464,10797.000,10799.600,10789.400,10617.183,10561.150,83163,70693,
2019/07/30,10819.00,10836.00,10751.00,10752.00,-30.00,-0.2782,10773.667,10789.400,10777.000,10615.433,10568.558,91664,73668,
2019/07/31,10721.00,10743.00,10674.00,10737.00,-15.00,-0.1395,10757.000,10776.000,10767.600,10611.550,10574.967,103902,81173,
2019/08/01,10635.00,10697.00,10623.00,10644.00,-93.00,-0.8662,10711.000,10740.400,10766.900,10607.400,10580.458,109347,88257,
2019/08/02,10518.00,10535.00,10441.00,10469.00,-175.00,-1.6441,10616.667,10676.800,10739.400,10602.783,10585.008,142673,106149,
2019/08/05,10421.00,10460.00,10358.00,10379.00,-90.00,-0.8597,10497.333,10596.200,10697.900,10596.683,10588.783,135526,116622,
2019/08/06,10096.00,10387.00,10095.00,10331.00,-48.00,-0.4625,10393.000,10512.000,10650.700,10592.600,10591.550,199016,138092,
2019/08/07,10330.00,10375.00,10301.00,10347.00,16.00,0.1549,10352.333,10434.000,10605.000,10589.517,10593.742,113815,140075,
2019/08/08,10372.00,10454.00,10340.00,10439.00,92.00,0.8891,10372.333,10393.000,10566.700,10587.183,10596.700,121943,142594,
2019/08/12,10439.00,10477.00,10380.00,10441.00,2.00,0.0192,10409.000,10387.400,10532.100,10586.400,10599.708,86901,131440,
2019/08/13,10385.00,10400.00,10319.00,10342.00,-99.00,-0.9482,10407.333,10380.000,10488.100,10585.250,10602.208,102727,124880,
2019/08/14,10457.00,10492.00,10416.00,10429.00,87.00,0.8412,10404.000,10399.600,10455.800,10585.183,10604.658,107677,106612,
2019/08/15,10255.00,10335.00,10242.00,10301.00,-128.00,-1.2273,10357.333,10390.400,10412.200,10582.083,10605.983,114302,106710,
2019/08/16,10315.00,10421.00,10288.00,10414.00,113.00,1.097,10381.333,10385.400,10389.200,10580.983,10607.300,123666,107054,
2019/08/19,10436.00,10489.00,10419.00,10484.00,70.00,0.6722,10399.667,10394.000,10390.700,10583.883,10608.633,84822,106638,
2019/08/20,10487.00,10530.00,10478.00,10527.00,43.00,0.4101,10475.000,10431.000,10405.500,10586.933,10610.442,75599,101213,
2019/08/21,10514.00,10544.00,10505.00,10528.00,1.00,0.0095,10513.000,10450.800,10425.200,10590.183,10611.775,55501,90778,
2019/08/22,10538.00,10564.00,10464.00,10477.00,-51.00,-0.4844,10510.667,10486.000,10438.200,10592.467,10612.792,105723,89062,
2019/08/23,10485.00,10513.00,10460.00,10499.00,22.00,0.21,10501.333,10503.000,10444.200,10595.933,10613.933,76865,79702,
2019/08/26,10335.00,10367.00,10294.00,10307.00,-192.00,-1.8287,10427.667,10467.600,10430.800,10594.933,10613.900,120523,86842,
2019/08/27,10372.00,10390.00,10343.00,10364.00,57.00,0.553,10390.000,10435.000,10433.000,10593.417,10614.650,73260,86374,
2019/08/28,10390.00,10438.00,10388.00,10413.00,49.00,0.4728,10361.333,10412.000,10431.400,10592.450,10615.408,86140,92502,
2019/08/29,10420.00,10442.00,10376.00,10430.00,17.00,0.1633,10402.333,10402.600,10444.300,10592.683,10616.808,84000,88157,
2019/08/30,10520.00,10584.00,10517.00,10576.00,146.00,1.3998,10473.000,10418.000,10460.500,10594.683,10619.942,79663,88717,
2019/09/02,10564.00,10615.00,10556.00,10605.00,29.00,0.2742,10537.000,10477.600,10472.600,10598.767,10623.075,60421,76696,
2019/09/03,10599.00,10632.00,10537.00,10543.00,-62.00,-0.5846,10574.667,10513.400,10474.200,10598.833,10624.700,91885,80421,
2019/09/04,10563.00,10657.00,10558.00,10644.00,101.00,0.958,10597.333,10559.600,10485.800,10599.700,10627.025,86348,80463,
2019/09/05,10719.00,10762.00,10703.00,10735.00,91.00,0.8549,10640.667,10620.600,10511.600,10602.083,10630.333,90561,81775,
2019/09/06,10776.00,10783.00,10741.00,10768.00,33.00,0.3074,10715.667,10659.000,10538.500,10606.067,10633.283,67991,79441,
2019/09/09,10802.00,10827.00,10773.00,10792.00,24.00,0.2229,10765.000,10696.400,10587.000,10610.450,10635.908,68655,81088,
2019/09/10,10801.00,10814.00,10731.00,10743.00,-49.00,-0.454,10767.667,10736.400,10624.900,10613.750,10637.925,76145,77940,
2019/09/11,10795.00,10808.00,10751.00,10773.00,30.00,0.2793,10769.333,10762.200,10660.900,10617.417,10639.825,85552,77780,
2019/09/12,10842.00,10870.00,10801.00,10824.00,51.00,0.4734,10780.000,10780.000,10700.300,10618.317,10641.775,87681,77204,
2019/09/16,10802.00,10885.00,10802.00,10881.00,57.00,0.5266,10826.000,10802.600,10730.800,10623.150,10644.008,76736,78953,
2019/09/17,10907.00,10910.00,10858.00,10863.00,-18.00,-0.1654,10856.000,10816.800,10756.600,10627.783,10647.550,59679,77158,
2019/09/18,10912.00,10963.00,10884.00,10959.00,96.00,0.8837,10901.000,10860.000,10798.200,10633.383,10651.192,55502,73030,
2019/09/19,10915.00,10936.00,10851.00,10870.00,-89.00,-0.8121,10897.333,10879.400,10820.800,10638.883,10654.108,91269,74173,
2019/09/20,10901.00,10912.00,10884.00,10901.00,31.00,0.2852,10910.000,10894.800,10837.400,10645.517,10657.508,60369,68711,
2019/09/23,10894.00,10929.00,10872.00,10894.00,-7.00,-0.0642,10888.333,10897.400,10850.000,10650.050,10659.975,75187,68401,
2019/09/24,10911.00,10932.00,10865.00,10908.00,14.00,0.1285,10901.000,10906.400,10861.600,10655.517,10662.225,89394,74344,
2019/09/25,10865.00,10873.00,10805.00,10841.00,-67.00,-0.6142,10881.000,10882.800,10871.400,10656.750,10663.600,100195,83282,
2019/09/26,10876.00,10895.00,10828.00,10843.00,2.00,0.0184,10864.000,10877.400,10878.400,10658.317,10664.850,83502,81729,
2019/09/27,10876.00,10897.00,10811.00,10824.00,-19.00,-0.1752,10836.000,10862.000,10878.400,10661.367,10665.300,94659,88587,
2019/10/01,10856.00,10962.00,10856.00,10954.00,130.00,1.201,10873.667,10874.000,10885.700,10665.433,10666.225,90905,91731,
2019/10/02,10916.00,10948.00,10912.00,10922.00,-32.00,-0.2921,10900.000,10876.800,10891.600,10668.833,10666.725,66999,87252,
2019/10/03,10827.00,10877.00,10773.00,10851.00,-71.00,-0.6501,10909.000,10878.800,10880.800,10671.933,10667.100,97153,86643,
2019/10/04,10881.00,10912.00,10820.00,10880.00,29.00,0.2673,10884.333,10886.200,10881.800,10675.767,10667.750,104736,90890,
2019/10/07,10907.00,10937.00,10886.00,10915.00,35.00,0.3217,10882.000,10904.400,10883.200,10678.833,10668.075,67650,85488,
2019/10/08,10958.00,11021.00,10950.00,11001.00,86.00,0.7879,10932.000,10913.800,10893.900,10681.950,10668.658,82233,83754,
2019/10/09,10963.00,10969.00,10880.00,10880.00,-121.00,-1.0999,10932.000,10905.400,10891.100,10683.117,10667.625,81729,86700,
2019/10/14,11070.00,11092.00,11030.00,11076.00,196.00,1.8015,10985.667,10950.400,10914.600,10686.900,10668.767,84410,84151,
2019/10/15,11083.00,11122.00,11073.00,11108.00,32.00,0.2889,11021.333,10996.000,10941.100,10690.767,10669.900,65648,76334,
2019/10/16,11158.00,11171.00,11130.00,11145.00,37.00,0.3331,11109.667,11042.000,10973.200,10696.000,10671.292,61672,75138,
2019/10/17,11148.00,11161.00,11117.00,11157.00,12.00,0.1077,11136.667,11073.200,10993.500,10704.433,10672.400,56129,69917,
2019/10/18,11195.00,11223.00,11132.00,11150.00,-7.00,-0.0627,11150.667,11127.200,11016.300,10711.200,10673.575,91140,71799,
2019/10/21,11157.00,11168.00,11133.00,11155.00,5.00,0.0448,11154.000,11143.000,11046.700,10717.217,10674.608,54206,65759,
2019/10/22,11213.00,11252.00,11191.00,11242.00,87.00,0.7799,11182.333,11169.800,11082.900,10724.533,10677.183,78410,68311,
2019/10/23,11225.00,11254.00,11182.00,11201.00,-41.00,-0.3647,11199.333,11181.000,11111.500,10731.150,10679.425,79430,71863,
2019/10/24,11232.00,11292.00,11225.00,11290.00,89.00,0.7946,11244.333,11207.600,11140.400,10738.950,10682.242,71549,74947,
2019/10/25,11321.00,11328.00,11264.00,11284.00,-6.00,-0.0531,11258.333,11234.400,11180.800,10747.233,10684.792,61352,68989,
2019/10/28,11334.00,11342.00,11291.00,11311.00,27.00,0.2393,11295.000,11265.600,11204.300,10756.050,10686.617,52187,68585,
2019/10/29,11348.00,11366.00,11293.00,11326.00,15.00,0.1326,11307.000,11282.400,11226.100,10765.617,10690.525,80263,68956,
2019/10/30,11312.00,11351.00,11295.00,11338.00,12.00,0.106,11325.000,11309.800,11245.400,10775.633,10693.592,66639,66398,
2019/10/31,11371.00,11396.00,11341.00,11346.00,8.00,0.0706,11336.667,11321.000,11264.300,10787.333,10697.367,74371,66962,
2019/11/01,11333.00,11377.00,11316.00,11371.00,25.00,0.2203,11351.667,11338.400,11286.400,10802.367,10702.575,60297,66751,
2019/11/04,11416.00,11554.00,11413.00,11544.00,173.00,1.5214,11420.333,11385.000,11325.300,10821.783,10709.233,102899,76893,
2019/11/05,11594.00,11650.00,11566.00,11645.00,101.00,0.8749,11520.000,11448.800,11365.600,10843.683,10718.142,85543,77949,
2019/11/06,11644.00,11675.00,11600.00,11653.00,8.00,0.0687,11614.000,11511.800,11410.800,10865.450,10727.483,89714,82564,
2019/11/07,11636.00,11637.00,11558.00,11596.00,-57.00,-0.4891,11631.333,11561.800,11441.400,10884.733,10735.958,98281,87346,
2019/11/08,11646.00,11648.00,11554.00,11573.00,-23.00,-0.1983,11607.333,11602.200,11470.300,10903.600,10745.000,93098,93907,
2019/11/11,11577.00,11581.00,11424.00,11437.00,-136.00,-1.1751,11535.333,11580.800,11482.900,10921.850,10753.550,115483,96423,
2019/11/12,11483.00,11528.00,11466.00,11523.00,86.00,0.7519,11511.000,11556.400,11502.600,10940.083,10762.633,76130,94541,
2019/11/13,11463.00,11494.00,11428.00,11466.00,-57.00,-0.4947,11475.333,11519.000,11515.400,10959.500,10770.792,103164,97231,
2019/11/14,11493.00,11496.00,11413.00,11456.00,-10.00,-0.0872,11481.667,11491.000,11526.400,10976.867,10778.925,103359,98246,
2019/11/15,11485.00,11563.00,11480.00,11532.00,76.00,0.6634,11484.667,11482.800,11542.500,10994.333,10789.108,99316,99490,
2019/11/18,11533.00,11594.00,11507.00,11593.00,61.00,0.529,11527.000,11514.000,11547.400,11012.100,10799.517,75739,91541,
2019/11/19,11574.00,11654.00,11563.00,11644.00,51.00,0.4399,11589.667,11538.200,11547.300,11030.700,10810.442,77336,91782,
2019/11/20,11621.00,11644.00,11594.00,11607.00,-37.00,-0.3178,11614.667,11566.400,11542.700,11049.533,10821.000,57530,82656,
2019/11/21,11529.00,11551.00,11450.00,11544.00,-63.00,-0.5428,11598.333,11584.000,11537.500,11066.950,10831.442,135389,89062,
2019/11/22,11565.00,11592.00,11531.00,11556.00,12.00,0.104,11569.000,11588.800,11535.800,11087.767,10841.350,80401,85279,
2019/11/25,11615.00,11629.00,11559.00,11565.00,9.00,0.0779,11555.000,11583.200,11548.600,11107.783,10850.600,87186,87568,
2019/11/26,11620.00,11658.00,11603.00,11618.00,53.00,0.4583,11579.667,11578.000,11558.100,11127.867,10860.158,107823,93665,
2019/11/27,11613.00,11651.00,11596.00,11647.00,29.00,0.2496,11610.000,11586.000,11576.200,11148.150,10870.417,70895,96338,
2019/11/28,11658.00,11663.00,11605.00,11614.00,-33.00,-0.2833,11626.333,11600.000,11592.000,11165.450,10880.067,88562,86973,
2019/11/29,11604.00,11613.00,11462.00,11465.00,-149.00,-1.2829,11575.333,11581.800,11585.300,11179.783,10889.275,131564,97206,
2019/12/02,11527.00,11533.00,11459.00,11502.00,37.00,0.3227,11527.000,11569.200,11576.200,11195.767,10897.300,90559,97880,
2019/12/03,11444.00,11527.00,11439.00,11524.00,22.00,0.1913,11497.000,11550.400,11564.200,11210.433,10905.067,88442,94004,
2019/12/04,11492.00,11505.00,11443.00,11503.00,-21.00,-0.1822,11509.667,11521.600,11553.800,11223.233,10912.658,106777,101180,
2019/12/05,11540.00,11618.00,11532.00,11598.00,95.00,0.8259,11541.667,11518.400,11559.200,11237.067,10921.567,91768,101822,
2019/12/06,11645.00,11670.00,11580.00,11612.00,14.00,0.1207,11571.000,11547.800,11564.800,11250.733,10930.592,88205,93150,
2019/12/09,11670.00,11699.00,11633.00,11671.00,59.00,0.5081,11627.000,11581.600,11575.400,11266.200,10939.975,77905,90619,
2019/12/10,11647.00,11656.00,11605.00,11625.00,-46.00,-0.3941,11636.000,11601.800,11576.100,11280.400,10948.908,72720,87475,
2019/12/11,11600.00,11706.00,11594.00,11706.00,81.00,0.6968,11667.333,11642.400,11582.000,11295.100,10956.708,91763,84472,
2019/12/12,11765.00,11888.00,11754.00,11853.00,147.00,1.2558,11728.000,11693.400,11605.900,11311.300,10967.225,116222,89363,
2019/12/13,11977.00,12007.00,11917.00,11965.00,112.00,0.9449,11841.333,11764.000,11655.900,11329.667,10978.725,108465,93415,
2019/12/16,11932.00,11976.00,11922.00,11961.00,-4.00,-0.0334,11926.333,11822.000,11701.800,11346.367,10989.875,69733,91780,
2019/12/17,11974.00,12102.00,11945.00,12100.00,139.00,1.1621,12008.667,11917.000,11759.400,11366.867,11002.875,92853,95807,
2019/12/18,12077.00,12129.00,12065.00,12118.00,18.00,0.1488,12059.667,11999.400,11820.900,11387.150,11016.333,48307,87116,
2019/12/19,12110.00,12115.00,12015.00,12030.00,-88.00,-0.7262,12082.667,12034.800,11864.100,11406.083,11028.067,92203,82312,
2019/12/20,12063.00,12063.00,11951.00,11979.00,-51.00,-0.4239,12042.333,12037.600,11900.800,11423.933,11039.725,126726,85964,
2019/12/23,12000.00,12028.00,11972.00,12020.00,41.00,0.3423,12009.667,12049.400,11935.700,11443.583,11050.167,75282,87074,
2019/12/24,12030.00,12044.00,11982.00,11983.00,-37.00,-0.3078,11994.000,12026.000,11971.500,11462.583,11060.450,55383,79580,
2019/12/25,11989.00,12027.00,11976.00,12020.00,37.00,0.3088,12007.667,12006.400,12002.900,11482.517,11071.942,41574,78233,
2019/12/26,12029.00,12042.00,11986.00,12009.00,-11.00,-0.0915,12004.000,12002.200,12018.500,11500.100,11082.767,52147,70222,
2019/12/27,12038.00,12112.00,12037.00,12097.00,88.00,0.7328,12042.000,12025.800,12031.700,11519.683,11094.258,74436,59764,
2019/12/30,12091.00,12125.00,12065.00,12069.00,-28.00,-0.2315,12058.333,12035.600,12042.500,11539.983,11105.958,66060,57920,
2019/12/31,12029.00,12049.00,11992.00,11995.00,-74.00,-0.6131,12053.667,12038.000,12032.000,11558.567,11117.167,74341,61711,
2020/01/02,12044.00,12120.00,12023.00,12102.00,107.00,0.892,12055.333,12054.400,12030.400,11578.350,11128.592,100399,73476,
2020/01/03,12180.00,12198.00,11996.00,12086.00,-16.00,-0.1322,12061.000,12069.800,12036.000,11596.433,11139.192,172648,97576,
2020/01/06,12017.00,12034.00,11948.00,11950.00,-136.00,-1.1253,12046.000,12040.400,12033.100,11614.267,11148.692,118371,106363,
2020/01/07,11995.00,12009.00,11816.00,11871.00,-79.00,-0.6611,11969.000,12000.800,12018.200,11627.517,11157.208,157259,124603,
2020/01/08,11728.00,11892.00,11697.00,11788.00,-83.00,-0.6992,11869.667,11959.400,11998.700,11638.850,11164.808,158049,141345,
2020/01/09,11919.00,11998.00,11883.00,11968.00,180.00,1.527,11875.667,11932.600,11993.500,11652.567,11174.283,111655,143596,
2020/01/10,12005.00,12042.00,11953.00,12010.00,42.00,0.3509,11922.000,11917.400,11993.600,11666.783,11185.608,103541,129775,
2020/01/13,12085.00,12121.00,12044.00,12117.00,107.00,0.8909,12031.667,11950.800,11995.600,11682.900,11197.050,114704,129041,
2020/01/14,12176.00,12199.00,12148.00,12181.00,64.00,0.5282,12102.667,12012.800,12006.800,11700.000,11208.608,85245,114638,
2020/01/15,12159.00,12175.00,12058.00,12063.00,-118.00,-0.9687,12120.333,12067.800,12013.600,11713.683,11219.108,82149,99458,
2020/01/16,12040.00,12078.00,11990.00,12056.00,-7.00,-0.058,12100.000,12085.400,12009.000,11727.933,11229.542,106191,98366,
2020/01/17,12103.00,12118.00,12029.00,12072.00,16.00,0.1327,12063.667,12097.800,12007.600,11740.967,11239.958,101186,97895,
2020/01/20,12119.00,12160.00,12097.00,12111.00,39.00,0.3231,12079.667,12096.600,12023.700,11754.750,11250.992,77545,90463,
2020/01/30,11770.00,11798.00,11366.00,11370.00,-741.00,-6.1184,11851.000,11934.400,11973.600,11755.733,11255.892,248157,123045,
2020/01/31,11460.00,11567.00,11407.00,11468.00,98.00,0.8619,11649.667,11815.400,11941.600,11758.100,11261.858,154005,137416,
2020/02/03,11285.00,11370.00,11152.00,11325.00,-143.00,-1.2469,11387.667,11669.200,11877.300,11757.883,11266.758,206378,157454,
2020/02/04,11373.00,11557.00,11362.00,11534.00,209.00,1.8455,11442.333,11561.600,11829.700,11761.017,11274.175,145457,166308,
2020/02/05,11603.00,11620.00,11474.00,11542.00,8.00,0.0694,11467.000,11447.800,11772.200,11763.867,11283.117,155144,181828,
2020/02/06,11651.00,11744.00,11628.00,11741.00,199.00,1.7241,11605.667,11522.000,11728.200,11767.150,11294.467,122905,156777,
2020/02/07,11660.00,11666.00,11566.00,11592.00,-149.00,-1.2691,11625.000,11546.800,11681.100,11766.267,11304.975,125731,151123,
2020/02/10,11455.00,11598.00,11402.00,11564.00,-28.00,-0.2415,11632.333,11594.600,11631.900,11764.783,11315.117,146924,139232,
2020/02/11,11625.00,11689.00,11613.00,11666.00,102.00,0.882,11607.333,11621.000,11591.300,11765.950,11325.342,91645,128469,
2020/02/12,11663.00,11797.00,11647.00,11771.00,105.00,0.9001,11667.000,11666.800,11557.300,11769.250,11336.425,104632,118367,
2020/02/13,11798.00,11837.00,11762.00,11774.00,3.00,0.0255,11737.000,11673.400,11597.700,11774.867,11348.358,107703,115327,
2020/02/14,11757.00,11852.00,11755.00,11812.00,38.00,0.3227,11785.667,11717.400,11632.100,11779.683,11359.883,96611,109503,
2020/02/17,11710.00,11792.00,11702.00,11770.00,-42.00,-0.3556,11785.333,11758.600,11676.600,11784.750,11372.125,87093,97536,
2020/02/18,11715.00,11719.00,11627.00,11640.00,-130.00,-1.1045,11740.667,11753.400,11687.200,11787.817,11382.342,135029,106213,
2020/02/19,11678.00,11805.00,11637.00,11760.00,120.00,1.0309,11723.333,11751.200,11709.000,11791.617,11392.975,81374,101562,
2020/02/20,11820.00,11830.00,11679.00,11715.00,-45.00,-0.3827,11705.000,11739.400,11706.400,11793.650,11402.875,137087,107438,
2020/02/21,11665.00,11765.00,11636.00,11664.00,-51.00,-0.4353,11713.000,11709.800,11713.600,11793.983,11412.342,139423,116001,
2020/02/24,11509.00,11587.00,11476.00,11508.00,-156.00,-1.3374,11629.000,11657.400,11708.000,11792.333,11420.933,136082,125799,
2020/02/25,11400.00,11561.00,11386.00,11542.00,34.00,0.2954,11571.333,11637.800,11695.600,11792.300,11429.625,148573,128507,
2020/02/26,11383.00,11482.00,11365.00,11421.00,-121.00,-1.0483,11490.333,11570.000,11660.600,11790.050,11438.908,162595,144752,
2020/02/27,11395.00,11447.00,11237.00,11273.00,-148.00,-1.2959,11412.000,11481.600,11610.500,11785.183,11446.483,168005,150935,
2020/03/02,11011.00,11278.00,11005.00,11174.00,-99.00,-0.8782,11289.333,11383.600,11546.700,11777.783,11452.825,203495,163750,
2020/03/03,11313.00,11375.00,11278.00,11324.00,150.00,1.3424,11257.000,11346.800,11502.100,11772.400,11460.275,165462,169626,
2020/03/04,11348.00,11369.00,11267.00,11364.00,40.00,0.3532,11287.333,11311.200,11474.500,11768.233,11466.842,142616,168434,
2020/03/05,11450.00,11501.00,11428.00,11492.00,128.00,1.1264,11393.333,11325.400,11447.700,11768.683,11474.233,112411,158397,
2020/03/06,11400.00,11420.00,11260.00,11269.00,-223.00,-1.9405,11375.000,11324.600,11403.100,11764.800,11480.283,153360,155468,
2020/03/09,10975.00,11108.00,10916.00,10950.00,-319.00,-2.8308,11237.000,11279.800,11331.700,11755.233,11482.833,212371,157244,
2020/03/10,10830.00,10996.00,10779.00,10984.00,34.00,0.3105,11067.667,11211.800,11279.300,11746.583,11484.908,205710,165293,
2020/03/11,10979.00,11029.00,10807.00,10821.00,-163.00,-1.484,10918.333,11103.200,11207.200,11733.633,11485.350,182504,173271,
2020/03/12,10750.00,10765.00,10161.00,10367.00,-454.00,-4.1955,10724.000,10878.200,11101.800,11712.883,11481.808,330617,216912,
2020/03/13,9749.00,10147.00,9450.00,10021.00,-346.00,-3.3375,10403.000,10628.600,10976.600,11685.383,11475.792,341165,254473,
2020/03/16,9919.00,10055.00,9636.00,9668.00,-353.00,-3.5226,10018.667,10372.200,10826.000,11652.767,11466.583,238066,259612,
2020/03/17,9379.00,9677.00,9271.00,9363.00,-305.00,-3.1547,9684.000,10048.000,10629.900,11613.717,11454.408,244063,267283,
2020/03/18,9366.00,9489.00,9205.00,9263.00,-100.00,-1.068,9431.333,9736.400,10419.800,11570.550,11440.925,110370,252856,
2020/03/19,8820.00,8872.00,8268.00,8353.00,-910.00,-9.824,8993.000,9333.600,10105.900,11510.350,11420.008,301874,247107,
2020/03/20,8562.00,9166.00,8544.00,9013.00,660.00,7.9014,8876.333,9132.000,9880.300,11461.217,11403.792,265951,232064,
2020/03/23,8609.00,8868.00,8555.00,8688.00,-325.00,-3.6059,8684.667,8936.000,9654.100,11404.350,11385.608,180002,220452,
2020/03/24,8998.00,9295.00,8986.00,9193.00,505.00,5.8126,8964.667,8902.000,9475.000,11355.600,11371.375,178732,207385,
2020/03/25,9410.00,9624.00,9370.00,9583.00,390.00,4.2424,9154.667,8966.000,9351.200,11314.817,11360.450,208028,226917,
2020/03/26,9679.00,9690.00,9426.00,9638.00,55.00,0.5739,9471.333,9223.000,9278.300,11275.800,11349.867,189335,204409,
2020/03/27,9899.00,9910.00,9548.00,9583.00,-55.00,-0.5707,9601.333,9337.000,9234.500,11235.183,11339.383,187431,188705,
2020/03/30,9376.00,9576.00,9266.00,9576.00,-7.00,-0.073,9599.000,9514.600,9225.300,11195.067,11328.825,164749,185655,
2020/03/31,9666.00,9717.00,9495.00,9596.00,20.00,0.2089,9585.000,9595.200,9248.600,11154.667,11318.592,142553,178419,
2020/04/01,9588.00,9650.00,9551.00,9552.00,-44.00,-0.4585,9574.667,9589.000,9277.500,11113.717,11306.908,115886,159990,
2020/04/06,9741.00,9860.00,9582.00,9826.00,274.00,2.8685,9658.000,9626.600,9424.800,11075.867,11297.775,145664,151256,
2020/04/07,9955.00,10020.00,9878.00,9997.00,171.00,1.7403,9791.667,9709.400,9523.200,11041.333,11290.658,136838,141138,
2020/04/08,9950.00,10135.00,9945.00,10127.00,130.00,1.3004,9983.333,9819.600,9667.100,11010.200,11284.383,126694,133527,
2020/04/09,10131.00,10197.00,10028.00,10101.00,-26.00,-0.2567,10075.000,9920.600,9757.900,10976.850,11277.600,132479,131512,
2020/04/10,10038.00,10140.00,10030.00,10133.00,32.00,0.3168,10120.333,10036.800,9812.900,10944.300,11270.367,72463,122827,
2020/04/13,10084.00,10149.00,10031.00,10073.00,-60.00,-0.5921,10102.333,10086.200,9856.400,10913.017,11263.642,106858,115066,
2020/04/14,10160.00,10355.00,10125.00,10346.00,273.00,2.7102,10184.000,10156.000,9932.700,10887.600,11257.558,113099,110318,
2020/04/15,10347.00,10463.00,10330.00,10450.00,104.00,1.0052,10289.667,10220.600,10020.100,10865.300,11252.075,65128,98005,
2020/04/16,10177.00,10343.00,10161.00,10302.00,-148.00,-1.4163,10366.000,10260.800,10090.700,10837.533,11245.050,117864,95082,
2020/04/17,10575.00,10669.00,10456.00,10561.00,259.00,2.5141,10437.667,10346.400,10191.600,10813.383,11240.083,158339,112257,
2020/04/20,10515.00,10560.00,10458.00,10476.00,-85.00,-0.8048,10446.333,10427.000,10256.600,10786.033,11234.467,95539,109993,
2020/04/21,10406.00,10467.00,10144.00,10198.00,-278.00,-2.6537,10411.667,10397.400,10276.700,10752.983,11226.492,185229,124419,
2020/04/22,10145.00,10226.00,10065.00,10225.00,27.00,0.2648,10299.667,10352.400,10286.500,10722.350,11218.017,140265,139447,
2020/04/23,10268.00,10402.00,10154.00,10292.00,67.00,0.6553,10238.333,10350.400,10305.600,10692.950,11210.442,167208,149316,
2020/04/24,10231.00,10292.00,10211.00,10270.00,-22.00,-0.2138,10262.333,10292.200,10319.300,10662.917,11201.942,104535,138555,
2020/04/27,10373.00,10567.00,10368.00,10547.00,277.00,2.6972,10369.667,10306.400,10366.700,10636.850,11195.800,122584,143964,
2020/04/28,10600.00,10605.00,10480.00,10582.00,35.00,0.3318,10466.333,10383.200,10390.300,10623.717,11189.725,110372,128992,
2020/04/29,10655.00,10770.00,10631.00,10707.00,125.00,1.1813,10612.000,10479.600,10416.000,10611.033,11184.567,114317,123803,
2020/04/30,10813.00,10971.00,10803.00,10944.00,237.00,2.2135,10744.333,10610.000,10480.200,10604.683,11181.283,115213,113404,
2020/05/04,10540.00,10699.00,10477.00,10615.00,-329.00,-3.0062,10755.333,10679.000,10485.600,10589.367,11175.192,132838,119064,
2020/05/05,10717.00,10795.00,10658.00,10725.00,110.00,1.0363,10761.333,10714.600,10510.500,10575.750,11169.808,110278,116603,
2020/05/06,10658.00,10780.00,10618.00,10750.00,25.00,0.2331,10696.667,10748.200,10565.700,10559.233,11163.192,121491,118827,
2020/05/07,10736.00,10877.00,10710.00,10833.00,83.00,0.7721,10769.333,10773.400,10626.500,10546.583,11156.425,115862,119136,
2020/05/08,10893.00,10956.00,10853.00,10896.00,63.00,0.5816,10826.333,10763.800,10686.900,10535.450,11150.117,105781,117250,
2020/05/11,10979.00,11038.00,10935.00,10983.00,87.00,0.7985,10904.000,10837.400,10758.200,10524.067,11145.008,92771,109236,
2020/05/12,10902.00,10932.00,10802.00,10865.00,-118.00,-1.0744,10914.667,10865.400,10790.000,10508.967,11139.108,116595,110500,
2020/05/13,10783.00,10925.00,10776.00,10915.00,50.00,0.4602,10921.000,10898.400,10823.300,10494.650,11134.758,102002,106602,
2020/05/14,10828.00,10877.00,10738.00,10750.00,-165.00,-1.5117,10843.333,10881.800,10827.600,10476.950,11128.317,126357,108701,
2020/05/15,10830.00,10869.00,10701.00,10818.00,68.00,0.6326,10827.667,10866.200,10815.000,10461.083,11122.917,126173,112779,
2020/05/18,10768.00,10824.00,10724.00,10763.00,-55.00,-0.5084,10777.000,10822.200,10829.800,10446.467,11117.142,112378,116701,
2020/05/19,10932.00,10964.00,10836.00,10872.00,109.00,1.0127,10817.667,10823.600,10844.500,10431.667,11111.642,111021,115586,
2020/05/20,10903.00,10960.00,10853.00,10887.00,15.00,0.138,10840.667,10818.000,10858.200,10417.867,11105.758,60224,107230,
2020/05/21,10903.00,11008.00,10894.00,10952.00,65.00,0.597,10903.667,10858.400,10870.100,10406.000,11099.992,115495,105058,
2020/05/22,10928.00,10935.00,10723.00,10743.00,-209.00,-1.9083,10860.667,10843.400,10854.800,10393.250,11092.792,136579,107139,
2020/05/25,10800.00,10840.00,10651.00,10817.00,74.00,0.6888,10837.333,10854.200,10838.200,10381.167,11086.733,120809,108825,
2020/05/26,10896.00,11027.00,10891.00,10984.00,167.00,1.5439,10848.000,10876.600,10850.100,10373.883,11081.967,106963,108014,
2020/05/27,10962.00,11037.00,10926.00,10972.00,-12.00,-0.1092,10924.333,10893.600,10855.800,10368.867,11077.025,102280,116425,
2020/05/28,11066.00,11077.00,10856.00,10907.00,-65.00,-0.5924,10954.333,10884.600,10871.500,10364.417,11071.100,141854,121697,
2020/05/29,10888.00,10950.00,10806.00,10922.00,15.00,0.1375,10933.667,10920.400,10881.900,10357.717,11065.058,115714,117524,
2020/06/01,10983.00,11103.00,10971.00,11057.00,135.00,1.236,10962.000,10968.400,10911.300,10352.600,11060.417,103044,113971,
2020/06/02,11080.00,11140.00,11072.00,11106.00,49.00,0.4432,11028.333,10992.800,10934.700,10346.167,11057.425,82686,109115,
2020/06/03,11250.00,11299.00,11206.00,11283.00,177.00,1.5937,11148.667,11055.000,10974.300,10346.400,11055.600,109370,110533,
2020/06/04,11419.00,11425.00,11306.00,11357.00,74.00,0.6559,11248.667,11145.000,11014.800,10353.183,11054.208,108643,103891,
2020/06/05,11399.00,11473.00,11377.00,11457.00,100.00,0.8805,11365.667,11252.000,11086.200,10361.067,11053.825,84936,97735,
2020/06/08,11550.00,11626.00,11491.00,11570.00,113.00,0.9863,11461.333,11354.600,11161.500,10373.550,11053.592,106849,98496,
2020/06/09,11596.00,11622.00,11521.00,11609.00,39.00,0.3371,11545.333,11455.200,11224.000,10394.250,11053.567,89412,99842,
2020/06/10,11634.00,11730.00,11596.00,11706.00,97.00,0.8356,11628.333,11539.800,11297.400,10422.333,11053.858,94591,96886,
2020/06/11,11689.00,11738.00,11475.00,11491.00,-215.00,-1.8367,11602.000,11566.600,11355.800,10452.717,11052.742,143895,103936,
2020/06/12,11331.00,11432.00,11250.00,11395.00,-96.00,-0.8354,11530.667,11554.200,11403.100,10486.583,11050.150,131980,113345,
2020/06/15,11356.00,11446.00,11216.00,11229.00,-166.00,-1.4568,11371.667,11486.000,11420.300,10519.350,11044.950,135508,119077,
2020/06/16,11448.00,11554.00,11421.00,11526.00,297.00,2.6449,11383.333,11469.400,11462.300,10572.233,11041.292,110305,123255,
2020/06/17,11480.00,11568.00,11467.00,11521.00,-5.00,-0.0434,11425.333,11432.400,11486.100,10614.033,11037.625,67160,117769,
2020/06/18,11372.00,11425.00,11295.00,11394.00,-127.00,-1.1023,11480.333,11413.000,11489.800,10659.133,11031.742,115869,112164,
2020/06/19,11424.00,11439.00,11361.00,11410.00,16.00,0.1404,11441.667,11416.000,11485.100,10696.083,11025.842,93728,104514,
2020/06/22,11374.00,11498.00,11362.00,11423.00,13.00,0.1139,11409.000,11454.800,11470.400,10726.750,11020.783,113862,100184,
2020/06/23,11493.00,11540.00,11346.00,11455.00,32.00,0.2801,11429.333,11440.600,11455.000,10757.033,11016.417,140029,106129,
2020/06/24,11541.00,11570.00,11503.00,11523.00,68.00,0.5936,11467.000,11441.000,11436.700,10789.367,11012.275,89905,110678,
2020/06/29,11394.00,11458.00,11315.00,11361.00,-162.00,-1.4059,11446.333,11434.400,11423.700,10819.117,11007.092,123338,112172,
2020/06/30,11460.00,11502.00,11412.00,11469.00,108.00,0.9506,11451.000,11446.200,11431.100,10850.333,11002.500,83988,110224,
2020/07/01,11482.00,11623.00,11472.00,11546.00,77.00,0.6714,11458.667,11470.800,11462.800,10883.567,10998.642,102438,107939,
2020/07/02,11585.00,11712.00,11566.00,11695.00,149.00,1.2905,11570.000,11518.800,11479.700,10914.717,10995.292,91826,98299,
2020/07/03,11788.00,11850.00,11752.00,11838.00,143.00,1.2227,11693.000,11581.800,11511.400,10945.400,10993.367,92196,98757,
2020/07/06,11921.00,12072.00,11905.00,12065.00,227.00,1.9176,11866.000,11722.600,11578.500,10977.700,10993.950,106636,95416,
2020/07/07,12149.00,12192.00,11990.00,12027.00,-38.00,-0.315,11976.667,11834.200,11640.200,11009.800,10993.325,134089,105437,
2020/07/08,12041.00,12145.00,12025.00,12125.00,98.00,0.8148,12072.333,11950.000,11710.400,11043.000,10993.650,103175,105584,
2020/07/09,12202.00,12222.00,12118.00,12147.00,22.00,0.1814,12099.667,12040.400,11779.600,11077.567,10995.292,111926,109604,
2020/07/10,12204.00,12213.00,11987.00,11999.00,-148.00,-1.2184,12090.333,12072.600,11827.200,11105.117,10996.358,133264,117818,
2020/07/13,12139.00,12210.00,12105.00,12205.00,206.00,1.7168,12117.000,12100.600,11911.600,11134.367,10999.833,93929,115276,
2020/07/14,12147.00,12224.00,12119.00,12188.00,-17.00,-0.1393,12130.667,12132.800,11983.500,11165.800,11001.667,108264,110111,
2020/07/15,12305.00,12323.00,12150.00,12220.00,32.00,0.2626,12204.333,12151.800,12050.900,11193.450,11003.417,72961,104068,
2020/07/16,12066.00,12094.00,11931.00,12032.00,-188.00,-1.5385,12146.667,12128.800,12084.600,11219.383,11002.708,132941,108271,
2020/07/17,12088.00,12138.00,12011.00,12039.00,7.00,0.0582,12097.000,12136.800,12104.700,11250.067,11001.525,112205,104060,
2020/07/20,12073.00,12075.00,11903.00,12031.00,-8.00,-0.0665,12034.000,12102.000,12101.300,11280.167,11001.258,120983,109470,
2020/07/21,12125.00,12324.00,12121.00,12289.00,258.00,2.1445,12119.667,12122.200,12127.500,11313.450,11003.200,122572,112332,
2020/07/22,12301.00,12361.00,12256.00,12331.00,42.00,0.3418,12217.000,12144.400,12148.100,11347.800,11005.358,94744,116689,
2020/07/23,12309.00,12313.00,12199.00,12288.00,-43.00,-0.3487,12302.667,12195.600,12162.200,11376.817,11006.833,122780,114656,
2020/07/24,12232.00,12352.00,12123.00,12150.00,-138.00,-1.123,12256.333,12217.800,12177.300,11402.950,11013.333,171550,126525,
2020/07/27,12410.00,12572.00,12407.00,12503.00,353.00,2.9053,12313.667,12312.200,12207.100,11432.883,11021.958,140415,130412,
2020/07/28,12834.00,12900.00,12408.00,12457.00,-46.00,-0.3679,12370.000,12345.800,12234.000,11458.100,11031.392,245626,155023,
2020/07/29,12446.00,12543.00,12392.00,12423.00,-34.00,-0.2729,12461.000,12364.200,12254.300,11488.233,11038.800,138350,163744,
2020/07/30,12617.00,12627.00,12488.00,12596.00,173.00,1.3926,12492.000,12425.800,12310.700,11519.417,11047.583,126208,164429,
2020/07/31,12606.00,12644.00,12525.00,12577.00,-19.00,-0.1508,12532.000,12511.200,12364.500,11549.867,11054.550,129922,156104,
2020/08/03,12531.00,12567.00,12405.00,12443.00,-134.00,-1.0654,12538.667,12499.200,12405.700,11576.700,11061.642,134434,154908,
2020/08/04,12516.00,12632.00,12489.00,12629.00,186.00,1.4948,12549.667,12533.600,12439.700,11605.583,11070.517,111157,128014,
2020/08/05,12700.00,12746.00,12643.00,12744.00,115.00,0.9106,12605.333,12597.800,12481.000,11634.933,11079.500,105206,121385,
2020/08/06,12856.00,12925.00,12753.00,12835.00,91.00,0.7141,12736.000,12645.600,12535.700,11667.767,11088.367,141230,124389,
2020/08/07,12860.00,12866.00,12706.00,12763.00,-72.00,-0.561,12780.667,12682.800,12597.000,11698.567,11096.608,114890,121383,
2020/08/10,12779.00,12905.00,12720.00,12855.00,92.00,0.7208,12817.667,12765.200,12632.200,11733.650,11105.300,109532,116403,
2020/08/11,12825.00,12874.00,12727.00,12737.00,-118.00,-0.9179,12785.000,12786.800,12660.200,11765.633,11113.358,106327,115437,
2020/08/12,12700.00,12701.00,12565.00,12655.00,-82.00,-0.6438,12749.000,12769.000,12683.400,11797.167,11121.817,131329,120661,
2020/08/13,12816.00,12836.00,12702.00,12723.00,68.00,0.5373,12705.000,12746.600,12696.100,11828.017,11129.842,111174,114650,
2020/08/14,12696.00,12790.00,12646.00,12788.00,65.00,0.5109,12722.000,12751.600,12717.200,11859.700,11138.783,98141,111300,
2020/08/17,12776.00,12959.00,12771.00,12955.00,167.00,1.3059,12822.000,12771.600,12768.400,11893.083,11149.542,104307,110255,
2020/08/18,12983.00,12998.00,12836.00,12875.00,-80.00,-0.6175,12872.667,12799.200,12793.000,11928.617,11160.933,113409,111672,
2020/08/19,12905.00,12955.00,12780.00,12806.00,-69.00,-0.5359,12878.667,12829.400,12799.200,11961.767,11171.467,68830,99172,
2020/08/20,12695.00,12709.00,12067.00,12305.00,-501.00,-3.9122,12662.000,12745.800,12746.200,11983.783,11178.833,237634,124464,
2020/08/21,12466.00,12598.00,12423.00,12543.00,238.00,1.9342,12551.333,12696.800,12724.200,12009.967,11189.417,134919,131819,
2020/08/24,12568.00,12653.00,12503.00,12604.00,61.00,0.4863,12484.000,12626.600,12699.100,12038.250,11201.333,103744,131707,
2020/08/25,12657.00,12795.00,12643.00,12737.00,133.00,1.0552,12628.000,12599.000,12699.100,12068.500,11213.108,111854,131396,
2020/08/26,12730.00,12799.00,12681.00,12792.00,55.00,0.4318,12711.000,12596.200,12712.800,12097.417,11225.008,86710,134972,
2020/08/27,12838.00,12925.00,12735.00,12760.00,-32.00,-0.2502,12763.000,12687.200,12716.500,12124.983,11235.575,126484,112742,
2020/08/28,12740.00,12782.00,12634.00,12691.00,-69.00,-0.5408,12747.667,12716.800,12706.800,12148.450,11247.425,138362,113430,
2020/08/31,12800.00,12826.00,12563.00,12591.00,-100.00,-0.788,12680.667,12714.200,12670.400,12169.017,11261.100,142023,121086,
2020/09/01,12566.00,12698.00,12531.00,12691.00,100.00,0.7942,12657.667,12705.000,12652.000,12189.583,11275.325,114310,121577,
2020/09/02,12765.00,12776.00,12595.00,12691.00,0.00,0.00,12657.667,12684.800,12640.500,12208.267,11290.908,126775,129590,
2020/09/03,12792.00,12858.00,12705.00,12732.00,41.00,0.3231,12704.667,12679.200,12683.200,12226.983,11310.617,130376,130369,
2020/09/04,12558.00,12651.00,12510.00,12606.00,-126.00,-0.9896,12676.333,12662.200,12689.500,12241.983,11332.158,130135,128723,
2020/09/07,12608.00,12733.00,12560.00,12582.00,-24.00,-0.1904,12640.000,12660.400,12687.300,12260.167,11356.442,136901,127699,
2020/09/08,12657.00,12695.00,12610.00,12667.00,85.00,0.6756,12618.333,12655.600,12680.300,12281.367,11383.975,109694,126776,
2020/09/09,12545.00,12606.00,12434.00,12598.00,-69.00,-0.5447,12615.667,12637.000,12660.900,12304.183,11411.767,151060,131633,
2020/09/10,12669.00,12706.00,12622.00,12699.00,101.00,0.8017,12654.667,12630.400,12654.800,12323.733,11447.983,106806,126919,
2020/09/11,12658.00,12689.00,12606.00,12661.00,-38.00,-0.2992,12652.667,12641.400,12651.800,12342.733,11478.383,104558,121803,
2020/09/14,12694.00,12797.00,12678.00,12785.00,124.00,0.9794,12715.000,12682.000,12671.200,12365.917,11512.525,100703,114564,
2020/09/15,12768.00,12855.00,12756.00,12840.00,55.00,0.4302,12762.000,12716.600,12686.100,12389.750,11542.917,80253,108676,
2020/09/16,12945.00,13018.00,12900.00,12968.00,128.00,0.9969,12864.333,12790.600,12713.800,12415.500,11571.125,65376,91539,
2020/09/17,12855.00,12908.00,12772.00,12816.00,-152.00,-1.1721,12874.667,12814.000,12722.200,12438.183,11597.608,119667,94111,
2020/09/18,12839.00,12866.00,12773.00,12835.00,19.00,0.1483,12873.000,12848.800,12745.100,12460.050,11624.708,95515,92302,
2020/09/21,12820.00,12877.00,12655.00,12659.00,-176.00,-1.3713,12770.000,12823.600,12752.800,12481.683,11650.400,139403,100042,
2020/09/22,12627.00,12655.00,12481.00,12507.00,-152.00,-1.2007,12667.000,12757.000,12736.800,12498.983,11674.658,129891,109970,
2020/09/23,12553.00,12563.00,12441.00,12528.00,21.00,0.1679,12564.667,12669.000,12729.800,12515.350,11699.458,117800,120455,
2020/09/24,12407.00,12414.00,12166.00,12175.00,-353.00,-2.8177,12403.333,12540.800,12677.400,12523.350,11719.033,170091,130540,
2020/09/25,12265.00,12309.00,12114.00,12195.00,20.00,0.1643,12299.333,12412.800,12630.800,12529.300,11737.350,127927,137022,
2020/09/28,12292.00,12421.00,12246.00,12417.00,222.00,1.8204,12262.333,12364.400,12594.000,12535.167,11756.433,94192,127980,
2020/09/29,12478.00,12522.00,12395.00,12421.00,4.00,0.0322,12344.333,12347.200,12552.100,12541.733,11775.767,102619,122525,
2020/09/30,12456.00,12548.00,12444.00,12472.00,51.00,0.4106,12436.667,12336.000,12502.500,12547.517,11795.258,107581,120482,
2020/10/05,12577.00,12620.00,12486.00,12529.00,57.00,0.457,12474.000,12406.800,12473.800,12553.883,11815.725,93806,105225,
2020/10/06,12618.00,12704.00,12614.00,12675.00,146.00,1.1653,12558.667,12502.800,12457.800,12565.150,11835.133,99212,99482,
2020/10/07,12620.00,12758.00,12606.00,12755.00,80.00,0.6312,12653.000,12570.400,12467.400,12574.317,11854.342,88445,98332,
2020/10/08,12831.00,12876.00,12772.00,12873.00,118.00,0.9251,12767.667,12660.800,12504.000,12585.733,11875.767,98409,97490,
2020/10/12,12935.00,12995.00,12878.00,12920.00,47.00,0.3651,12849.333,12750.400,12543.200,12597.400,11895.425,105691,97112,
2020/10/13,12950.00,12952.00,12816.00,12919.00,-1.00,-0.0077,12904.000,12828.400,12617.600,12612.183,11915.783,98635,98078,
2020/10/14,12940.00,12956.00,12871.00,12888.00,-31.00,-0.24,12909.000,12871.000,12686.900,12626.333,11938.200,81099,94455,
2020/10/15,12838.00,12892.00,12727.00,12840.00,-48.00,-0.3724,12882.333,12888.000,12729.200,12639.817,11959.992,126868,102140,
2020/10/16,12818.00,12865.00,12718.00,12745.00,-95.00,-0.7399,12824.333,12862.400,12761.600,12647.417,11980.433,109644,104387,
2020/10/19,12783.00,12912.00,12782.00,12896.00,151.00,1.1848,12827.000,12857.600,12804.000,12656.833,12002.317,95525,102354,
2020/10/20,12892.00,12905.00,12844.00,12856.00,-40.00,-0.3102,12832.333,12845.000,12836.700,12666.300,12021.558,67480,96123,
2020/10/21,12906.00,12946.00,12851.00,12860.00,4.00,0.0311,12870.667,12839.400,12855.200,12678.133,12040.542,54675,90838,
2020/10/22,12729.00,12839.00,12707.00,12837.00,-23.00,-0.1788,12851.000,12838.800,12863.400,12683.700,12058.292,100532,85571,
2020/10/23,12865.00,12883.00,12795.00,12839.00,2.00,0.0156,12845.333,12857.600,12860.000,12690.067,12074.083,78563,79355,
2020/10/26,12848.00,12935.00,12820.00,12858.00,19.00,0.148,12844.667,12850.000,12853.800,12697.317,12092.775,90490,78348,
2020/10/27,12826.00,12833.00,12765.00,12807.00,-51.00,-0.3966,12834.667,12840.200,12842.600,12700.833,12110.125,81840,81220,
2020/10/28,12780.00,12809.00,12713.00,12739.00,-68.00,-0.531,12801.333,12816.000,12827.700,12703.533,12126.700,87353,87755,
2020/10/29,12598.00,12640.00,12504.00,12602.00,-137.00,-1.0754,12716.000,12769.000,12803.900,12706.183,12141.442,118287,91306,
2020/10/30,12545.00,12563.00,12407.00,12414.00,-188.00,-1.4918,12585.000,12684.000,12770.800,12702.600,12154.092,121262,99846,
2020/11/02,12474.00,12531.00,12402.00,12515.00,101.00,0.8136,12510.333,12615.400,12732.700,12698.783,12166.858,97072,101162,
2020/11/03,12611.00,12715.00,12602.00,12685.00,170.00,1.3584,12538.000,12591.000,12715.600,12696.283,12182.025,90446,102884,
2020/11/04,12770.00,12879.00,12662.00,12865.00,180.00,1.419,12688.333,12616.200,12716.100,12697.983,12198.275,149792,115371,
2020/11/05,12924.00,12928.00,12821.00,12890.00,25.00,0.1943,12813.333,12673.800,12721.400,12698.567,12216.108,90561,109826,
2020/11/06,12942.00,12991.00,12896.00,12936.00,46.00,0.3569,12897.000,12778.200,12731.100,12701.883,12233.758,100680,105710,
2020/11/09,13090.00,13175.00,13046.00,13121.00,185.00,1.4301,12982.333,12899.400,12757.400,12709.650,12253.408,116402,109576,
2020/11/10,13130.00,13154.00,13010.00,13071.00,-50.00,-0.3811,13042.667,12976.600,12783.800,12715.450,12271.733,109754,113437,
2020/11/11,13101.00,13281.00,13077.00,13263.00,192.00,1.4689,13151.667,13056.200,12836.200,12723.367,12291.533,107523,104984,
2020/11/12,13266.00,13305.00,13193.00,13230.00,-33.00,-0.2488,13188.000,13124.200,12899.000,12727.950,12310.517,89752,104822,
2020/11/13,13227.00,13285.00,13163.00,13284.00,54.00,0.4082,13259.000,13193.800,12986.000,12734.767,12331.692,83649,101416,
2020/11/16,13407.00,13582.00,13406.00,13581.00,297.00,2.2358,13365.000,13285.800,13092.600,12747.683,12354.725,99291,97993,
2020/11/17,13656.00,13737.00,13603.00,13625.00,44.00,0.324,13496.667,13396.600,13186.600,12769.683,12376.733,99847,96012,
2020/11/18,13632.00,13788.00,13621.00,13756.00,131.00,0.9615,13654.000,13495.200,13275.700,12789.900,12399.933,65556,87619,
2020/11/19,13732.00,13750.00,13662.00,13740.00,-16.00,-0.1163,13707.000,13597.200,13360.700,12808.833,12423.542,95252,88719,
2020/11/20,13724.00,13737.00,13640.00,13736.00,-4.00,-0.0291,13744.000,13687.600,13440.700,12825.483,12446.992,85959,89181,
2020/11/23,13790.00,13943.00,13788.00,13875.00,139.00,1.0119,13783.667,13746.400,13516.100,12843.533,12470.475,115042,92331,
2020/11/24,13921.00,13928.00,13777.00,13804.00,-71.00,-0.5117,13805.000,13782.200,13589.400,12860.933,12492.958,88315,90024,
2020/11/25,13886.00,13909.00,13692.00,13709.00,-95.00,-0.6882,13796.000,13772.800,13634.000,12877.900,12513.175,121765,101266,
2020/11/26,13788.00,13862.00,13741.00,13841.00,132.00,0.9629,13784.667,13793.000,13695.100,12898.733,12533.875,96591,101534,
2020/11/27,13781.00,13890.00,13763.00,13878.00,37.00,0.2673,13809.333,13821.400,13754.500,12918.517,12554.050,94121,103166,
2020/11/30,13883.00,13975.00,13704.00,13722.00,-156.00,-1.1241,13813.667,13790.800,13768.600,12935.700,12571.983,133848,106928,
2020/12/01,13818.00,13885.00,13751.00,13877.00,155.00,1.1296,13825.667,13805.400,13793.800,12954.783,12590.883,91149,107494,
2020/12/02,13932.00,13980.00,13855.00,13956.00,79.00,0.5693,13851.667,13854.800,13813.800,12977.283,12609.633,109526,105047,
2020/12/03,13971.00,14047.00,13903.00,13986.00,30.00,0.215,13939.667,13883.800,13838.400,13000.683,12630.425,123415,110411,
2020/12/04,14022.00,14149.00,14012.00,14138.00,152.00,1.0868,14026.667,13935.800,13878.600,13025.200,12653.283,107795,113146,
2020/12/07,14181.00,14247.00,14087.00,14225.00,87.00,0.6154,14116.333,14036.400,13913.600,13052.317,12678.250,124683,111313,
2020/12/08,14206.00,14350.00,14156.00,14342.00,117.00,0.8225,14235.000,14129.400,13967.400,13079.700,12701.717,109702,115024,
2020/12/09,14372.00,14425.00,14331.00,14397.00,55.00,0.3835,14321.333,14217.600,14036.200,13108.633,12725.683,95553,112229,
2020/12/10,14261.00,14314.00,14178.00,14241.00,-156.00,-1.0836,14326.667,14268.600,14076.200,13132.900,12749.408,124762,112499,
2020/12/11,14290.00,14340.00,14091.00,14236.00,-5.00,-0.0351,14291.333,14288.200,14112.000,13156.167,12772.958,152573,121454,
2020/12/14,14264.00,14285.00,14197.00,14200.00,-36.00,-0.2529,14225.667,14283.200,14159.800,13176.700,12796.100,96649,115847,
2020/12/15,14162.00,14232.00,14030.00,14085.00,-115.00,-0.8099,14173.667,14231.800,14180.600,13197.850,12818.017,133830,120673,
2020/12/16,14198.00,14328.00,14186.00,14323.00,238.00,1.6897,14202.667,14217.000,14217.300,13222.650,12841.350,69720,115506,
2020/12/17,14220.00,14225.00,14085.00,14186.00,-137.00,-0.9565,14198.000,14206.000,14237.300,13248.100,12864.892,115652,113684,
2020/12/18,14190.00,14222.00,14128.00,14137.00,-49.00,-0.3454,14215.333,14186.200,14237.200,13275.267,12887.125,89377,101045,
2020/12/21,14155.00,14313.00,14021.00,14312.00,175.00,1.2379,14211.667,14208.600,14245.900,13305.000,12910.175,134417,108599,
2020/12/22,14253.00,14334.00,14042.00,14046.00,-266.00,-1.8586,14165.000,14200.800,14216.300,13336.183,12929.767,135918,109016,
2020/12/23,14104.00,14181.00,14031.00,14113.00,67.00,0.477,14157.000,14158.800,14187.900,13368.150,12948.725,115155,118103,
2020/12/24,14185.00,14287.00,14179.00,14242.00,129.00,0.9141,14133.667,14170.000,14188.000,13398.567,12966.867,105890,116151,
2020/12/25,14328.00,14383.00,14245.00,14305.00,63.00,0.4424,14220.000,14203.600,14194.900,13429.967,12985.850,88382,115952,
2020/12/28,14329.00,14444.00,14320.00,14437.00,132.00,0.9228,14328.000,14228.600,14218.600,13462.717,13005.117,81663,105401,
2020/12/29,14465.00,14466.00,14376.00,14459.00,22.00,0.1524,14400.333,14311.200,14256.000,13494.883,13024.383,79140,94046,
2020/12/30,14451.00,14643.00,14440.00,14638.00,179.00,1.238,14511.333,14416.200,14287.500,13527.600,13046.375,97715,90558,
2020/12/31,14678.00,14712.00,14604.00,14678.00,40.00,0.2733,14591.667,14503.400,14336.700,13559.650,13066.983,95250,88430,
2021/01/04,14640.00,14925.00,14635.00,14874.00,196.00,1.3353,14730.000,14617.200,14410.400,13593.000,13089.367,136418,98037,
2021/01/05,14874.00,14980.00,14836.00,14977.00,103.00,0.6925,14843.000,14725.200,14476.900,13627.283,13112.342,110584,103821,
2021/01/06,15048.00,15140.00,14764.00,14911.00,-66.00,-0.4407,14920.667,14815.600,14563.400,13660.483,13136.333,232247,134442,
2021/01/07,15050.00,15260.00,15024.00,15230.00,319.00,2.1394,15039.333,14934.000,14675.100,13699.517,13162.925,150718,145043,
2021/01/08,15376.00,15473.00,15264.00,15454.00,224.00,1.4708,15198.333,15089.200,14796.300,13743.083,13191.450,157479,157489,
2021/01/11,15420.00,15538.00,15369.00,15534.00,80.00,0.5177,15406.000,15221.200,14919.200,13789.567,13218.492,138091,157823,
2021/01/12,15517.00,15605.00,15407.00,15493.00,-41.00,-0.2639,15493.667,15324.400,15024.800,13832.850,13244.842,174168,170540,
2021/01/13,15557.00,15790.00,15555.00,15764.00,271.00,1.7492,15597.000,15495.000,15155.300,13881.317,13273.808,154207,154932,
2021/01/14,15705.00,15766.00,15632.00,15729.00,-35.00,-0.222,15662.000,15594.800,15264.400,13929.133,13303.633,119908,148770,
2021/01/15,15950.00,16002.00,15584.00,15634.00,-95.00,-0.604,15709.000,15630.800,15360.000,13975.750,13329.725,223867,162048,
2021/01/18,15637.00,15679.00,15327.00,15606.00,-28.00,-0.1791,15656.333,15645.200,15433.200,14021.867,13355.967,177780,169986,
2021/01/19,15714.00,15946.00,15710.00,15888.00,282.00,1.807,15709.333,15724.200,15524.300,14072.367,13384.842,147332,164618,
2021/01/20,15899.00,15964.00,15735.00,15766.00,-122.00,-0.7679,15753.333,15724.600,15609.800,14121.683,13411.258,118918,157561,
2021/01/21,15803.00,16183.00,15769.00,16129.00,363.00,2.3024,15927.667,15804.600,15699.700,14178.183,13440.858,231029,179785,
2021/01/22,16051.00,16085.00,15928.00,15984.00,-145.00,-0.899,15959.667,15874.600,15752.700,14234.550,13470.367,160968,167205,
2021/01/25,15956.00,16004.00,15719.00,15912.00,-72.00,-0.4505,16008.333,15935.800,15790.500,14292.850,13497.725,167725,165194,
2021/01/26,15865.00,15974.00,15537.00,15626.00,-286.00,-1.7974,15840.667,15883.400,15803.800,14344.700,13521.742,228676,181463,
2021/01/27,15725.00,15814.00,15585.00,15660.00,34.00,0.2176,15732.667,15862.200,15793.400,14394.283,13545.283,183234,194326,
2021/01/28,15411.00,15524.00,15305.00,15383.00,-277.00,-1.7688,15556.333,15713.000,15758.800,14436.250,13567.117,201902,188501,
2021/01/29,15498.00,15539.00,15063.00,15075.00,-308.00,-2.0022,15372.667,15531.200,15702.900,14472.667,13585.617,203189,196945,
2021/02/01,15156.00,15398.00,15090.00,15360.00,285.00,1.8905,15272.667,15420.800,15678.300,14513.067,13607.475,164061,196212,
2021/02/02,15469.00,15820.00,15459.00,15755.00,395.00,2.5716,15396.667,15446.600,15665.000,14556.967,13633.308,175239,185525,
2021/02/03,15864.00,15875.00,15716.00,15772.00,17.00,0.1079,15629.000,15469.000,15665.600,14601.983,13658.717,140799,177038,
2021/02/04,15721.00,15777.00,15542.00,15701.00,-71.00,-0.4502,15742.667,15532.600,15622.800,14642.617,13682.992,159362,168530,
2021/02/05,15809.00,15984.00,15751.00,15804.00,103.00,0.656,15759.000,15678.400,15604.800,14685.517,13706.733,158711,159634,
2021/02/17,16261.00,16433.00,16179.00,16326.00,522.00,3.303,15943.667,15871.600,15646.200,14736.217,13735.492,97829,146388,
2021/02/18,16374.00,16525.00,16287.00,16380.00,54.00,0.3308,16170.000,15996.600,15721.600,14782.867,13765.275,152649,141870,
2021/02/19,16301.00,16328.00,16130.00,16314.00,-66.00,-0.4029,16340.000,16105.000,15787.000,14827.683,13798.683,152657,144241,
2021/02/22,16480.00,16564.00,16336.00,16385.00,71.00,0.4352,16359.667,16241.800,15887.200,14871.500,13830.700,151213,142611,
2021/02/23,16223.00,16451.00,16182.00,16437.00,52.00,0.3174,16378.667,16368.400,16023.400,14916.450,13862.642,136215,138112,
2021/02/24,16300.00,16435.00,16133.00,16182.00,-255.00,-1.5514,16334.667,16339.600,16105.600,14957.217,13891.350,178964,154339,
2021/02/25,16388.00,16422.00,16243.00,16388.00,206.00,1.273,16335.667,16341.200,16168.900,14999.100,13921.317,133910,150591,
2021/02/26,16037.00,16118.00,15852.00,15935.00,-453.00,-2.7642,16168.333,16265.400,16185.200,15034.617,13947.775,197461,159552,
2021/03/02,16249.00,16277.00,15868.00,15907.00,-28.00,-0.1757,16076.667,16169.800,16205.800,15071.250,13974.575,146169,158543,
2021/03/03,16000.00,16196.00,15885.00,16181.00,274.00,1.7225,16007.667,16118.600,16243.500,15110.250,14004.492,151923,161685,
2021/03/04,16025.00,16066.00,15756.00,15925.00,-256.00,-1.5821,16004.333,16067.200,16203.400,15144.367,14031.442,198456,165583,
2021/03/05,15601.00,15914.00,15570.00,15855.00,-70.00,-0.4396,15987.000,15960.600,16150.900,15179.917,14057.808,168052,172412,
2021/03/08,15950.00,16095.00,15767.00,15816.00,-39.00,-0.246,15865.333,15936.800,16101.100,15212.233,14083.508,175215,167963,
2021/03/09,15810.00,15848.00,15608.00,15822.00,6.00,0.0379,15831.000,15919.800,16044.800,15243.333,14110.308,170669,172863,
2021/03/10,15977.00,15986.00,15808.00,15883.00,61.00,0.3855,15840.333,15860.200,15989.400,15274.950,14137.817,135501,169578,
2021/03/11,15951.00,16214.00,15942.00,16174.00,291.00,1.8321,15959.667,15910.000,15988.600,15308.883,14167.042,134085,156704,
2021/03/12,16276.00,16288.00,16155.00,16222.00,48.00,0.2968,16093.000,15983.400,15972.000,15342.167,14197.242,111380,145370,
2021/03/15,16206.00,16249.00,16142.00,16200.00,-22.00,-0.1356,16198.667,16060.200,15998.500,15373.133,14226.417,104404,131207,
2021/03/16,16250.00,16348.00,16213.00,16305.00,105.00,0.6481,16242.333,16156.800,16038.300,15404.933,14256.783,108989,118871,
2021/03/17,16304.00,16336.00,16161.00,16176.00,-129.00,-0.7912,16227.000,16215.400,16037.800,15437.183,14285.042,70775,105926,
2021/03/18,16255.00,16401.00,16220.00,16239.00,63.00,0.3895,16240.000,16228.400,16069.200,15470.567,14313.367,138607,106831,
2021/03/19,16100.00,16110.00,15953.00,16012.00,-227.00,-1.3979,16142.333,16186.400,16084.900,15500.767,14338.733,149659,114486,
2021/03/22,16018.00,16174.00,15911.00,16140.00,128.00,0.7994,16130.333,16174.400,16117.300,15535.017,14366.433,134486,120503,
2021/03/23,16223.00,16277.00,16103.00,16120.00,-20.00,-0.1239,16090.667,16137.400,16147.100,15564.967,14393.808,116871,122079,
2021/03/24,16019.00,16062.00,15939.00,15983.00,-137.00,-0.8499,16081.000,16098.800,16157.100,15594.917,14421.508,131631,134250,
2021/03/25,15890.00,16090.00,15870.00,16032.00,49.00,0.3066,16045.000,16057.400,16142.900,15626.500,14450.883,136257,133780,
2021/03/26,16095.00,16293.00,16081.00,16288.00,256.00,1.5968,16101.000,16112.600,16149.500,15659.433,14482.217,123690,128587,
2021/03/29,16370.00,16485.00,16350.00,16411.00,123.00,0.7552,16243.667,16166.800,16170.600,15698.850,14517.517,112020,124093,
2021/03/30,16469.00,16531.00,16418.00,16519.00,108.00,0.6581,16406.000,16246.600,16192.000,15738.950,14553.550,100761,120871,
2021/03/31,16540.00,16549.00,16403.00,16422.00,-97.00,-0.5872,16450.667,16334.400,16216.600,15775.283,14586.925,103715,115288,
2021/04/01,16535.00,16587.00,16452.00,16551.00,129.00,0.7855,16497.333,16438.200,16247.800,15812.717,14621.342,114810,110999,
2021/04/06,16760.00,16840.00,16697.00,16731.00,180.00,1.0875,16568.000,16526.800,16319.700,15850.950,14656.833,103529,106967,
2021/04/07,16777.00,16788.00,16673.00,16768.00,37.00,0.2211,16683.333,16598.200,16382.500,15889.433,14692.158,92995,103162,
2021/04/08,16715.00,16930.00,16687.00,16930.00,162.00,0.9661,16809.667,16680.400,16463.500,15927.633,14727.617,111152,105240,
2021/04/09,16952.00,16971.00,16810.00,16841.00,-89.00,-0.5257,16846.333,16764.200,16549.300,15963.683,14761.667,102589,105015,
2021/04/12,16895.00,16965.00,16760.00,16834.00,-7.00,-0.0416,16868.333,16820.800,16629.500,15996.350,14794.675,112795,104612,
2021/04/13,16910.00,17046.00,16780.00,16795.00,-39.00,-0.2317,16823.333,16833.600,16680.200,16026.650,14826.967,149960,113898,
2021/04/14,16860.00,16917.00,16592.00,16856.00,61.00,0.3632,16828.333,16851.200,16724.700,16059.067,14859.775,184815,132262,
2021/04/15,16881.00,17074.00,16852.00,17071.00,215.00,1.2755,16907.333,16879.400,16779.900,16089.750,14894.633,131427,136317,
2021/04/16,17062.00,17160.00,16990.00,17158.00,87.00,0.5096,17028.333,16942.800,16853.500,16118.150,14930.617,123739,140547,
2021/04/19,17118.00,17296.00,17111.00,17271.00,113.00,0.6586,17166.667,17030.200,16925.500,16147.100,14968.333,103693,138726,
2021/04/20,17238.00,17324.00,17206.00,17319.00,48.00,0.2779,17249.333,17135.000,16984.300,16177.533,15005.192,99047,128544,
2021/04/21,17225.00,17270.00,17150.00,17231.00,-88.00,-0.5081,17273.667,17210.000,17030.600,16201.983,15041.650,82281,108037,
2021/04/22,17258.00,17369.00,17053.00,17109.00,-122.00,-0.708,17219.667,17217.600,17048.500,16224.983,15077.058,189631,119678,
2021/04/23,17061.00,17260.00,17041.00,17257.00,148.00,0.865,17199.000,17237.400,17090.100,16252.033,15113.892,122667,119463,
2021/04/26,17337.00,17536.00,17323.00,17530.00,273.00,1.582,17298.667,17289.200,17159.700,16284.100,15152.983,128090,124343,
2021/04/27,17532.00,17576.00,17460.00,17571.00,41.00,0.2339,17452.667,17339.600,17237.300,16312.150,15192.258,120401,128614,
2021/04/28,17548.00,17563.00,17475.00,17533.00,-38.00,-0.2163,17544.667,17400.000,17305.000,16341.600,15231.642,101939,132545,
2021/04/29,17578.00,17702.00,17531.00,17571.00,38.00,0.2167,17558.333,17492.400,17355.000,16365.633,15271.908,150269,124673,
2021/05/03,17501.00,17534.00,17226.00,17253.00,-318.00,-1.8098,17452.333,17491.600,17364.500,16386.783,15310.667,184143,136968,
2021/05/04,17271.00,17309.00,16668.00,16933.00,-320.00,-1.8547,17252.333,17372.200,17330.700,16403.800,15348.325,242821,159914,
2021/05/05,16847.00,17020.00,16756.00,16769.00,-164.00,-0.9685,16985.000,17211.800,17275.700,16422.850,15383.775,156870,167208,
2021/05/06,16884.00,17081.00,16700.00,16944.00,175.00,1.0436,16882.000,17094.000,17247.000,16444.250,15419.267,197351,186290,
2021/05/07,17120.00,17288.00,17060.00,17287.00,343.00,2.0243,17000.000,17037.200,17264.800,16475.983,15456.117,142220,184681,
2021/05/10,17369.00,17373.00,17178.00,17228.00,-59.00,-0.3413,17153.000,17032.200,17261.900,16511.867,15492.267,125075,172867,
2021/05/11,16968.00,16970.00,16425.00,16556.00,-672.00,-3.9006,17023.667,16956.800,17164.500,16531.800,15522.433,244702,173243,
2021/05/12,16503.00,16531.00,15027.00,15692.00,-864.00,-5.2187,16492.000,16741.400,16976.600,16530.750,15543.858,365799,215029,
2021/05/13,15538.00,15991.00,15348.00,15566.00,-126.00,-0.803,15938.000,16465.800,16779.900,16527.317,15564.650,233564,222272,
2021/05/14,15800.00,16021.00,15653.00,15772.00,206.00,1.3234,15676.667,16162.800,16600.000,16528.500,15585.558,214696,236767,
2021/05/17,15183.00,15735.00,15096.00,15263.00,-509.00,-3.2272,15533.667,15769.800,16401.000,16519.483,15602.500,256471,263046,
2021/05/18,15563.00,16180.00,15501.00,16147.00,884.00,5.7918,15727.333,15688.000,16322.400,16516.500,15626.358,203129,254731,
2021/05/19,16122.00,16248.00,15979.00,16138.00,-9.00,-0.0557,15849.333,15777.200,16259.300,16512.467,15647.667,114547,204481,
2021/05/20,16078.00,16113.00,15854.00,15981.00,-157.00,-0.9729,16088.667,15860.200,16163.000,16506.917,15667.300,157663,189301,
2021/05/21,16222.00,16425.00,16072.00,16257.00,276.00,1.7271,16125.333,15957.200,16060.000,16504.783,15688.142,183369,183035,
2021/05/24,16079.00,16368.00,16069.00,16294.00,37.00,0.2276,16177.333,16163.400,15966.600,16502.400,15709.425,138277,159397,
2021/05/25,16463.00,16623.00,16425.00,16585.00,291.00,1.7859,16378.667,16251.000,15969.500,16509.117,15733.167,144203,147611,
2021/05/26,16616.00,16664.00,16504.00,16616.00,31.00,0.1869,16498.333,16346.600,16061.900,16512.917,15756.008,104531,145608,
2021/05/27,16593.00,16595.00,16219.00,16534.00,-82.00,-0.4935,16578.333,16457.200,16158.700,16522.900,15778.758,150071,144090,
2021/05/28,16731.00,16878.00,16673.00,16863.00,329.00,1.9898,16671.000,16578.400,16267.800,16538.833,15805.042,124140,132244,
2021/05/31,16891.00,17098.00,16884.00,17013.00,150.00,0.8895,16803.333,16722.200,16442.800,16552.700,15831.475,143425,133274,
2021/06/01,17050.00,17148.00,17015.00,17130.00,117.00,0.6877,17002.000,16831.200,16541.100,16572.783,15858.575,115114,127456,
2021/06/02,17171.00,17198.00,17016.00,17098.00,-32.00,-0.1868,17080.333,16927.600,16637.100,16593.500,15886.708,120228,130595,
2021/06/03,17253.00,17313.00,17147.00,17230.00,132.00,0.772,17152.667,17066.800,16762.000,16617.067,15914.650,129666,126514,
2021/06/04,17051.00,17159.00,17025.00,17100.00,-130.00,-0.7545,17142.667,17114.200,16846.300,16638.367,15940.850,108240,123334,
2021/06/07,17212.00,17229.00,16719.00,17090.00,-10.00,-0.0585,17140.000,17129.600,16925.900,16658.483,15966.717,175677,129785,
2021/06/08,17190.00,17198.00,17030.00,17090.00,0.00,0.00,17093.333,17121.600,16976.400,16673.750,15991.317,102166,127195,
2021/06/09,16997.00,17073.00,16889.00,16963.00,-127.00,-0.7431,17047.667,17094.600,17011.100,16686.100,16014.133,119910,127131,
2021/06/10,17035.00,17175.00,16992.00,17159.00,196.00,1.1555,17070.667,17080.400,17073.600,16702.083,16037.608,125623,126323,
2021/06/11,17189.00,17298.00,17189.00,17219.00,60.00,0.3497,17113.667,17104.200,17109.200,16717.317,16061.125,101792,125033,
2021/06/15,17322.00,17402.00,17276.00,17398.00,179.00,1.0395,17258.667,17165.800,17147.700,16737.683,16087.433,95967,109091,
2021/06/16,17324.00,17398.00,17033.00,17345.00,-53.00,-0.3046,17320.667,17216.800,17169.200,16756.117,16113.342,66516,101961,
2021/06/17,17070.00,17298.00,17039.00,17297.00,-48.00,-0.2767,17346.667,17283.600,17189.100,16777.533,16139.150,101443,98268,
2021/06/18,17315.00,17332.00,17212.00,17252.00,-45.00,-0.2602,17298.000,17302.200,17191.300,16796.067,16165.542,96090,92361,
2021/06/21,17048.00,17149.00,16891.00,16962.00,-290.00,-1.681,17170.333,17250.800,17177.500,16810.100,16187.533,141986,100400,
2021/06/22,17155.00,17180.00,16988.00,17028.00,66.00,0.3891,17080.667,17176.800,17171.300,16827.517,16211.217,100072,101221,
2021/06/23,17100.00,17319.00,17059.00,17272.00,244.00,1.4329,17087.333,17162.200,17189.500,16848.183,16237.342,126987,113315,
2021/06/24,17298.00,17398.00,17261.00,17336.00,64.00,0.3705,17212.000,17170.000,17226.800,16865.650,16262.542,92468,111520,
2021/06/25,17438.00,17562.00,17377.00,17419.00,83.00,0.4788,17342.333,17203.400,17252.800,16882.450,16290.650,113747,115052,
2021/06/28,17484.00,17560.00,17398.00,17535.00,116.00,0.6659,17430.000,17318.000,17284.400,16899.383,16319.167,81297,102914,
2021/06/29,17595.00,17623.00,17451.00,17529.00,-6.00,-0.0342,17494.333,17418.200,17297.500,16917.833,16346.558,114831,105866,
2021/06/30,17610.00,17766.00,17583.00,17715.00,186.00,1.0611,17593.000,17506.800,17334.500,16937.233,16374.975,104369,101342,
2021/07/01,17678.00,17774.00,17555.00,17646.00,-69.00,-0.3895,17630.000,17568.800,17369.400,16952.483,16401.717,122680,107384,
2021/07/02,17651.00,17724.00,17588.00,17653.00,7.00,0.0397,17671.333,17615.600,17409.500,16967.233,16428.333,101450,104925,
2021/07/05,17755.00,17920.00,17742.00,17898.00,245.00,1.3879,17732.333,17688.200,17503.100,16983.367,16455.500,107652,110196,
2021/07/06,17956.00,17974.00,17858.00,17878.00,-20.00,-0.1117,17809.667,17758.000,17588.100,17000.650,16482.167,84402,104110,
2021/07/07,17821.00,17906.00,17715.00,17830.00,-48.00,-0.2685,17868.667,17781.000,17643.900,17017.250,16506.800,109367,105110,
2021/07/08,17876.00,17897.00,17694.00,17825.00,-5.00,-0.028,17844.333,17816.800,17692.800,17034.417,16530.533,115967,103767,
2021/07/09,17662.00,17700.00,17526.00,17658.00,-167.00,-0.9369,17771.000,17817.800,17716.700,17047.783,16553.425,137903,111058,
2021/07/12,17848.00,17960.00,17770.00,17824.00,166.00,0.9401,17769.000,17803.000,17745.600,17060.333,16575.042,127641,115056,
2021/07/13,17958.00,18030.00,17824.00,17869.00,45.00,0.2525,17783.667,17801.200,17779.600,17072.183,16595.167,123186,122812,
2021/07/14,17846.00,17924.00,17748.00,17874.00,5.00,0.028,17855.667,17810.000,17795.500,17082.233,16614.667,119916,124922,
2021/07/15,17919.00,18046.00,17868.00,18022.00,148.00,0.828,17921.667,17849.400,17833.100,17093.950,16635.742,102470,122223,
2021/07/16,17826.00,17928.00,17772.00,17925.00,-97.00,-0.5382,17940.333,17902.800,17860.300,17105.517,16653.750,108304,116303,
2021/07/19,17717.00,17813.00,17647.00,17794.00,-131.00,-0.7308,17913.667,17896.800,17849.900,17116.933,16670.958,124038,115582,
2021/07/20,17680.00,17716.00,17478.00,17558.00,-236.00,-1.3263,17759.000,17834.600,17817.900,17121.950,16686.992,133498,117645,
2021/07/21,17655.00,17674.00,17376.00,17430.00,-128.00,-0.729,17594.000,17745.800,17777.900,17120.283,16702.192,85482,110758,
2021/07/22,17441.00,17525.00,17347.00,17407.00,-23.00,-0.132,17465.000,17622.800,17736.100,17117.550,16714.850,124291,115122,
2021/07/23,17486.00,17559.00,17380.00,17407.00,0.00,0.00,17414.667,17519.200,17711.000,17115.450,16728.525,115854,116632,
2021/07/26,17473.00,17479.00,17197.00,17202.00,-205.00,-1.1777,17338.667,17400.800,17648.800,17109.300,16737.467,108582,113541,
2021/07/27,17322.00,17348.00,17153.00,17173.00,-29.00,-0.1686,17260.667,17323.800,17579.200,17107.967,16747.375,118268,110495,
2021/07/28,17062.00,17136.00,16733.00,16965.00,-208.00,-1.2112,17113.333,17230.800,17488.300,17108.500,16756.150,203423,134083,
2021/07/29,17136.00,17332.00,17068.00,17331.00,366.00,2.1574,17156.333,17215.600,17419.200,17117.867,16770.358,123014,133828,
2021/07/30,17285.00,17299.00,17126.00,17173.00,-158.00,-0.9117,17156.333,17168.800,17344.000,17121.683,16782.967,116506,133958,
2021/08/02,17313.00,17470.00,17160.00,17470.00,297.00,1.7295,17324.667,17222.400,17311.600,17124.733,16800.358,131214,138485,
2021/08/03,17426.00,17496.00,17361.00,17484.00,14.00,0.0801,17375.667,17284.600,17304.200,17129.000,16820.433,95188,133869,
2021/08/04,17491.00,17586.00,17464.00,17571.00,87.00,0.4976,17508.333,17405.800,17318.300,17145.917,16838.858,89061,110996,
2021/08/05,17570.00,17584.00,17520.00,17542.00,-29.00,-0.165,17532.333,17448.000,17331.800,17176.750,16853.750,65462,99486,
2021/08/06,17555.00,17560.00,17353.00,17437.00,-105.00,-0.5986,17516.667,17500.800,17334.800,17207.933,16867.625,110072,98199,
2021/08/09,17438.00,17448.00,17235.00,17404.00,-33.00,-0.1893,17461.000,17487.600,17355.000,17235.133,16881.817,124472,96851,
2021/08/10,17396.00,17443.00,17259.00,17299.00,-105.00,-0.6033,17380.000,17450.600,17367.600,17269.067,16894.275,109033,99620,
2021/08/11,17217.00,17298.00,17078.00,17171.00,-128.00,-0.7399,17291.333,17370.600,17388.200,17286.133,16901.317,140906,109989,
2021/08/12,17207.00,17235.00,17125.00,17157.00,-14.00,-0.0815,17209.000,17293.600,17370.800,17303.117,16907.792,91388,115174,
2021/08/13,17185.00,17190.00,16934.00,16934.00,-223.00,-1.2998,17087.333,17193.000,17346.900,17319.000,16912.958,148896,122939,
2021/08/16,16829.00,16936.00,16750.00,16772.00,-162.00,-0.9567,16954.333,17066.600,17277.100,17327.583,16916.183,134562,124957,
2021/08/17,16850.00,16873.00,16575.00,16580.00,-192.00,-1.1448,16762.000,16922.800,17186.700,17332.350,16917.375,117535,126657,
2021/08/18,16440.00,16796.00,16389.00,16784.00,204.00,1.2304,16712.000,16845.400,17108.000,17335.667,16922.392,100900,118656,
2021/08/19,16611.00,16648.00,16256.00,16329.00,-455.00,-2.7109,16564.333,16679.800,16986.700,17330.883,16921.900,196612,139701,
2021/08/20,16297.00,16426.00,16145.00,16193.00,-136.00,-0.8329,16435.333,16531.600,16862.300,17325.200,16924.050,175893,145100,
2021/08/23,16427.00,16729.00,16393.00,16684.00,491.00,3.0322,16402.000,16514.000,16790.300,17322.217,16930.525,127297,143647,
2021/08/24,16822.00,16842.00,16717.00,16784.00,100.00,0.5994,16553.667,16554.800,16738.800,17318.400,16935.550,90435,138227,
2021/08/25,16794.00,16982.00,16785.00,16963.00,179.00,1.0665,16810.333,16590.600,16718.000,17315.617,16944.200,109356,139918,
2021/08/26,17103.00,17125.00,16882.00,16995.00,32.00,0.1886,16914.000,16723.800,16701.800,17313.900,16953.700,127097,126015,
2021/08/27,16940.00,17218.00,16908.00,17170.00,175.00,1.0297,17042.667,16919.200,16725.400,17312.900,16964.983,122511,115339,
2021/08/30,17249.00,17353.00,17206.00,17339.00,169.00,0.9843,17168.000,17050.200,16782.100,17316.883,16977.625,95668,109013,
2021/08/31,17276.00,17468.00,17144.00,17457.00,118.00,0.6805,17322.000,17184.800,16869.800,17323.000,16990.742,138350,118596,
2021/09/01,17408.00,17500.00,17363.00,17476.00,19.00,0.1088,17424.000,17287.400,16939.000,17329.433,17001.592,110554,118836,
2021/09/02,17434.00,17507.00,17266.00,17320.00,-156.00,-0.8927,17417.667,17352.400,17038.100,17335.383,17010.742,136590,120734,
2021/09/03,17442.00,17553.00,17370.00,17509.00,189.00,1.0912,17435.000,17420.200,17169.700,17341.217,17021.650,114187,119069,
2021/09/06,17440.00,17596.00,17425.00,17496.00,-13.00,-0.0742,17441.667,17451.600,17250.900,17345.833,17031.575,118875,123711,
2021/09/07,17522.00,17529.00,17337.00,17422.00,-74.00,-0.423,17475.667,17444.600,17314.700,17346.233,17041.958,125083,121057,
2021/09/08,17395.00,17426.00,17163.00,17262.00,-160.00,-0.9184,17393.333,17401.800,17344.600,17344.850,17050.483,151473,129241,
2021/09/09,17142.00,17291.00,17084.00,17235.00,-27.00,-0.1564,17306.333,17384.800,17368.600,17343.817,17060.675,124510,126825,
2021/09/10,17300.00,17479.00,17284.00,17473.00,238.00,1.3809,17323.333,17377.600,17398.900,17347.500,17071.783,108121,125612,
2021/09/13,17434.00,17492.00,17356.00,17442.00,-31.00,-0.1774,17383.333,17366.800,17409.200,17355.500,17082.800,100818,122001,
2021/09/14,17541.00,17569.00,17426.00,17461.00,19.00,0.1089,17458.667,17374.600,17409.600,17362.717,17095.117,89454,114875,
2021/09/15,17403.00,17433.00,17280.00,17382.00,-79.00,-0.4524,17428.333,17398.600,17400.200,17364.550,17106.367,72296,99039,
2021/09/16,17337.00,17362.00,17191.00,17248.00,-134.00,-0.7709,17363.667,17401.200,17393.000,17363.083,17114.367,93144,92766,
2021/09/17,17256.00,17395.00,17165.00,17298.00,50.00,0.2899,17309.333,17366.200,17371.900,17361.067,17121.758,117475,94637,
2021/09/22,16835.00,16940.00,16751.00,16900.00,-398.00,-2.3008,17148.667,17257.800,17312.300,17350.483,17124.933,134552,101384,
2021/09/23,17020.00,17130.00,16985.00,17080.00,180.00,1.0651,17092.667,17181.600,17278.100,17343.000,17130.417,99563,103406,
2021/09/24,17191.00,17275.00,17170.00,17250.00,170.00,0.9953,17076.667,17155.200,17276.900,17335.250,17136.242,92944,107535,
2021/09/27,17247.00,17344.00,17222.00,17292.00,42.00,0.2435,17207.333,17164.000,17282.600,17329.350,17140.917,94561,107819,
2021/09/28,17182.00,17183.00,17042.00,17170.00,-122.00,-0.7055,17237.333,17138.400,17252.300,17321.300,17144.267,103522,105028,
2021/09/29,16926.00,16937.00,16760.00,16823.00,-347.00,-2.021,17095.000,17123.000,17190.400,17303.383,17143.375,148537,107825,
2021/09/30,16803.00,16966.00,16704.00,16917.00,94.00,0.5588,16970.000,17090.400,17136.000,17287.367,17144.008,129062,113725,
2021/10/01,16800.00,16805.00,16415.00,16517.00,-400.00,-2.3645,16752.333,16943.800,17049.500,17265.483,17141.367,162803,127697,
2021/10/04,16588.00,16629.00,16313.00,16358.00,-159.00,-0.9626,16597.333,16757.000,16960.500,17241.033,17137.725,140746,136934,
2021/10/05,16240.00,16424.00,16107.00,16398.00,40.00,0.2445,16424.333,16602.600,16870.500,17220.033,17133.908,151363,146502,
2021/10/06,16470.00,16493.00,16265.00,16359.00,-39.00,-0.2378,16371.667,16509.800,16816.400,17195.617,17127.975,135744,143943,
2021/10/07,16521.00,16760.00,16519.00,16706.00,347.00,2.1212,16487.667,16467.600,16779.000,17176.233,17124.208,123558,142842,
2021/10/08,16740.00,16759.00,16591.00,16627.00,-79.00,-0.4729,16564.000,16489.600,16716.700,17155.450,17118.842,100910,130464,
2021/10/12,16485.00,16489.00,16285.00,16418.00,-209.00,-1.257,16583.667,16501.600,16629.300,17128.717,17111.333,138234,129961,
2021/10/13,16520.00,16585.00,16318.00,16318.00,-100.00,-0.6091,16454.333,16485.600,16544.100,17101.933,17103.725,114412,122571,
2021/10/14,16496.00,16546.00,16354.00,16405.00,87.00,0.5332,16380.333,16494.800,16502.300,17078.783,17097.858,104099,116242,
2021/10/15,16654.00,16790.00,16570.00,16782.00,377.00,2.2981,16501.667,16510.000,16488.800,17065.850,17093.900,108151,113161,
2021/10/18,16800.00,16870.00,16705.00,16725.00,-57.00,-0.3396,16637.333,16529.600,16509.600,17054.100,17087.192,88842,110747,
2021/10/19,16810.00,16954.00,16787.00,16902.00,177.00,1.0583,16803.000,16626.400,16564.000,17045.683,17081.617,79811,99063,
2021/10/20,16973.00,16987.00,16863.00,16882.00,-20.00,-0.1183,16836.333,16739.200,16612.400,17036.933,17076.192,53379,86856,
2021/10/21,16879.00,17047.00,16812.00,16813.00,-69.00,-0.4087,16865.667,16820.800,16657.800,17030.450,17069.875,117743,89585,
2021/10/22,16877.00,16913.00,16770.00,16854.00,41.00,0.2439,16849.667,16835.200,16672.600,17025.133,17066.550,98811,87717,
2021/10/25,16788.00,16930.00,16731.00,16888.00,34.00,0.2017,16851.667,16867.800,16698.700,17023.850,17066.175,97209,89390,
2021/10/26,16975.00,17073.00,16948.00,17048.00,160.00,0.9474,16930.000,16897.000,16761.700,17019.133,17068.500,91899,91808,
2021/10/27,16944.00,17088.00,16928.00,17071.00,23.00,0.1349,17002.333,16934.800,16837.000,17017.433,17069.558,85947,98321,
2021/10/28,17013.00,17103.00,16984.00,17038.00,-33.00,-0.1933,17052.333,16979.800,16900.300,17010.233,17067.483,85287,91830,
2021/10/29,17061.00,17074.00,16858.00,16945.00,-93.00,-0.5458,17018.000,16998.000,16916.600,17001.250,17065.125,111379,94344,
2021/11/01,17040.00,17130.00,17028.00,17079.00,134.00,0.7908,17020.667,17036.200,16952.000,16993.050,17069.483,79799,90862,
2021/11/02,17167.00,17255.00,17004.00,17047.00,-32.00,-0.1874,17023.667,17036.000,16966.500,16984.800,17080.775,108844,94251,
2021/11/03,17081.00,17127.00,17040.00,17092.00,45.00,0.264,17072.667,17040.200,16987.500,16979.050,17093.492,72076,91477,
2021/11/04,17269.00,17280.00,17050.00,17075.00,-17.00,-0.0995,17071.333,17047.600,17013.700,16973.567,17104.350,89933,92406,
2021/11/05,17150.00,17279.00,17106.00,17267.00,192.00,1.1245,17144.667,17112.000,17055.000,16973.033,17121.050,89855,88101,
2021/11/08,17256.00,17425.00,17251.00,17424.00,157.00,0.9092,17255.333,17181.000,17108.600,16977.250,17131.692,77214,87584,
2021/11/09,17499.00,17593.00,17480.00,17555.00,131.00,0.7518,17415.333,17282.600,17159.300,16983.883,17143.500,80723,81960,
2021/11/10,17550.00,17581.00,17496.00,17555.00,0.00,0.00,17511.333,17375.200,17207.700,16994.233,17156.617,75735,82692,
2021/11/11,17430.00,17537.00,17395.00,17470.00,-85.00,-0.4842,17526.667,17454.200,17250.900,17005.867,17166.725,84209,81547,
2021/11/12,17570.00,17638.00,17491.00,17547.00,77.00,0.4408,17524.000,17510.200,17311.100,17021.983,17177.167,89400,81456,
2021/11/15,17615.00,17707.00,17603.00,17664.00,117.00,0.6668,17560.333,17558.200,17369.600,17036.650,17186.158,79926,81998,
2021/11/16,17662.00,17717.00,17653.00,17701.00,37.00,0.2095,17637.333,17587.400,17435.000,17059.517,17195.200,58695,77593,
2021/11/17,17711.00,17761.00,17678.00,17722.00,21.00,0.1186,17695.667,17620.800,17498.000,17085.000,17205.100,47675,71981,
2021/11/18,17769.00,17868.00,17763.00,17860.00,138.00,0.7787,17761.000,17698.800,17576.500,17104.600,17213.408,87482,72635,
2021/11/19,17919.00,17949.00,17813.00,17851.00,-9.00,-0.0504,17811.000,17759.600,17634.900,17122.383,17220.392,82608,71277,
2021/11/22,17790.00,17876.00,17787.00,17836.00,-15.00,-0.084,17849.000,17794.000,17676.100,17136.933,17226.275,58434,66978,
2021/11/23,17765.00,17768.00,17638.00,17659.00,-177.00,-0.9924,17782.000,17785.600,17686.500,17148.000,17230.950,102491,75738,
2021/11/24,17604.00,17698.00,17593.00,17679.00,20.00,0.1133,17724.667,17777.000,17698.900,17156.483,17234.692,76578,81518,
2021/11/25,17688.00,17715.00,17600.00,17676.00,-3.00,-0.017,17671.333,17740.200,17719.500,17162.100,17239.492,66726,77367,
2021/11/26,17530.00,17572.00,17307.00,17342.00,-334.00,-1.8896,17565.667,17638.400,17699.000,17160.183,17241.592,129577,86761,
2021/11/29,17243.00,17416.00,17184.00,17308.00,-34.00,-0.1961,17442.000,17532.800,17663.400,17157.383,17243.408,120115,99097,
2021/11/30,17428.00,17537.00,17312.00,17327.00,19.00,0.1098,17325.667,17466.400,17626.000,17157.500,17246.442,111857,100970,
2021/12/01,17350.00,17617.00,17333.00,17586.00,259.00,1.4948,17407.000,17447.800,17612.400,17158.783,17250.000,103435,106342,
2021/12/02,17570.00,17709.00,17509.00,17705.00,119.00,0.6767,17539.333,17453.600,17596.900,17162.267,17254.050,108436,114684,
2021/12/03,17696.00,17745.00,17621.00,17706.00,1.00,0.0056,17665.667,17526.400,17582.400,17167.000,17256.617,78781,104524,
2021/12/06,17619.00,17736.00,17527.00,17693.00,-13.00,-0.0734,17701.333,17603.400,17568.100,17174.183,17259.517,90743,98650,
2021/12/07,17677.00,17799.00,17586.00,17795.00,102.00,0.5765,17731.333,17697.000,17581.700,17183.517,17263.667,94193,95117,
2021/12/08,17945.00,17988.00,17840.00,17851.00,56.00,0.3147,17779.667,17750.000,17598.900,17189.817,17268.658,93915,93213,
2021/12/09,17886.00,17946.00,17812.00,17911.00,60.00,0.3361,17852.333,17791.200,17622.400,17197.633,17276.567,78813,87289,
2021/12/10,17808.00,17874.00,17765.00,17818.00,-93.00,-0.5192,17860.000,17813.600,17670.000,17203.583,17283.150,72306,85994,
2021/12/13,17912.00,17944.00,17743.00,17752.00,-66.00,-0.3704,17827.000,17825.400,17714.400,17209.750,17287.150,78553,83556,
2021/12/14,17683.00,17711.00,17565.00,17605.00,-147.00,-0.8281,17725.000,17787.400,17742.200,17215.700,17289.392,88543,82426,
2021/12/15,17588.00,17666.00,17536.00,17630.00,25.00,0.142,17662.333,17743.200,17746.600,17221.233,17291.150,50891,73821,
2021/12/16,17765.00,17809.00,17671.00,17804.00,174.00,0.987,17679.667,17721.800,17756.500,17236.300,17293.392,84057,74870,
2021/12/17,17716.00,17798.00,17703.00,17786.00,-18.00,-0.1011,17740.000,17715.400,17764.500,17248.067,17295.533,78487,76106,
2021/12/20,17720.00,17748.00,17564.00,17580.00,-206.00,-1.1582,17723.333,17681.000,17753.200,17253.567,17294.408,103615,81118,
2021/12/21,17660.00,17829.00,17624.00,17796.00,216.00,1.2287,17720.667,17719.200,17753.300,17261.967,17295.658,87901,80990,
2021/12/22,17847.00,17852.00,17783.00,17833.00,37.00,0.2079,17736.333,17759.800,17751.500,17273.017,17297.158,53900,81592,
2021/12/23,17935.00,17983.00,17903.00,17954.00,121.00,0.6785,17861.000,17789.800,17755.800,17291.867,17297.625,66047,77990,
2021/12/24,18014.00,18035.00,17946.00,17958.00,4.00,0.0223,17915.000,17824.200,17769.800,17309.217,17298.292,50003,72293,
2021/12/27,17982.00,18099.00,17967.00,18068.00,110.00,0.6125,17993.333,17921.800,17801.400,17335.067,17300.275,58095,63189,
2021/12/28,18115.00,18209.00,18105.00,18207.00,139.00,0.7693,18077.667,18004.000,17861.600,17365.883,17303.458,60935,57796,
2021/12/29,18195.00,18289.00,18188.00,18276.00,69.00,0.379,18183.667,18092.600,17926.200,17397.183,17308.608,57008,58417,
2021/12/30,18242.00,18265.00,18177.00,18212.00,-64.00,-0.3502,18231.667,18144.200,17967.000,17428.067,17311.842,56892,56586,
2022/01/03,18288.00,18389.00,18203.00,18273.00,61.00,0.3349,18253.667,18207.200,18015.700,17454.183,17315.208,96931,65972,
2022/01/04,18361.00,18522.00,18359.00,18516.00,243.00,1.3298,18333.667,18296.800,18109.300,17485.667,17320.558,90689,72491,
2022/01/05,18480.00,18546.00,18438.00,18480.00,-36.00,-0.1944,18423.000,18351.400,18177.700,17520.033,17324.375,81986,76701,
2022/01/06,18345.00,18419.00,18238.00,18335.00,-145.00,-0.7846,18443.667,18363.200,18227.900,17553.650,17327.792,119542,89208,
2022/01/07,18459.00,18478.00,18115.00,18143.00,-192.00,-1.0472,18319.333,18349.400,18246.800,17582.617,17330.700,137397,105309,
2022/01/10,18075.00,18264.00,18022.00,18258.00,115.00,0.6339,18245.333,18346.400,18276.800,17607.217,17336.533,96289,105180,
2022/01/11,18200.00,18295.00,18102.00,18280.00,22.00,0.1205,18227.000,18299.200,18298.000,17633.133,17343.617,119060,110854,
2022/01/12,18403.00,18411.00,18271.00,18375.00,95.00,0.5197,18304.333,18278.200,18314.800,17657.683,17351.683,90061,112469,
2022/01/13,18433.00,18485.00,18364.00,18425.00,50.00,0.2721,18360.000,18296.200,18329.700,17683.400,17360.167,95020,107565,
2022/01/14,18549.00,18560.00,18220.00,18357.00,-68.00,-0.3691,18385.667,18339.000,18344.200,17709.133,17369.792,155236,111133,
2022/01/17,18417.00,18537.00,18387.00,18509.00,152.00,0.828,18430.333,18389.200,18367.800,17736.717,17380.925,100472,111969,
2022/01/18,18531.00,18583.00,18347.00,18349.00,-160.00,-0.8644,18405.000,18403.000,18351.100,17761.067,17392.458,110932,110344,
2022/01/19,18261.00,18345.00,18210.00,18218.00,-131.00,-0.7139,18358.667,18371.600,18324.900,17780.567,17399.850,70333,106398,
2022/01/20,18203.00,18270.00,18081.00,18226.00,8.00,0.0439,18264.333,18331.800,18314.000,17799.817,17408.625,119037,111202,
2022/01/21,18026.00,18050.00,17836.00,17895.00,-331.00,-1.8161,18113.000,18239.400,18289.200,17814.100,17412.167,157744,111703,
2022/01/24,17736.00,17973.00,17703.00,17957.00,62.00,0.3465,18026.000,18129.000,18259.100,17830.967,17416.108,133653,118339,
2022/01/25,17790.00,17799.00,17578.00,17678.00,-279.00,-1.5537,17843.333,17994.800,18198.900,17840.950,17417.000,158553,127864,
2022/01/26,17683.00,17757.00,17607.00,17625.00,-53.00,-0.2998,17753.333,17876.200,18123.900,17850.583,17417.692,95609,132919,
2022/02/07,17797.00,17900.00,17693.00,17899.00,274.00,1.5546,17734.000,17810.800,18071.300,17864.033,17421.542,113311,131774,
2022/02/08,17960.00,18047.00,17922.00,17942.00,43.00,0.2402,17822.000,17820.200,18029.800,17878.483,17426.025,89409,118107,
2022/02/09,18068.00,18169.00,18050.00,18167.00,225.00,1.254,18002.667,17862.200,17995.600,17893.483,17433.258,72131,105802,
2022/02/10,18230.00,18340.00,18133.00,18337.00,170.00,0.9358,18148.667,17994.000,17994.400,17908.700,17442.975,94850,93062,
2022/02/11,18202.00,18290.00,18182.00,18275.00,-62.00,-0.3381,18259.667,18124.000,18000.100,17920.700,17452.292,85357,91011,
2022/02/14,18099.00,18132.00,17934.00,17977.00,-298.00,-1.6306,18196.333,18139.600,17975.200,17927.733,17460.983,118091,91967,
2022/02/15,17922.00,18093.00,17883.00,17953.00,-24.00,-0.1335,18068.333,18141.800,17981.000,17935.783,17470.825,97676,93621,
2022/02/16,18184.00,18248.00,18140.00,18207.00,254.00,1.4148,18045.667,18149.800,18006.000,17946.783,17484.383,59689,91132,
2022/02/17,18269.00,18330.00,18168.00,18243.00,36.00,0.1977,18134.333,18131.000,18062.500,17956.433,17496.542,110093,94181,
2022/02/18,18065.00,18254.00,18039.00,18226.00,-17.00,-0.0932,18225.333,18121.200,18122.600,17965.183,17512.350,96285,96366,
2022/02/21,18001.00,18242.00,17970.00,18210.00,-16.00,-0.0878,18226.333,18167.800,18153.700,17973.317,17529.158,95829,91914,
2022/02/22,17990.00,18068.00,17773.00,17878.00,-332.00,-1.8232,18104.667,18152.800,18147.300,17973.617,17539.108,144177,101214,
2022/02/23,17954.00,18060.00,17936.00,18042.00,164.00,0.9173,18043.333,18119.800,18134.800,17976.800,17549.592,83797,106036,
2022/02/24,17811.00,17850.00,17506.00,17516.00,-526.00,-2.9154,17812.000,17974.400,18052.700,17971.467,17554.200,186963,121410,
2022/02/25,17660.00,17702.00,17513.00,17606.00,90.00,0.5138,17721.333,17850.400,17985.800,17970.583,17559.292,129349,128023,
2022/03/01,17756.00,17942.00,17692.00,17911.00,305.00,1.7324,17677.667,17790.600,17979.200,17974.450,17565.467,109678,130792,
2022/03/02,17788.00,17895.00,17758.00,17844.00,-67.00,-0.3741,17787.000,17783.800,17968.300,17977.250,17569.675,94427,120842,
2022/03/03,17942.00,17964.00,17865.00,17929.00,85.00,0.4764,17894.667,17761.200,17940.500,17987.033,17573.608,76649,119413,
2022/03/04,17608.00,17788.00,17522.00,17666.00,-263.00,-1.4669,17813.000,17791.200,17882.800,17993.000,17575.192,118354,105691,
2022/03/07,17362.00,17405.00,17051.00,17058.00,-608.00,-3.4416,17551.000,17681.600,17766.000,17988.517,17573.008,155945,111010,
2022/03/08,16840.00,17058.00,16695.00,16702.00,-356.00,-2.087,17142.000,17439.800,17615.200,17973.783,17566.283,159871,121049,
2022/03/09,16890.00,17023.00,16865.00,16946.00,244.00,1.4609,16902.000,17260.200,17522.000,17961.133,17561.700,113718,124907,
2022/03/10,17301.00,17456.00,17269.00,17437.00,491.00,2.8974,17028.333,17161.800,17461.500,17956.650,17561.825,101384,129854,
2022/03/11,17372.00,17387.00,17170.00,17220.00,-217.00,-1.2445,17201.000,17072.600,17431.900,17948.767,17561.475,94554,125094,
2022/03/14,17289.00,17350.00,17150.00,17239.00,19.00,0.1103,17298.667,17108.800,17395.200,17939.500,17561.508,104264,114758,
2022/03/15,17177.00,17195.00,16861.00,16882.00,-357.00,-2.0709,17113.667,17144.800,17292.300,17923.350,17556.583,127350,108254,
2022/03/16,17080.00,17089.00,16801.00,16937.00,55.00,0.3258,17019.333,17143.000,17201.600,17907.117,17552.375,73199,100150,
2022/03/17,17339.00,17470.00,17262.00,17446.00,509.00,3.0053,17088.333,17144.800,17153.300,17900.917,17552.250,128692,105611,
2022/03/18,17441.00,17444.00,17295.00,17391.00,-55.00,-0.3153,17258.000,17179.000,17125.800,17894.900,17552.325,96761,106053,
2022/03/21,17442.00,17577.00,17439.00,17489.00,98.00,0.5635,17442.000,17229.000,17168.900,17892.967,17554.333,93140,103828,
2022/03/22,17536.00,17543.00,17453.00,17520.00,31.00,0.1773,17466.667,17356.600,17250.700,17891.133,17556.183,68089,91976,
2022/03/23,17644.00,17735.00,17610.00,17702.00,182.00,1.0388,17570.333,17509.600,17326.300,17889.433,17562.867,88756,95087,
2022/03/24,17570.00,17687.00,17548.00,17671.00,-31.00,-0.1751,17631.000,17554.600,17349.700,17887.517,17567.792,80120,85373,
2022/03/25,17720.00,17726.00,17591.00,17621.00,-50.00,-0.2829,17664.667,17600.600,17389.800,17888.200,17570.883,83057,82632,
2022/03/28,17512.00,17521.00,17304.00,17438.00,-183.00,-1.0385,17576.667,17590.400,17409.700,17882.233,17572.100,117547,87513,
2022/03/29,17560.00,17577.00,17484.00,17545.00,107.00,0.6136,17534.667,17595.400,17476.000,17877.433,17575.225,76385,89173,
2022/03/30,17671.00,17755.00,17658.00,17741.00,196.00,1.1171,17574.667,17603.200,17556.400,17873.883,17582.875,89837,89389,
2022/03/31,17747.00,17774.00,17623.00,17639.00,-102.00,-0.5749,17641.667,17596.800,17575.700,17868.567,17588.892,78011,88967,
2022/04/01,17466.00,17567.00,17414.00,17554.00,-85.00,-0.4819,17644.667,17583.400,17592.000,17860.000,17597.533,81946,88745,
2022/04/06,17439.00,17508.00,17327.00,17506.00,-48.00,-0.2734,17566.333,17597.000,17593.700,17848.317,17607.100,86912,82618,
2022/04/07,17333.00,17387.00,17123.00,17143.00,-363.00,-2.0736,17401.000,17516.600,17556.000,17829.433,17613.308,114546,90250,
2022/04/08,17200.00,17318.00,17169.00,17316.00,173.00,1.0092,17321.667,17431.600,17517.400,17814.500,17621.283,83281,88939,
2022/04/11,17222.00,17298.00,16976.00,17039.00,-277.00,-1.5997,17166.000,17311.600,17454.200,17793.933,17624.058,127779,98892,
2022/04/12,16960.00,17068.00,16906.00,16999.00,-40.00,-0.2348,17118.000,17200.600,17392.000,17768.650,17627.158,107319,103967,
2022/04/13,17080.00,17321.00,17071.00,17316.00,317.00,1.8648,17118.000,17162.600,17379.800,17749.250,17634.642,105913,107767,
2022/04/14,17349.00,17352.00,17251.00,17298.00,-18.00,-0.104,17204.333,17193.600,17355.100,17731.967,17642.808,72448,99348,
2022/04/15,17102.00,17117.00,16960.00,16983.00,-315.00,-1.821,17199.000,17127.000,17279.300,17712.633,17647.625,95242,101740,
2022/04/18,16908.00,16995.00,16813.00,16881.00,-102.00,-0.6006,17054.000,17095.400,17203.500,17689.683,17648.450,104425,97069,
2022/04/19,17065.00,17122.00,16988.00,17000.00,119.00,0.7049,16954.667,17095.600,17148.100,17668.350,17650.742,87868,93179,
2022/04/20,17071.00,17135.00,16992.00,17125.00,125.00,0.7353,17002.000,17057.400,17110.000,17647.517,17652.600,53764,82749,
2022/04/21,17180.00,17222.00,17090.00,17126.00,1.00,0.0058,17083.667,17023.000,17108.300,17625.867,17654.633,86002,85460,
2022/04/22,16862.00,16999.00,16823.00,16992.00,-134.00,-0.7824,17081.000,17024.800,17075.900,17603.117,17656.125,96333,85678,
2022/04/25,16686.00,16734.00,16508.00,16572.00,-420.00,-2.4718,16896.667,16963.000,17029.200,17570.833,17653.775,123321,89457,
2022/04/26,16648.00,16663.00,16533.00,16586.00,14.00,0.0845,16716.667,16880.200,16987.900,17541.450,17651.258,81902,88264,
2022/04/27,16221.00,16344.00,16160.00,16285.00,-301.00,-1.8148,16481.000,16712.200,16884.800,17509.233,17644.900,141112,105734,
2022/04/28,16317.00,16416.00,16220.00,16387.00,102.00,0.6263,16419.333,16564.400,16793.700,17478.583,17639.200,103721,109277,
2022/04/29,16555.00,16635.00,16495.00,16583.00,196.00,1.1961,16418.333,16482.600,16753.700,17456.717,17635.408,103875,110786,
2022/05/03,16487.00,16570.00,16434.00,16470.00,-113.00,-0.6814,16480.000,16462.200,16712.600,17431.933,17631.450,90179,104157,
2022/05/04,16505.00,16589.00,16489.00,16519.00,49.00,0.2975,16524.000,16448.800,16664.500,17412.617,17626.783,69370,101651,
2022/05/05,16753.00,16776.00,16645.00,16684.00,165.00,0.9988,16557.667,16528.600,16620.400,17396.933,17623.758,78722,89173,
2022/05/06,16310.00,16380.00,16266.00,16355.00,-329.00,-1.9719,16519.333,16522.200,16543.300,17371.200,17617.617,95774,87584,
2022/05/09,16156.00,16194.00,16015.00,16027.00,-328.00,-2.0055,16355.333,16411.000,16446.800,17339.283,17608.883,98847,86578,
2022/05/10,15809.00,16045.00,15730.00,16039.00,12.00,0.0749,16140.333,16324.800,16393.500,17303.817,17598.650,127144,93971,
2022/05/11,15989.00,16058.00,15907.00,16010.00,-29.00,-0.1808,16025.333,16223.000,16335.900,17265.033,17586.867,87439,97585,
2022/05/12,15801.00,15890.00,15608.00,15632.00,-378.00,-2.361,15893.667,16012.600,16270.600,17220.983,17570.842,117996,105440,
2022/05/13,15777.00,15854.00,15743.00,15851.00,219.00,1.401,15831.000,15911.800,16217.000,17185.550,17556.642,95043,105293,
2022/05/16,15996.00,16044.00,15847.00,15921.00,70.00,0.4416,15801.333,15890.600,16150.800,17151.683,17543.733,97948,105114,
2022/05/17,15978.00,16096.00,15963.00,16075.00,154.00,0.9673,15949.000,15897.800,16111.300,17116.150,17531.467,76752,95035,
2022/05/18,16180.00,16318.00,16159.00,16302.00,227.00,1.4121,16099.333,15956.200,16089.600,17083.800,17520.117,51713,87890,
2022/05/19,15871.00,15965.00,15820.00,15911.00,-391.00,-2.3985,16096.000,16012.000,16012.300,17045.217,17505.200,109113,86113,
2022/05/20,16069.00,16145.00,16013.00,16135.00,224.00,1.4078,16116.000,16068.800,15990.300,17010.633,17491.975,85478,84200,
2022/05/23,16220.00,16263.00,16076.00,16147.00,12.00,0.0744,16064.333,16114.000,16002.300,16981.783,17477.700,98829,84377,
2022/05/24,16131.00,16156.00,15914.00,15926.00,-221.00,-1.3687,16069.333,16084.200,15991.000,16946.517,17461.658,98021,88630,
2022/05/25,15996.00,16146.00,15968.00,16060.00,134.00,0.8414,16044.333,16035.800,15996.000,16922.250,17446.858,96676,97623,
2022/05/26,16153.00,16184.00,15928.00,15950.00,-110.00,-0.6849,15978.667,16043.600,16027.800,16894.650,17432.617,99193,95639,
2022/05/27,16110.00,16245.00,16100.00,16230.00,280.00,1.7555,16080.000,16062.600,16065.700,16866.633,17420.542,83336,95211,
2022/05/30,16400.00,16584.00,16391.00,16560.00,330.00,2.0333,16246.667,16145.200,16129.600,16845.233,17411.242,80655,91576,
2022/05/31,16492.00,16716.00,16460.00,16682.00,122.00,0.7367,16490.667,16296.400,16190.300,16824.450,17405.742,107357,93443,
2022/06/01,16647.00,16755.00,16592.00,16610.00,-72.00,-0.4316,16617.333,16406.400,16221.100,16806.850,17399.925,94376,92983,
2022/06/02,16536.00,16585.00,16471.00,16532.00,-78.00,-0.4696,16608.000,16522.800,16283.200,16798.083,17393.300,78784,88901,
2022/06/06,16590.00,16648.00,16463.00,16600.00,68.00,0.4113,16580.667,16596.800,16329.700,16796.383,17385.083,98757,91985,
2022/06/07,16520.00,16531.00,16406.00,16462.00,-138.00,-0.8313,16531.333,16577.200,16361.200,16788.317,17374.725,101336,96122,
2022/06/08,16560.00,16693.00,16555.00,16644.00,182.00,1.1056,16568.667,16569.600,16433.000,16775.100,17365.875,80796,90809,
2022/06/09,16573.00,16606.00,16524.00,16582.00,-62.00,-0.3725,16562.667,16564.000,16485.200,16764.467,17356.617,66974,85329,
2022/06/10,16380.00,16486.00,16350.00,16471.00,-111.00,-0.6694,16565.667,16551.800,16537.300,16751.667,17345.583,82802,86133,
2022/06/13,16115.00,16120.00,15993.00,16053.00,-418.00,-2.5378,16368.667,16442.400,16519.600,16737.850,17330.600,103019,86985,
2022/06/14,15950.00,16068.00,15841.00,16055.00,2.00,0.0125,16193.000,16361.000,16469.100,16723.150,17315.133,103651,87448,
2022/06/15,16052.00,16096.00,15989.00,16062.00,7.00,0.0436,16056.667,16244.600,16407.100,16700.083,17300.500,57752,82839,
2022/06/16,15751.00,15805.00,15382.00,15410.00,-652.00,-4.0593,15842.333,16010.200,16287.100,16667.067,17280.983,127054,94855,
2022/06/17,15196.00,15300.00,15137.00,15200.00,-210.00,-1.3628,15557.333,15756.000,16153.900,16628.917,17260.942,123806,103056,
2022/06/20,15182.00,15231.00,14966.00,15038.00,-162.00,-1.0658,15216.000,15553.000,15997.700,16587.550,17239.342,129690,108390,
2022/06/21,15164.00,15362.00,15115.00,15334.00,296.00,1.9683,15190.667,15408.800,15884.900,16548.083,17218.758,115118,110684,
2022/06/22,15316.00,15319.00,14984.00,15012.00,-322.00,-2.0999,15128.000,15198.800,15721.700,16503.767,17195.642,128298,124793,
2022/06/23,15059.00,15145.00,14804.00,14938.00,-74.00,-0.4929,15094.667,15104.400,15557.300,16459.050,17173.625,164352,132252,
2022/06/24,15006.00,15142.00,14959.00,15058.00,120.00,0.8033,15002.667,15076.000,15416.000,16419.383,17150.808,119811,131453,
2022/06/27,15205.00,15400.00,15201.00,15277.00,219.00,1.4544,15091.000,15123.800,15338.400,16381.583,17129.508,98537,125223,
2022/06/28,15299.00,15304.00,15096.00,15192.00,-85.00,-0.5564,15175.667,15095.400,15252.100,16339.100,17106.492,96028,121405,
2022/06/29,15020.00,15114.00,14980.00,15019.00,-173.00,-1.1388,15162.667,15096.800,15147.800,16295.433,17082.000,100639,115873,
2022/06/30,14931.00,14945.00,14610.00,14622.00,-397.00,-2.6433,14944.333,15033.600,15069.000,16246.567,17053.283,131969,109396,
2022/07/01,14656.00,14702.00,14128.00,14175.00,-447.00,-3.057,14605.333,14857.000,14966.500,16191.050,17019.683,183609,122156,
2022/07/04,14236.00,14312.00,14025.00,14152.00,-23.00,-0.1623,14316.333,14632.000,14877.900,16141.200,16985.317,143166,131082,
2022/07/05,14350.00,14430.00,13975.00,14231.00,79.00,0.5582,14186.000,14439.800,14767.600,16089.783,16952.142,174925,146861,
2022/07/06,14213.00,14239.00,13858.00,13871.00,-360.00,-2.5297,14084.667,14210.200,14653.500,16036.983,16915.458,150634,156860,
2022/07/07,14068.00,14295.00,13832.00,14176.00,305.00,2.1988,14092.667,14121.000,14577.300,15989.933,16879.292,157844,162035,
2022/07/08,14390.00,14485.00,14264.00,14329.00,153.00,1.0793,14125.333,14151.800,14504.400,15940.150,16844.700,139163,153146,
2022/07/11,14467.00,14496.00,14229.00,14276.00,-53.00,-0.3699,14260.333,14176.600,14404.300,15889.783,16810.875,119884,148490,
2022/07/12,14157.00,14181.00,13850.00,13914.00,-362.00,-2.5357,14173.000,14113.200,14276.500,15838.633,16775.633,126970,138899,
2022/07/13,14240.00,14356.00,14203.00,14277.00,363.00,2.6089,14155.667,14194.400,14202.300,15795.233,16742.458,112280,131228,
2022/07/14,14237.00,14437.00,14122.00,14389.00,112.00,0.7845,14193.333,14237.000,14179.000,15751.717,16710.033,128056,125270,
2022/07/15,14422.00,14542.00,14333.00,14475.00,86.00,0.5977,14380.333,14266.200,14209.000,15707.550,16677.533,115586,120555,
2022/07/18,14577.00,14666.00,14535.00,14650.00,175.00,1.209,14504.667,14341.000,14258.800,15666.283,16646.075,97507,116079,
2022/07/19,14562.00,14697.00,14533.00,14678.00,28.00,0.1911,14601.000,14493.800,14303.500,15627.717,16615.417,75051,105696,
2022/07/20,14845.00,14907.00,14696.00,14712.00,34.00,0.2316,14680.000,14580.800,14387.600,15596.717,16583.775,61379,95515,
2022/07/21,14600.00,14771.00,14573.00,14748.00,36.00,0.2447,14712.667,14652.600,14444.800,15566.083,16553.767,90727,88050,
2022/07/22,14796.00,14848.00,14725.00,14751.00,3.00,0.0203,14737.000,14707.800,14487.000,15540.517,16524.875,90996,83132,
2022/07/25,14750.00,14845.00,14688.00,14794.00,43.00,0.2915,14764.333,14736.600,14538.800,15513.967,16496.275,82634,80157,
2022/07/26,14755.00,14788.00,14650.00,14705.00,-89.00,-0.6016,14750.000,14742.000,14617.900,15482.667,16469.692,92181,83583,
2022/07/27,14670.00,14800.00,14615.00,14794.00,89.00,0.6052,14764.333,14758.400,14669.600,15454.733,16443.333,104595,92226,
2022/07/28,14922.00,14949.00,14786.00,14831.00,37.00,0.2501,14776.667,14775.000,14713.800,15426.600,16419.608,94962,93073,
2022/07/29,14936.00,14990.00,14870.00,14938.00,107.00,0.7215,14854.333,14812.400,14760.100,15397.500,16397.217,94106,93695,
2022/08/01,14921.00,14940.00,14804.00,14870.00,-68.00,-0.4552,14879.667,14827.600,14782.100,15372.750,16371.975,89798,95128,
2022/08/02,14767.00,14778.00,14589.00,14643.00,-227.00,-1.5266,14817.000,14815.200,14778.600,15349.683,16344.483,108920,98476,
2022/08/03,14627.00,14727.00,14594.00,14669.00,26.00,0.1776,14727.333,14790.200,14774.300,15326.850,16315.333,97963,97149,
2022/08/04,14686.00,14722.00,14461.00,14658.00,-11.00,-0.075,14656.667,14755.600,14765.300,15304.317,16284.675,139609,106079,
2022/08/05,14780.00,15020.00,14777.00,15009.00,351.00,2.3946,14778.667,14769.800,14791.100,15293.933,16257.458,94860,106230,
2022/08/08,14937.00,14987.00,14888.00,14961.00,-48.00,-0.3198,14876.000,14788.000,14807.800,15279.100,16232.325,72129,102696,
2022/08/09,14894.00,15065.00,14853.00,15016.00,55.00,0.3676,14995.333,14862.600,14838.900,15264.017,16207.850,89654,98843,
2022/08/10,14874.00,14945.00,14832.00,14876.00,-140.00,-0.9323,14951.000,14904.000,14847.100,15244.033,16180.092,77707,94791,
2022/08/11,15115.00,15191.00,15093.00,15183.00,307.00,2.0637,15025.000,15009.000,14882.300,15225.383,16154.592,79596,82789,
2022/08/12,15229.00,15309.00,15200.00,15272.00,89.00,0.5862,15110.333,15061.600,14915.700,15214.733,16129.975,64246,76666,
2022/08/15,15369.00,15432.00,15310.00,15387.00,115.00,0.753,15280.667,15146.800,14967.400,15202.267,16106.450,70493,76339,
2022/08/16,15390.00,15450.00,15385.00,15422.00,35.00,0.2275,15360.333,15228.000,15045.300,15190.183,16085.983,59340,70276,
2022/08/17,15404.00,15461.00,15396.00,15452.00,30.00,0.1945,15420.333,15343.200,15123.600,15182.283,16064.400,43013,63337,
2022/08/18,15250.00,15325.00,15224.00,15315.00,-137.00,-0.8866,15396.333,15369.600,15189.300,15169.867,16046.058,69330,61284,
2022/08/19,15308.00,15406.00,15275.00,15353.00,38.00,0.2481,15373.333,15385.800,15223.700,15159.917,16027.283,72573,62949,
2022/08/22,15171.00,15250.00,15156.00,15175.00,-178.00,-1.1594,15281.000,15343.400,15245.100,15142.333,16004.483,63922,61635,
2022/08/23,15059.00,15109.00,15022.00,15028.00,-147.00,-0.9687,15185.333,15264.600,15246.300,15116.800,15981.017,68645,63496,
2022/08/24,15080.00,15120.00,14987.00,15035.00,7.00,0.0466,15079.333,15181.200,15262.200,15089.350,15956.900,70287,68951,
2022/08/25,15130.00,15225.00,15116.00,15172.00,137.00,0.9112,15078.333,15152.600,15261.100,15065.383,15936.117,81716,71428,
2022/08/26,15271.00,15318.00,15228.00,15241.00,69.00,0.4548,15149.333,15130.200,15258.000,15043.867,15920.975,62634,69440,
2022/08/29,14832.00,14898.00,14762.00,14818.00,-423.00,-2.7754,15077.000,15058.800,15201.100,15014.167,15905.275,102812,77218,
2022/08/30,14850.00,14994.00,14837.00,14948.00,130.00,0.8773,15002.333,15042.800,15153.700,14988.933,15888.625,86011,80692,
2022/08/31,14849.00,15099.00,14826.00,15039.00,91.00,0.6088,14935.000,15043.600,15112.400,14962.183,15868.642,107696,88173,
2022/09/01,14841.00,14842.00,14675.00,14736.00,-303.00,-2.0148,14907.667,14956.400,15054.500,14931.417,15847.942,117696,95369,
2022/09/02,14776.00,14782.00,14584.00,14597.00,-139.00,-0.9433,14790.667,14827.600,14978.900,14900.183,15825.925,92322,101307,
2022/09/05,14590.00,14719.00,14561.00,14611.00,14.00,0.0959,14648.000,14786.200,14922.500,14876.150,15807.000,92528,99250,
2022/09/06,14720.00,14770.00,14555.00,14634.00,23.00,0.1574,14614.000,14723.400,14883.100,14852.467,15787.808,93171,100682,
2022/09/07,14445.00,14455.00,14331.00,14359.00,-275.00,-1.8792,14534.667,14587.400,14815.500,14824.083,15762.083,99305,99004,
2022/09/08,14459.00,14552.00,14389.00,14548.00,189.00,1.3162,14513.667,14549.800,14753.100,14809.717,15738.392,88497,93164,
2022/09/12,14775.00,14824.00,14731.00,14794.00,246.00,1.691,14567.000,14589.200,14708.400,14802.950,15715.933,73842,89468,
2022/09/13,14884.00,14928.00,14827.00,14875.00,81.00,0.5475,14739.000,14642.000,14714.100,14800.233,15693.892,64556,83874,
2022/09/14,14458.00,14641.00,14443.00,14577.00,-298.00,-2.0034,14748.667,14630.600,14677.000,14787.617,15667.850,88649,82969,
2022/09/15,14578.00,14715.00,14562.00,14642.00,65.00,0.4459,14698.000,14687.200,14637.300,14781.450,15642.608,77284,78565,
2022/09/16,14500.00,14527.00,14465.00,14483.00,-159.00,-1.0859,14567.333,14674.200,14612.000,14773.867,15616.458,73528,75571,
2022/09/19,14550.00,14579.00,14406.00,14420.00,-63.00,-0.435,14515.000,14599.400,14594.300,14763.233,15591.308,76933,76190,
2022/09/20,14548.00,14569.00,14464.00,14561.00,141.00,0.9778,14488.000,14536.600,14589.300,14751.300,15566.442,66392,76557,
2022/09/21,14476.00,14520.00,14392.00,14402.00,-159.00,-1.092,14461.000,14501.600,14566.100,14738.133,15538.617,43913,67610,
2022/09/22,14225.00,14250.00,14088.00,14242.00,-160.00,-1.111,14401.667,14421.600,14554.400,14725.183,15510.308,104145,72982,
2022/09/23,14212.00,14229.00,14056.00,14119.00,-123.00,-0.8636,14254.333,14348.800,14511.500,14716.800,15481.683,86729,75622,
2022/09/26,13916.00,13953.00,13740.00,13758.00,-361.00,-2.5568,14039.667,14216.400,14407.900,14709.850,15450.450,114637,83163,
2022/09/27,13843.00,13861.00,13735.00,13818.00,60.00,0.4361,13898.333,14067.800,14302.200,14704.283,15422.742,94787,88842,
2022/09/28,13796.00,13849.00,13486.00,13515.00,-303.00,-2.1928,13697.000,13890.400,14196.000,14692.350,15391.067,144367,108933,
2022/09/29,13658.00,13672.00,13471.00,13524.00,9.00,0.0666,13619.000,13746.800,14084.200,14686.567,15361.775,114685,111041,
2022/09/30,13356.00,13458.00,13298.00,13395.00,-129.00,-0.9539,13478.000,13602.000,13975.400,14673.550,15331.742,120026,117700,
2022/10/03,13248.00,13444.00,13215.00,13304.00,-91.00,-0.6794,13407.667,13511.200,13863.800,14656.467,15298.308,110283,116829,
2022/10/04,13530.00,13615.00,13489.00,13597.00,293.00,2.2023,13432.000,13467.000,13767.400,14645.150,15267.467,91519,116176,
2022/10/05,13740.00,13884.00,13721.00,13820.00,223.00,1.6401,13573.667,13528.000,13709.200,14643.583,15241.108,116435,110589,
2022/10/06,13932.00,13957.00,13814.00,13869.00,49.00,0.3546,13762.000,13597.000,13671.900,14636.783,15216.008,89567,105566,
2022/10/07,13781.00,13818.00,13683.00,13689.00,-180.00,-1.2979,13792.667,13655.800,13628.900,14625.117,15188.417,81042,97769,
2022/10/11,13251.00,13297.00,13081.00,13091.00,-598.00,-4.3685,13549.667,13613.200,13562.200,14602.050,15154.800,130789,101870,
2022/10/12,13049.00,13140.00,12975.00,13076.00,-15.00,-0.1146,13285.333,13509.000,13488.000,14575.817,15121.050,110759,105718,
2022/10/13,13032.00,13085.00,12805.00,12869.00,-207.00,-1.5831,13012.000,13318.800,13423.400,14545.667,15086.692,124854,107402,
2022/10/14,13150.00,13249.00,13074.00,13166.00,297.00,2.3079,13037.000,13178.200,13387.600,14519.900,15058.308,100323,109553,
2022/10/17,12964.00,13009.00,12821.00,12981.00,-185.00,-1.4051,13005.333,13036.600,13346.200,14490.450,15028.267,118529,117050,
2022/10/18,13158.00,13182.00,12992.00,13103.00,122.00,0.9398,13083.333,13039.000,13326.100,14462.983,15001.750,109718,112836,
2022/10/19,13125.00,13168.00,12967.00,12998.00,-105.00,-0.8013,13027.333,13023.400,13266.200,14433.050,14973.508,65908,103866,
2022/10/20,12815.00,12916.00,12662.00,12900.00,-98.00,-0.754,13000.333,13029.600,13174.200,14402.967,14942.817,137537,106403,
2022/10/21,12922.00,12948.00,12794.00,12805.00,-95.00,-0.7364,12901.000,12957.400,13067.800,14369.817,14912.275,107923,107923,
2022/10/24,13100.00,13126.00,12864.00,12882.00,77.00,0.6013,12862.333,12937.600,12987.100,14337.333,14881.967,120319,108281,
2022/10/25,12895.00,12946.00,12652.00,12682.00,-200.00,-1.5526,12789.667,12853.400,12946.200,14299.733,14848.617,146444,115626,
2022/10/26,12722.00,12833.00,12664.00,12739.00,57.00,0.4495,12767.667,12801.600,12912.500,14264.217,14818.483,108896,124223,
2022/10/27,12883.00,12984.00,12878.00,12956.00,217.00,1.7034,12792.333,12812.800,12921.200,14236.100,14792.892,97654,116247,
2022/10/28,12855.00,12915.00,12745.00,12764.00,-192.00,-1.4819,12819.667,12804.600,12881.000,14204.350,14765.600,97132,114089,
2022/10/31,12880.00,12997.00,12836.00,12943.00,179.00,1.4024,12887.667,12816.800,12877.200,14175.767,14740.042,88369,107699,
2022/11/01,12960.00,13095.00,12934.00,13031.00,88.00,0.6799,12912.667,12886.600,12870.000,14142.800,14718.367,90923,96594,
2022/11/02,13033.00,13103.00,13015.00,13083.00,52.00,0.399,13019.000,12955.400,12878.500,14111.500,14695.300,66141,88043,
2022/11/03,12883.00,12983.00,12854.00,12958.00,-125.00,-0.9554,13024.000,12955.800,12884.300,14077.200,14670.608,74126,83338,
2022/11/04,12880.00,13039.00,12850.00,13030.00,72.00,0.5556,13023.667,13009.000,12906.800,14046.433,14645.233,82377,80387,
2022/11/07,13156.00,13265.00,13096.00,13224.00,194.00,1.4889,13070.667,13065.200,12941.000,14013.783,14619.583,95526,81818,
2022/11/08,13312.00,13390.00,13298.00,13334.00,110.00,0.8318,13196.000,13125.800,13006.200,13981.483,14598.108,74514,78536,
2022/11/09,13467.00,13613.00,13438.00,13595.00,261.00,1.9574,13384.333,13228.200,13091.800,13951.617,14576.942,87422,82793,
2022/11/10,13543.00,13565.00,13461.00,13477.00,-118.00,-0.868,13468.667,13332.000,13143.900,13919.200,14554.692,70993,82166,
2022/11/11,13965.00,14062.00,13896.00,14058.00,581.00,4.311,13710.000,13537.600,13273.300,13895.967,14539.125,111884,88067,
2022/11/14,14159.00,14195.00,14080.00,14127.00,69.00,0.4908,13887.333,13718.200,13391.700,13876.167,14523.017,93292,87621,
2022/11/15,14237.00,14575.00,14212.00,14530.00,403.00,2.8527,14238.333,13957.400,13541.600,13862.450,14511.183,124599,97638,
2022/11/16,14620.00,14652.00,14451.00,14499.00,-31.00,-0.2134,14385.333,14138.200,13683.200,13851.183,14496.758,73243,94802,
2022/11/17,14471.00,14545.00,14357.00,14513.00,14.00,0.0966,14514.000,14345.400,13838.700,13842.600,14479.700,88508,98305,
2022/11/18,14551.00,14681.00,14437.00,14460.00,-53.00,-0.3652,14490.667,14425.800,13981.700,13833.017,14461.183,114290,98786,
2022/11/21,14492.00,14517.00,14411.00,14428.00,-32.00,-0.2213,14467.000,14486.000,14102.100,13820.617,14443.000,80223,96172,
2022/11/22,14457.00,14529.00,14364.00,14505.00,77.00,0.5337,14464.333,14481.000,14219.200,13808.350,14426.108,88305,88913,
2022/11/23,14615.00,14642.00,14543.00,14600.00,95.00,0.6549,14511.000,14501.200,14319.700,13804.717,14409.442,76971,89659,
2022/11/24,14690.00,14789.00,14656.00,14775.00,175.00,1.1986,14626.667,14553.600,14449.500,13801.833,14395.383,77417,87441,
2022/11/25,14769.00,14798.00,14703.00,14703.00,-72.00,-0.4873,14692.667,14602.200,14514.000,13796.233,14379.208,68341,78251,
2022/11/28,14550.00,14588.00,14433.00,14475.00,-228.00,-1.5507,14651.000,14611.600,14548.800,13791.883,14361.650,106428,83492,
2022/11/29,14470.00,14678.00,14431.00,14658.00,183.00,1.2642,14612.000,14642.200,14561.600,13792.900,14346.542,91986,84228,
2022/11/30,14640.00,14838.00,14619.00,14800.00,142.00,0.9688,14644.333,14682.200,14591.700,13796.050,14336.100,101786,89191,
2022/12/01,15030.00,15119.00,14927.00,14977.00,177.00,1.1959,14811.667,14722.600,14638.100,13801.767,14327.117,109442,95596,
2022/12/02,14860.00,14959.00,14842.00,14886.00,-91.00,-0.6076,14887.667,14759.200,14680.700,13810.550,14317.317,70181,95964,
2022/12/05,14898.00,15046.00,14880.00,14935.00,49.00,0.3292,14932.667,14851.200,14731.400,13817.000,14313.358,79481,90575,
2022/12/06,14874.00,14894.00,14672.00,14675.00,-260.00,-1.7409,14832.000,14854.600,14748.400,13815.017,14308.983,92453,90668,
2022/12/07,14603.00,14780.00,14594.00,14623.00,-52.00,-0.3543,14744.333,14819.200,14750.700,13810.817,14305.525,106897,91690,
2022/12/08,14567.00,14570.00,14413.00,14496.00,-127.00,-0.8685,14598.000,14723.000,14722.800,13809.467,14298.542,99574,89717,
2022/12/09,14636.00,14722.00,14572.00,14707.00,211.00,1.4556,14608.667,14687.200,14723.200,13810.550,14296.000,87700,93221,
2022/12/12,14649.00,14650.00,14485.00,14581.00,-126.00,-0.8567,14594.667,14616.400,14733.800,13812.183,14293.025,87099,94744,
2022/12/13,14660.00,14687.00,14496.00,14519.00,-62.00,-0.4252,14602.333,14585.200,14719.900,13813.833,14288.533,85905,93435,
2022/12/14,14609.00,14732.00,14576.00,14710.00,191.00,1.3155,14603.333,14602.600,14710.900,13816.317,14283.808,87730,89601,
2022/12/15,14658.00,14750.00,14607.00,14708.00,-2.00,-0.0136,14645.667,14645.000,14684.000,13821.417,14279.775,87954,87277,
2022/12/16,14440.00,14550.00,14411.00,14461.00,-247.00,-1.6794,14626.333,14595.800,14641.500,13825.067,14275.125,100988,89935,
2022/12/19,14405.00,14485.00,14362.00,14404.00,-57.00,-0.3942,14524.333,14560.400,14588.400,13829.817,14273.308,64949,85505,
2022/12/20,14366.00,14442.00,14121.00,14154.00,-250.00,-1.7356,14339.667,14487.400,14536.300,13836.417,14273.133,108897,90103,
2022/12/21,14210.00,14278.00,14175.00,14219.00,65.00,0.4592,14259.000,14389.200,14495.900,13843.100,14273.692,45346,81626,
2022/12/22,14311.00,14396.00,14285.00,14377.00,158.00,1.1112,14250.000,14323.000,14484.000,13857.467,14274.908,71947,78425,
2022/12/23,14168.00,14237.00,14125.00,14190.00,-187.00,-1.3007,14262.000,14268.800,14432.300,13868.567,14277.567,72919,72811,
2022/12/26,14196.00,14254.00,14192.00,14245.00,55.00,0.3876,14270.667,14237.000,14398.700,13882.733,14278.142,35312,66884,
2022/12/27,14295.00,14392.00,14278.00,14303.00,58.00,0.4072,14246.000,14266.800,14377.100,13899.383,14277.925,65326,58170,
2022/12/28,14190.00,14195.00,14070.00,14110.00,-193.00,-1.3494,14219.333,14245.000,14317.100,13907.933,14276.542,84581,66017,
2022/12/29,13960.00,14072.00,13938.00,14032.00,-78.00,-0.5528,14148.333,14176.000,14249.500,13911.467,14277.525,78427,67313,
2022/12/30,14193.00,14213.00,14127.00,14134.00,102.00,0.7269,14092.000,14164.800,14216.800,13915.883,14276.333,61365,65002,
2023/01/03,14050.00,14247.00,13952.00,14230.00,96.00,0.6792,14132.000,14161.800,14199.400,13924.900,14275.008,114601,80860,
2023/01/04,14205.00,14271.00,14181.00,14208.00,-22.00,-0.1546,14190.667,14142.800,14204.800,13943.517,14272.783,69500,81694,
2023/01/05,14324.00,14375.00,14239.00,14289.00,81.00,0.5701,14242.333,14178.600,14211.800,13963.733,14269.775,77618,80302,
2023/01/06,14278.00,14403.00,14275.00,14364.00,75.00,0.5249,14287.000,14245.000,14210.500,13988.650,14267.158,78468,80310,
2023/01/09,14618.00,14770.00,14582.00,14769.00,405.00,2.8195,14474.000,14372.000,14268.400,14015.367,14267.633,79899,84017,
2023/01/10,14745.00,14829.00,14735.00,14808.00,39.00,0.2641,14647.000,14487.600,14324.700,14045.817,14268.133,68954,74887,
2023/01/11,14855.00,14884.00,14746.00,14792.00,-16.00,-0.108,14789.667,14604.400,14373.600,14073.967,14268.475,62257,73439,
2023/01/12,14825.00,14840.00,14709.00,14768.00,-24.00,-0.1622,14789.333,14700.200,14439.400,14103.467,14268.258,68191,71553,
2023/01/13,15000.00,15016.00,14822.00,14833.00,65.00,0.4401,14797.667,14794.000,14519.500,14135.683,14269.325,80383,71936,
2023/01/16,14935.00,15004.00,14916.00,14936.00,103.00,0.6944,14845.667,14827.400,14599.700,14171.200,14270.508,62933,68543,
2023/01/17,14923.00,14969.00,14906.00,14925.00,-11.00,-0.0736,14898.000,14850.800,14669.200,14205.250,14271.292,50602,64873,
2023/01/30,15558.00,15559.00,15364.00,15451.00,526.00,3.5243,15104.000,14982.600,14793.500,14251.400,14275.567,43570,61135,
2023/01/31,15449.00,15456.00,15265.00,15268.00,-183.00,-1.1844,15214.667,15082.600,14891.400,14293.550,14278.883,72932,62084,
2023/02/01,15350.00,15402.00,15297.00,15383.00,115.00,0.7532,15367.333,15192.600,14993.300,14334.000,14285.050,61363,58280,
2023/02/02,15549.00,15600.00,15468.00,15580.00,197.00,1.2806,15410.333,15321.400,15074.400,14380.933,14292.642,75344,60762,
2023/02/03,15581.00,15629.00,15488.00,15579.00,-1.00,-0.0064,15514.000,15452.200,15151.500,14424.867,14300.317,71749,64991,
2023/02/06,15504.00,15505.00,15391.00,15405.00,-174.00,-1.1169,15521.333,15443.000,15212.800,14464.433,14303.617,75308,71339,
2023/02/07,15383.00,15447.00,15366.00,15396.00,-9.00,-0.0584,15460.000,15468.600,15275.600,14502.983,14307.242,65047,69762,
2023/02/08,15475.00,15624.00,15474.00,15604.00,208.00,1.351,15468.333,15512.800,15352.700,14547.083,14312.142,71731,71835,
2023/02/09,15549.00,15608.00,15530.00,15601.00,-3.00,-0.0192,15533.667,15517.000,15419.200,14589.933,14318.183,56490,68065,
2023/02/10,15596.00,15598.00,15520.00,15575.00,-26.00,-0.1667,15593.333,15516.200,15484.200,14629.117,14321.450,83269,70369,
2023/02/13,15510.00,15547.00,15431.00,15533.00,-42.00,-0.2697,15569.667,15541.800,15492.400,14665.767,14323.625,77702,70847,
2023/02/14,15633.00,15682.00,15588.00,15661.00,128.00,0.8241,15589.667,15594.800,15531.700,14700.200,14325.908,62687,70375,
2023/02/15,15502.00,15550.00,15382.00,15398.00,-263.00,-1.6793,15530.667,15553.600,15533.200,14732.217,14325.708,59061,67841,
2023/02/16,15458.00,15599.00,15451.00,15546.00,148.00,0.9612,15535.000,15542.600,15529.800,14757.017,14326.492,81638,72871,
2023/02/17,15428.00,15475.00,15384.00,15433.00,-113.00,-0.7269,15459.000,15514.200,15515.200,14778.783,14327.475,71206,70458,
2023/02/20,15386.00,15555.00,15367.00,15522.00,89.00,0.5767,15500.333,15512.000,15526.900,14795.317,14328.883,70770,69072,
2023/02/21,15486.00,15547.00,15471.00,15528.00,6.00,0.0387,15494.333,15485.400,15540.100,14812.467,14331.825,57220,67979,
2023/02/22,15353.00,15415.00,15306.00,15376.00,-152.00,-0.9789,15475.333,15481.000,15517.300,14826.850,14334.725,80455,72257,
2023/02/23,15435.00,15656.00,15433.00,15597.00,221.00,1.4373,15500.333,15491.200,15516.900,14845.800,14339.408,92181,74366,
2023/02/24,15642.00,15684.00,15526.00,15542.00,-55.00,-0.3526,15505.000,15513.000,15513.600,14864.367,14342.492,76668,75458,
2023/03/01,15381.00,15555.00,15333.00,15544.00,2.00,0.0129,15561.000,15517.400,15514.700,14881.683,14345.017,82553,77815,
2023/03/02,15596.00,15618.00,15435.00,15542.00,-2.00,-0.0129,15542.667,15520.200,15502.800,14897.383,14351.050,81481,82667,
2023/03/03,15612.00,15670.00,15568.00,15619.00,77.00,0.4954,15568.333,15568.800,15524.900,14911.450,14356.642,81452,82867,
2023/03/06,15730.00,15834.00,15692.00,15774.00,155.00,0.9924,15645.000,15604.200,15547.700,14929.300,14362.767,88501,82131,
2023/03/07,15786.00,15894.00,15750.00,15874.00,100.00,0.634,15755.667,15670.600,15591.800,14952.617,14372.250,66057,80008,
2023/03/08,15725.00,15809.00,15721.00,15785.00,-89.00,-0.5607,15811.000,15718.800,15618.100,14971.400,14382.150,75133,78524,
2023/03/09,15855.00,15862.00,15751.00,15767.00,-18.00,-0.114,15808.667,15763.800,15642.000,14987.517,14391.783,62410,74710,
2023/03/10,15618.00,15624.00,15452.00,15484.00,-283.00,-1.7949,15678.667,15736.800,15652.800,14995.967,14398.867,99826,78385,
2023/03/13,15450.00,15540.00,15345.00,15520.00,36.00,0.2325,15590.333,15686.000,15645.100,15006.533,14408.542,110273,82739,
2023/03/14,15358.00,15428.00,15310.00,15352.00,-168.00,-1.0825,15452.000,15581.600,15626.100,15013.483,14415.242,91660,87860,
2023/03/15,15472.00,15532.00,15404.00,15404.00,52.00,0.3387,15425.333,15505.400,15612.100,15025.633,14420.325,50561,82946,
2023/03/16,15194.00,15305.00,15150.00,15227.00,-177.00,-1.1491,15327.667,15397.400,15580.600,15035.700,14423.258,115367,93537,
2023/03/17,15310.00,15418.00,15298.00,15403.00,176.00,1.1558,15344.667,15381.200,15559.000,15050.817,14430.142,91787,91929,
2023/03/20,15454.00,15477.00,15352.00,15373.00,-30.00,-0.1948,15334.333,15351.800,15518.900,15061.917,14436.233,79647,85804,
2023/03/21,15464.00,15517.00,15425.00,15455.00,82.00,0.5334,15410.333,15372.400,15477.000,15076.483,14444.333,73240,82120,
2023/03/22,15589.00,15725.00,15568.00,15712.00,257.00,1.6629,15513.333,15434.000,15469.700,15096.367,14455.100,79364,87881,
2023/03/23,15695.00,15866.00,15683.00,15837.00,125.00,0.7956,15668.000,15556.000,15476.700,15115.150,14465.733,87808,82369,
2023/03/24,15878.00,15923.00,15806.00,15912.00,75.00,0.4736,15820.333,15657.800,15519.500,15135.217,14478.317,72503,78512,
2023/03/27,15855.00,15893.00,15793.00,15831.00,-81.00,-0.509,15860.000,15749.400,15550.600,15158.050,14491.558,72213,77025,
2023/03/28,15814.00,15829.00,15655.00,15690.00,-141.00,-0.8907,15811.000,15796.400,15584.400,15179.483,14504.650,84132,79204,
2023/03/29,15730.00,15787.00,15653.00,15740.00,50.00,0.3187,15753.667,15802.000,15618.000,15205.917,14521.167,77174,78766,
2023/03/30,15822.00,15862.00,15761.00,15821.00,81.00,0.5146,15750.333,15798.800,15677.400,15232.617,14537.858,78722,76948,
2023/03/31,15879.00,15965.00,15860.00,15864.00,43.00,0.2718,15808.333,15789.200,15723.500,15257.400,14557.433,82029,78854,
2023/04/06,15780.00,15793.00,15701.00,15760.00,-104.00,-0.6556,15815.000,15775.000,15762.200,15283.567,14576.067,71423,78696,
2023/04/07,15850.00,15870.00,15796.00,15818.00,58.00,0.368,15814.000,15800.600,15798.500,15309.783,14596.258,52377,72345,
2023/04/10,15839.00,15927.00,15828.00,15849.00,31.00,0.196,15809.000,15822.400,15812.200,15335.550,14617.467,61147,69139,
2023/04/11,15834.00,15963.00,15825.00,15921.00,72.00,0.4543,15862.667,15842.400,15820.600,15365.733,14636.833,81383,69671,
2023/04/12,15957.00,15960.00,15866.00,15926.00,5.00,0.0314,15898.667,15854.800,15822.000,15397.300,14654.383,56983,64662,
2023/04/13,15865.00,15903.00,15808.00,15816.00,-110.00,-0.6907,15887.667,15866.000,15820.500,15425.333,14670.608,79317,66241,
2023/04/14,15882.00,15995.00,15855.00,15947.00,131.00,0.8283,15896.333,15891.800,15846.200,15453.950,14689.425,86791,73124,
2023/04/17,15920.00,15974.00,15877.00,15970.00,23.00,0.1442,15911.000,15916.000,15869.200,15483.317,14713.417,61613,73217,
2023/04/18,15931.00,15963.00,15862.00,15890.00,-80.00,-0.5009,15935.667,15909.800,15876.100,15510.000,14736.867,73121,71565,
2023/04/19,15893.00,15923.00,15750.00,15775.00,-115.00,-0.7237,15878.333,15879.600,15867.200,15533.517,14761.083,49148,69998,
2023/04/20,15730.00,15798.00,15682.00,15731.00,-44.00,-0.2789,15798.667,15862.600,15864.300,15549.550,14782.458,95063,73147,
2023/04/21,15757.00,15778.00,15602.00,15615.00,-116.00,-0.7374,15707.000,15796.200,15844.000,15563.000,14804.408,101722,76133,
2023/04/24,15545.00,15655.00,15542.00,15623.00,8.00,0.0512,15656.333,15726.800,15821.400,15576.850,14825.408,74548,78720,
2023/04/25,15641.00,15662.00,15369.00,15388.00,-235.00,-1.5042,15542.000,15626.400,15768.100,15587.183,14845.325,117712,87638,
2023/04/26,15390.00,15409.00,15312.00,15375.00,-13.00,-0.0845,15462.000,15546.400,15713.000,15596.217,14865.950,96417,97092,
2023/04/27,15342.00,15461.00,15305.00,15427.00,52.00,0.3382,15396.667,15485.600,15674.100,15604.400,14887.800,85773,95234,
2023/04/28,15515.00,15596.00,15498.00,15573.00,146.00,0.9464,15458.333,15477.200,15636.700,15615.200,14910.225,84499,91789,
2023/05/02,15628.00,15672.00,15551.00,15636.00,63.00,0.4045,15545.333,15479.800,15603.300,15618.283,14934.842,78904,92661,
2023/05/03,15559.00,15595.00,15523.00,15552.00,-84.00,-0.5372,15587.000,15512.600,15569.500,15623.017,14958.283,67559,82630,
2023/05/04,15496.00,15619.00,15490.00,15609.00,57.00,0.3665,15599.000,15559.400,15552.900,15626.783,14980.392,70485,77444,
2023/05/05,15598.00,15696.00,15576.00,15643.00,34.00,0.2178,15601.333,15602.600,15544.100,15627.833,15004.383,78720,76033,
2023/05/08,15758.00,15776.00,15704.00,15723.00,80.00,0.5114,15658.333,15632.600,15554.900,15630.233,15027.550,67203,72574,
2023/05/09,15706.00,15744.00,15652.00,15739.00,16.00,0.1018,15701.667,15653.200,15566.500,15635.800,15050.117,73056,71404,
2023/05/10,15692.00,15702.00,15581.00,15609.00,-130.00,-0.826,15690.333,15664.600,15588.600,15639.350,15071.167,79711,73835,
2023/05/11,15660.00,15683.00,15517.00,15518.00,-91.00,-0.583,15622.000,15646.400,15602.900,15637.917,15092.500,92384,78214,
2023/05/12,15450.00,15559.00,15420.00,15508.00,-10.00,-0.0644,15545.000,15619.400,15611.000,15636.367,15113.150,87209,79912,
2023/05/15,15439.00,15522.00,15425.00,15510.00,2.00,0.0129,15512.000,15576.800,15604.700,15635.283,15132.200,76356,81743,
2023/05/16,15604.00,15723.00,15593.00,15690.00,180.00,1.1605,15569.333,15567.000,15610.100,15637.900,15151.833,74523,82036,
2023/05/17,15720.00,15973.00,15713.00,15954.00,264.00,1.6826,15718.000,15636.000,15650.300,15642.783,15171.492,64170,78928,
2023/05/18,16026.00,16085.00,15960.00,16070.00,116.00,0.7271,15904.667,15746.400,15696.400,15653.983,15193.100,86091,77669,
2023/05/19,16153.00,16161.00,16068.00,16129.00,59.00,0.3671,16051.000,15870.600,15745.000,15663.700,15210.358,72575,74743,
2023/05/22,16133.00,16158.00,16091.00,16116.00,-13.00,-0.0806,16105.000,15991.800,15784.300,15675.083,15226.933,57625,70996,
2023/05/23,16149.00,16195.00,16072.00,16133.00,17.00,0.1055,16126.000,16080.400,15823.700,15685.267,15240.292,82147,72521,
2023/05/24,16055.00,16091.00,16005.00,16072.00,-61.00,-0.3781,16107.000,16104.000,15870.000,15694.333,15253.400,76885,75064,
2023/05/25,16132.00,16232.00,16125.00,16207.00,135.00,0.84,16137.333,16131.400,15938.900,15708.183,15267.517,98344,77515,
2023/05/26,16362.00,16456.00,16346.00,16435.00,228.00,1.4068,16238.000,16192.600,16031.600,15722.150,15283.975,89845,80969,
2023/05/29,16607.00,16633.00,16543.00,16570.00,135.00,0.8214,16404.000,16283.400,16137.600,15739.283,15301.825,73704,84185,
2023/05/30,16550.00,16607.00,16515.00,16576.00,6.00,0.0362,16527.000,16372.000,16226.200,15756.483,15319.083,66034,80962,
2023/05/31,16576.00,16598.00,16455.00,16489.00,-87.00,-0.5249,16545.000,16455.400,16279.700,15772.267,15334.825,97860,85157,
2023/06/01,16440.00,16518.00,16422.00,16470.00,-19.00,-0.1152,16511.667,16508.000,16319.700,15786.450,15348.950,69997,79488,
2023/06/02,16577.00,16738.00,16566.00,16710.00,240.00,1.4572,16556.333,16563.000,16377.800,15802.050,15365.675,81823,77883,
2023/06/05,16750.00,16764.00,16657.00,16681.00,-29.00,-0.1735,16620.333,16585.200,16434.300,15815.500,15384.058,67672,76677,
2023/06/06,16687.00,16784.00,16680.00,16747.00,66.00,0.3957,16712.667,16619.400,16495.700,15831.533,15401.467,76464,78763,
2023/06/07,16785.00,16906.00,16766.00,16889.00,142.00,0.8479,16772.333,16699.400,16577.400,15850.233,15418.875,75921,74375,
2023/06/08,16852.00,16867.00,16667.00,16719.00,-170.00,-1.0066,16785.000,16749.200,16628.600,15870.817,15433.392,86292,77634,
2023/06/09,16802.00,16888.00,16785.00,16888.00,169.00,1.0108,16832.000,16784.800,16673.900,15893.617,15450.075,68522,74974,
2023/06/12,16954.00,16984.00,16907.00,16942.00,54.00,0.3198,16849.667,16837.000,16711.100,15920.117,15466.800,62692,73978,
2023/06/13,17088.00,17274.00,17081.00,17220.00,278.00,1.6409,17016.667,16931.600,16775.500,15950.383,15488.008,89173,76520,
2023/06/14,17199.00,17230.00,17133.00,17203.00,-17.00,-0.0987,17121.667,16994.400,16846.900,15983.317,15509.508,69623,75260,
2023/06/15,17250.00,17348.00,17230.00,17337.00,134.00,0.7789,17253.333,17118.000,16933.600,16015.550,15533.183,73362,72674,
2023/06/16,17292.00,17322.00,17215.00,17268.00,-69.00,-0.398,17269.333,17194.000,16989.400,16047.133,15554.525,82782,75526,
2023/06/19,17194.00,17286.00,17160.00,17255.00,-13.00,-0.0753,17286.667,17256.600,17046.800,16077.133,15576.808,67947,76577,
2023/06/20,17210.00,17238.00,17106.00,17189.00,-66.00,-0.3825,17237.333,17250.400,17091.000,16101.750,15599.058,82380,75218,
2023/06/21,17157.00,17244.00,17140.00,17229.00,40.00,0.2327,17224.333,17255.600,17125.000,16124.950,15620.050,42244,69743,
2023/06/26,16851.00,16915.00,16822.00,16880.00,-349.00,-2.0257,17099.333,17164.200,17141.100,16141.083,15638.150,72165,69503,
2023/06/27,16805.00,16855.00,16705.00,16743.00,-137.00,-0.8116,16950.667,17059.200,17126.600,16156.283,15657.167,94068,71760,
2023/06/28,16795.00,16810.00,16712.00,16776.00,33.00,0.1971,16799.667,16963.400,17110.000,16174.383,15676.933,75639,73299,
2023/06/29,16851.00,16965.00,16733.00,16756.00,-20.00,-0.1192,16758.333,16876.800,17063.600,16191.317,15698.617,111693,79161,
2023/06/30,16718.00,16826.00,16671.00,16788.00,32.00,0.191,16773.333,16788.600,17022.100,16207.433,15720.025,76932,86099,
2023/07/03,16901.00,17038.00,16897.00,17035.00,247.00,1.4713,16859.667,16819.600,16991.900,16226.950,15742.175,75494,86765,
2023/07/04,17025.00,17116.00,16983.00,17106.00,71.00,0.4168,16976.333,16892.200,16975.700,16249.383,15766.475,67406,81432,
2023/07/05,17086.00,17098.00,16975.00,17005.00,-101.00,-0.5904,17048.667,16938.000,16950.700,16269.167,15789.475,72781,80861,
2023/07/06,16869.00,16898.00,16673.00,16686.00,-319.00,-1.8759,16932.333,16924.000,16900.400,16283.117,15809.333,108783,80279,
2023/07/07,16566.00,16708.00,16536.00,16623.00,-63.00,-0.3776,16771.333,16891.000,16839.800,16294.817,15830.275,96781,84249,
2023/07/10,16675.00,16737.00,16545.00,16550.00,-73.00,-0.4392,16619.667,16794.000,16806.800,16305.217,15851.258,99279,89006,
2023/07/11,16750.00,16877.00,16737.00,16870.00,320.00,1.9335,16681.000,16746.800,16819.500,16322.783,15874.058,82907,92106,
2023/07/12,16880.00,16929.00,16824.00,16925.00,55.00,0.326,16781.667,16730.800,16834.400,16339.083,15896.517,78308,93211,
2023/07/13,17137.00,17255.00,17056.00,17084.00,159.00,0.9394,16959.667,16810.400,16867.200,16357.650,15920.483,107106,92876,
2023/07/14,17219.00,17305.00,17143.00,17292.00,208.00,1.2175,17100.333,16944.200,16917.600,16381.017,15945.508,83487,90217,
2023/07/17,17234.00,17345.00,17229.00,17291.00,-1.00,-0.0058,17222.333,17092.400,16943.200,16406.283,15969.900,69789,84319,
2023/07/18,17338.00,17386.00,17152.00,17225.00,-66.00,-0.3817,17269.333,17163.400,16955.100,16431.183,15990.367,100538,87845,
2023/07/19,17287.00,17325.00,17092.00,17102.00,-123.00,-0.7141,17206.000,17198.800,16964.800,16455.967,16009.483,66082,85400,
2023/07/20,17020.00,17150.00,17018.00,17126.00,24.00,0.1403,17151.000,17207.200,17008.800,16481.017,16028.933,87999,81579,
2023/07/21,16860.00,16984.00,16816.00,16944.00,-182.00,-1.0627,17057.333,17137.600,17040.900,16506.950,16047.067,99103,84702,
2023/07/24,16947.00,17024.00,16866.00,16981.00,37.00,0.2184,17017.000,17075.600,17084.000,16533.717,16064.967,94468,89638,
2023/07/25,17091.00,17225.00,17054.00,17180.00,199.00,1.1719,17035.000,17066.600,17115.000,16562.933,16083.667,92648,88060,
2023/07/26,17206.00,17208.00,17078.00,17102.00,-78.00,-0.454,17087.667,17066.600,17132.700,16588.417,16101.808,92558,93355,
2023/07/27,17183.00,17263.00,17168.00,17221.00,119.00,0.6958,17167.667,17085.600,17146.400,16614.833,16116.558,90976,93950,
2023/07/28,17155.00,17299.00,17135.00,17262.00,41.00,0.2381,17195.000,17149.200,17143.400,16643.333,16133.175,105963,95322,
2023/07/31,17400.00,17425.00,17058.00,17100.00,-162.00,-0.9385,17194.333,17173.000,17124.300,16668.183,16147.483,130807,102590,
2023/08/01,17160.00,17218.00,17090.00,17182.00,82.00,0.4795,17181.333,17173.400,17120.000,16693.833,16160.833,91998,102460,
2023/08/02,17093.00,17162.00,16806.00,16814.00,-368.00,-2.1418,17032.000,17115.800,17091.200,16712.017,16171.125,136576,111264,
2023/08/04,16720.00,16863.00,16715.00,16824.00,10.00,0.0595,16940.000,17036.400,17061.000,16730.100,16182.950,96578,112384,
2023/08/07,16859.00,17027.00,16836.00,17002.00,178.00,1.058,16880.000,16984.400,17066.800,16753.317,16196.333,93444,109880,
2023/08/08,17020.00,17026.00,16757.00,16853.00,-149.00,-0.8764,16893.000,16935.000,17054.000,16775.567,16206.742,114639,106647,
2023/08/09,16815.00,16935.00,16780.00,16852.00,-1.00,-0.0059,16902.333,16869.000,17021.200,16797.967,16217.167,99067,108060,
2023/08/10,16788.00,16797.00,16584.00,16660.00,-192.00,-1.1393,16788.333,16838.200,16977.000,16817.133,16226.208,114970,103739,
2023/08/11,16711.00,16754.00,16574.00,16625.00,-35.00,-0.2101,16712.333,16798.400,16917.400,16832.717,16235.308,95141,103452,
2023/08/14,16567.00,16570.00,16306.00,16378.00,-247.00,-1.4857,16554.333,16673.600,16829.000,16839.783,16241.283,119643,108692,
2023/08/15,16471.00,16540.00,16422.00,16422.00,44.00,0.2687,16475.000,16587.400,16761.200,16845.650,16249.817,78803,101524,
2023/08/16,16300.00,16413.00,16290.00,16364.00,-58.00,-0.3532,16388.000,16489.800,16679.400,16849.567,16256.633,55724,92856,
2023/08/17,16261.00,16493.00,16205.00,16454.00,90.00,0.55,16413.333,16448.600,16643.400,16855.200,16265.142,124667,94795,
2023/08/18,16422.00,16541.00,16320.00,16352.00,-102.00,-0.6199,16390.000,16394.000,16596.200,16858.850,16272.058,118103,99388,
2023/08/21,16424.00,16474.00,16325.00,16351.00,-1.00,-0.0061,16385.667,16388.600,16531.100,16863.500,16278.917,91743,93808,
2023/08/22,16495.00,16507.00,16380.00,16401.00,50.00,0.3058,16368.000,16384.400,16485.900,16866.733,16287.458,86226,95292,
2023/08/23,16419.00,16561.00,16405.00,16559.00,158.00,0.9634,16437.000,16423.400,16456.600,16868.800,16295.475,97826,103713,
2023/08/24,16788.00,16798.00,16670.00,16759.00,200.00,1.2078,16573.000,16484.400,16466.500,16871.950,16305.617,108483,100476,
2023/08/25,16549.00,16586.00,16415.00,16421.00,-338.00,-2.0168,16579.667,16498.200,16446.100,16869.367,16312.925,99873,96830,
2023/08/28,16468.00,16548.00,16461.00,16490.00,69.00,0.4202,16556.667,16526.000,16457.300,16869.383,16320.825,83016,95084,
2023/08/29,16578.00,16632.00,16453.00,16624.00,134.00,0.8126,16511.667,16570.600,16477.500,16871.950,16329.200,84828,94805,
2023/08/30,16738.00,16778.00,16695.00,16724.00,100.00,0.6015,16612.667,16603.600,16513.500,16872.183,16337.117,69972,89234,
2023/08/31,16730.00,16731.00,16602.00,16628.00,-96.00,-0.574,16658.667,16577.400,16530.900,16871.300,16343.400,89829,85503,
2023/09/01,16608.00,16727.00,16600.00,16651.00,23.00,0.1383,16667.667,16623.400,16560.800,16869.700,16350.617,78425,81214,
2023/09/04,16646.00,16782.00,16607.00,16782.00,131.00,0.7867,16687.000,16681.800,16603.900,16867.917,16359.075,84928,81596,
2023/09/05,16736.00,16765.00,16707.00,16754.00,-28.00,-0.1668,16729.000,16707.800,16639.200,16868.500,16369.658,56978,76026,
2023/09/06,16758.00,16801.00,16702.00,16711.00,-43.00,-0.2567,16749.000,16705.200,16654.400,16865.550,16379.583,70586,76149,
2023/09/07,16604.00,16660.00,16560.00,16564.00,-147.00,-0.8797,16676.333,16692.400,16634.900,16859.250,16389.683,78282,73839,
2023/09/08,16490.00,16579.00,16467.00,16563.00,-1.00,-0.006,16612.667,16674.800,16649.100,16848.300,16399.342,74541,73063,
2023/09/11,16560.00,16577.00,16366.00,16427.00,-136.00,-0.8211,16518.000,16603.800,16642.800,16835.367,16409.342,104249,76927,
2023/09/12,16459.00,16591.00,16413.00,16573.00,146.00,0.8888,16521.000,16567.600,16637.700,16822.633,16419.092,94537,84439,
2023/09/13,16570.00,16645.00,16523.00,16577.00,4.00,0.0241,16525.667,16540.800,16623.000,16811.117,16429.125,79001,86122,
2023/09/14,16676.00,16842.00,16675.00,16838.00,261.00,1.5745,16662.667,16595.600,16644.000,16804.167,16440.650,82982,87062,
2023/09/15,16848.00,16918.00,16808.00,16906.00,68.00,0.4038,16773.667,16664.200,16669.500,16799.450,16450.600,74629,87079,
2023/09/18,16757.00,16796.00,16700.00,16709.00,-197.00,-1.1653,16817.667,16720.600,16662.200,16790.783,16457.867,71901,80610,
2023/09/19,16700.00,16741.00,16603.00,16609.00,-100.00,-0.5985,16741.333,16727.800,16647.700,16786.267,16463.675,73679,76438,
2023/09/20,16611.00,16648.00,16531.00,16537.00,-72.00,-0.4335,16618.333,16719.800,16630.300,16782.833,16469.558,46135,69865,
2023/09/21,16479.00,16483.00,16280.00,16309.00,-228.00,-1.3787,16485.000,16614.000,16604.800,16775.050,16474.717,103883,74045,
2023/09/22,16200.00,16355.00,16188.00,16345.00,36.00,0.2207,16397.000,16501.800,16583.000,16768.200,16479.758,77413,74602,
2023/09/25,16352.00,16491.00,16340.00,16464.00,119.00,0.7281,16372.667,16452.800,16586.700,16762.800,16485.117,69416,74105,
2023/09/26,16400.00,16408.00,16273.00,16308.00,-156.00,-0.9475,16372.333,16392.600,16560.200,16750.683,16488.817,88019,76973,
2023/09/27,16246.00,16334.00,16230.00,16311.00,3.00,0.0184,16361.000,16347.400,16533.600,16737.433,16493.408,76108,82967,
2023/09/28,16342.00,16435.00,16295.00,16368.00,57.00,0.3495,16329.000,16359.200,16486.600,16726.817,16497.992,90611,80313,
2023/10/02,16531.00,16610.00,16504.00,16557.00,189.00,1.1547,16412.000,16401.600,16451.700,16724.667,16503.892,76530,80136,
2023/10/03,16497.00,16553.00,16408.00,16412.00,-145.00,-0.8758,16445.667,16391.200,16422.000,16721.150,16507.983,84165,83086,
2023/10/04,16285.00,16286.00,16164.00,16245.00,-167.00,-1.0175,16404.667,16378.600,16385.600,16716.067,16510.642,105775,86637,
2023/10/05,16300.00,16486.00,16288.00,16456.00,211.00,1.2989,16371.000,16407.600,16377.500,16709.167,16515.975,88102,89036,
2023/10/06,16476.00,16552.00,16473.00,16531.00,75.00,0.4558,16410.667,16440.200,16399.700,16702.600,16520.842,67755,84465,
2023/10/11,16829.00,16829.00,16662.00,16717.00,186.00,1.1252,16568.000,16472.200,16436.900,16696.483,16527.067,82924,85744,
2023/10/12,16768.00,16857.00,16725.00,16848.00,131.00,0.7836,16698.667,16559.400,16475.300,16689.083,16535.050,75642,84039,
2023/10/13,16750.00,16807.00,16730.00,16770.00,-78.00,-0.463,16778.333,16664.400,16521.500,16680.400,16543.342,65729,76030,
2023/10/16,16661.00,16683.00,16603.00,16648.00,-122.00,-0.7275,16755.333,16702.800,16555.200,16670.783,16550.983,78553,74120,
2023/10/17,16764.00,16782.00,16634.00,16650.00,2.00,0.012,16689.333,16726.600,16583.400,16663.250,16559.608,67449,74059,
2023/10/18,16616.00,16633.00,16411.00,16426.00,-224.00,-1.3453,16574.667,16668.400,16570.300,16651.583,16566.300,59625,69399,
2023/10/19,16365.00,16487.00,16357.00,16458.00,32.00,0.1948,16511.333,16590.400,16574.900,16643.483,16575.217,83643,70999,
2023/10/20,16440.00,16465.00,16255.00,16413.00,-45.00,-0.2734,16432.333,16519.000,16591.700,16634.017,16583.867,115067,80867,
2023/10/23,16350.00,16366.00,16250.00,16254.00,-159.00,-0.9687,16375.000,16440.200,16571.500,16618.583,16590.758,78866,80930,
2023/10/24,16274.00,16343.00,16148.00,16335.00,81.00,0.4983,16334.000,16377.200,16551.900,16605.800,16597.108,117143,90868,
2023/10/25,16370.00,16480.00,16350.00,16358.00,23.00,0.1408,16315.667,16363.600,16516.000,16591.417,16603.125,85051,95954,
2023/10/26,16144.00,16176.00,16039.00,16069.00,-289.00,-1.7667,16254.000,16285.800,16438.100,16571.533,16607.433,109855,101196,
2023/10/27,16137.00,16217.00,16120.00,16151.00,82.00,0.5103,16192.667,16233.400,16376.200,16555.717,16611.950,84423,95067,
2023/10/30,16118.00,16238.00,16111.00,16157.00,6.00,0.0371,16125.667,16214.000,16327.100,16538.633,16616.233,88581,97010,
2023/10/31,16180.00,16197.00,15973.00,15994.00,-163.00,-1.0089,16100.667,16145.800,16261.500,16524.967,16618.492,108999,95381,
2023/11/01,16099.00,16120.00,15978.00,16048.00,54.00,0.3376,16066.333,16083.800,16223.700,16512.033,16621.067,86876,95746,
2023/11/02,16256.00,16399.00,16250.00,16390.00,342.00,2.1311,16144.000,16148.000,16216.900,16501.833,16627.575,80745,89924,
2023/11/03,16488.00,16537.00,16441.00,16512.00,122.00,0.7444,16316.667,16220.200,16226.800,16496.150,16635.858,73851,87810,
2023/11/06,16680.00,16750.00,16626.00,16670.00,158.00,0.9569,16524.000,16322.800,16268.400,16493.117,16645.542,82809,86656,
2023/11/07,16632.00,16712.00,16613.00,16709.00,39.00,0.234,16630.333,16465.800,16305.800,16493.933,16655.533,64900,77836,
2023/11/08,16725.00,16797.00,16687.00,16749.00,40.00,0.2394,16709.333,16606.000,16344.900,16496.000,16664.358,76106,75682,
2023/11/09,16711.00,16788.00,16692.00,16763.00,14.00,0.0836,16740.333,16680.600,16414.300,16502.417,16671.100,69625,73458,
2023/11/10,16664.00,16738.00,16627.00,16736.00,-27.00,-0.1611,16749.333,16725.400,16472.800,16507.650,16676.650,76599,74007,
2023/11/13,16969.00,16985.00,16836.00,16876.00,140.00,0.8365,16791.667,16766.600,16544.700,16516.183,16682.875,81001,73646,
2023/11/14,16956.00,16976.00,16912.00,16949.00,73.00,0.4326,16853.667,16814.600,16640.200,16524.433,16689.817,58854,72437,
2023/11/15,17170.00,17192.00,17055.00,17123.00,174.00,1.0266,16982.667,16889.400,16747.700,16537.283,16698.067,50266,67269,
2023/11/16,17196.00,17218.00,17109.00,17186.00,63.00,0.3679,17086.000,16974.000,16827.300,16551.200,16707.350,72678,67879,
2023/11/17,17152.00,17252.00,17151.00,17222.00,36.00,0.2095,17177.000,17071.200,16898.300,16564.883,16715.808,72926,67145,
2023/11/20,17227.00,17288.00,17154.00,17200.00,-22.00,-0.1277,17202.667,17136.000,16951.300,16575.567,16722.183,72248,65394,
2023/11/21,17281.00,17425.00,17280.00,17415.00,215.00,1.25,17279.000,17229.200,17021.900,16586.500,16729.225,70146,67652,
2023/11/22,17298.00,17334.00,17256.00,17284.00,-131.00,-0.7522,17299.667,17261.400,17075.400,16600.883,16735.125,65436,70686,
2023/11/23,17275.00,17323.00,17214.00,17307.00,23.00,0.1331,17335.333,17285.600,17129.800,16614.500,16741.942,73744,70900,
2023/11/24,17330.00,17350.00,17265.00,17293.00,-14.00,-0.0809,17294.667,17299.800,17185.500,16625.650,16748.800,51647,66644,
2023/11/27,17257.00,17361.00,17145.00,17173.00,-120.00,-0.6939,17257.667,17294.400,17215.200,16633.133,16752.658,90240,70242,
2023/11/28,17215.00,17402.00,17195.00,17364.00,191.00,1.1122,17276.667,17284.200,17256.700,16645.400,16758.350,87468,73707,
2023/11/29,17339.00,17450.00,17314.00,17334.00,-30.00,-0.1728,17290.333,17294.200,17277.800,16656.783,16763.242,78995,76418,
2023/11/30,17400.00,17416.00,17291.00,17393.00,59.00,0.3404,17363.667,17311.400,17298.500,16666.967,16767.442,82949,78259,
2023/12/01,17333.00,17434.00,17254.00,17421.00,28.00,0.161,17382.667,17337.000,17318.400,16678.083,16773.292,79683,83867,
2023/12/04,17465.00,17491.00,17376.00,17419.00,-2.00,-0.0115,17411.000,17386.200,17340.300,16689.883,16777.717,69254,79669,
2023/12/05,17285.00,17330.00,17231.00,17309.00,-110.00,-0.6315,17383.000,17375.200,17329.700,16702.300,16780.775,76573,77490,
2023/12/06,17367.00,17453.00,17346.00,17381.00,72.00,0.416,17369.667,17384.600,17339.400,16715.933,16782.117,79344,77560,
2023/12/07,17321.00,17371.00,17261.00,17270.00,-111.00,-0.6386,17320.000,17360.000,17335.700,16729.983,16782.675,77268,76424,
2023/12/08,17409.00,17470.00,17363.00,17377.00,107.00,0.6196,17342.667,17351.200,17344.100,16743.383,16783.008,87603,78008,
2023/12/11,17436.00,17457.00,17350.00,17418.00,41.00,0.2359,17355.000,17351.000,17368.600,16757.400,16784.258,64963,77150,
2023/12/12,17518.00,17545.00,17427.00,17464.00,46.00,0.2641,17419.667,17382.000,17378.600,16767.833,16786.000,67162,75268,
2023/12/13,17491.00,17519.00,17426.00,17453.00,-11.00,-0.063,17445.000,17396.400,17390.500,16776.950,16788.200,65107,72420,
2023/12/14,17608.00,17691.00,17595.00,17666.00,213.00,1.2204,17527.667,17475.600,17417.800,16792.900,16791.842,93001,75567,
2023/12/15,17771.00,17775.00,17672.00,17674.00,8.00,0.0453,17597.667,17535.000,17443.100,16810.650,16798.458,70299,72106,
2023/12/18,17672.00,17673.00,17583.00,17655.00,-19.00,-0.1075,17665.000,17582.400,17466.700,16829.283,16806.058,62789,71671,
2023/12/19,17596.00,17621.00,17505.00,17574.00,-81.00,-0.4588,17634.333,17604.400,17493.200,16850.367,16812.708,73241,72887,
2023/12/20,17605.00,17655.00,17596.00,17636.00,62.00,0.3528,17621.667,17641.000,17518.700,16871.883,16820.042,38508,67567,
2023/12/21,17442.00,17544.00,17414.00,17529.00,-107.00,-0.6067,17579.667,17613.600,17544.600,16889.633,16826.217,72858,63539,
2023/12/22,17563.00,17597.00,17542.00,17558.00,29.00,0.1654,17574.333,17590.400,17562.700,16910.467,16830.575,52665,60012,
2023/12/25,17644.00,17666.00,17607.00,17622.00,64.00,0.3645,17569.667,17583.800,17583.100,16932.317,16834.875,36922,54838,
2023/12/26,17651.00,17740.00,17634.00,17735.00,113.00,0.6412,17638.333,17616.000,17610.200,16955.100,16840.958,52567,50704,
2023/12/27,17755.00,17874.00,17737.00,17857.00,122.00,0.6879,17738.000,17660.200,17650.600,16976.767,16850.717,64574,55917,
2023/12/28,17850.00,17887.00,17821.00,17865.00,8.00,0.0448,17819.000,17727.400,17670.500,17000.983,16861.067,56412,52628,
2023/12/29,17853.00,17900.00,17828.00,17868.00,3.00,0.0168,17863.333,17789.400,17689.900,17028.033,16872.050,56464,53387,
2024/01/02,17838.00,17920.00,17751.00,17798.00,-70.00,-0.3918,17843.667,17824.600,17704.200,17050.400,16879.783,82820,62567,
2024/01/03,17658.00,17667.00,17507.00,17546.00,-252.00,-1.4159,17737.333,17786.800,17701.400,17067.317,16884.958,97821,71618,
2024/01/04,17525.00,17583.00,17525.00,17546.00,0.00,0.00,17630.000,17724.600,17692.400,17081.133,16888.808,57094,70122,
2024/01/05,17577.00,17626.00,17491.00,17519.00,-27.00,-0.1539,17537.000,17655.400,17691.400,17092.317,16890.700,76737,74187,
2024/01/08,17572.00,17706.00,17568.00,17595.00,76.00,0.4338,17553.333,17600.800,17695.100,17106.067,16893.233,86152,80124,
2024/01/09,17770.00,17782.00,17526.00,17545.00,-50.00,-0.2842,17553.000,17550.200,17687.400,17121.017,16895.900,96273,82815,
2024/01/10,17509.00,17521.00,17439.00,17458.00,-87.00,-0.4959,17532.667,17532.600,17659.700,17134.483,16898.867,70182,77287,
2024/01/11,17490.00,17606.00,17481.00,17575.00,117.00,0.6702,17526.000,17538.400,17631.500,17153.633,16902.608,85691,83007,
2024/01/12,17466.00,17570.00,17447.00,17489.00,-86.00,-0.4893,17507.333,17532.400,17593.900,17170.817,16907.150,73232,82306,
2024/01/15,17580.00,17655.00,17527.00,17559.00,70.00,0.4003,17541.000,17525.200,17563.000,17189.917,16911.967,106599,86395,
2024/01/16,17480.00,17499.00,17321.00,17333.00,-226.00,-1.2871,17460.333,17482.800,17516.500,17207.900,16913.242,107507,88642,
2024/01/17,17313.00,17344.00,17159.00,17167.00,-166.00,-0.9577,17353.000,17424.600,17478.600,17221.767,16913.783,61984,87002,
2024/01/18,17240.00,17326.00,17215.00,17280.00,113.00,0.6582,17260.000,17365.600,17452.000,17237.133,16914.275,90666,87997,
2024/01/19,17541.00,17684.00,17504.00,17678.00,398.00,2.3032,17375.000,17403.400,17467.900,17263.950,16917.742,111821,95715,
2024/01/22,17816.00,17843.00,17747.00,17817.00,139.00,0.7863,17591.667,17455.000,17490.100,17291.717,16923.717,83028,91001,
2024/01/23,17799.00,17877.00,17790.00,17870.00,53.00,0.2975,17788.333,17562.400,17522.600,17320.267,16929.450,77229,84945,
2024/01/24,17903.00,17941.00,17876.00,17903.00,33.00,0.1847,17863.333,17709.600,17567.100,17352.083,16938.525,65632,85675,
2024/01/25,18016.00,18030.00,17935.00,17995.00,92.00,0.5139,17922.667,17852.600,17609.100,17384.533,16948.283,74942,82530,
2024/01/26,17951.00,18023.00,17936.00,17999.00,4.00,0.0222,17965.667,17916.800,17660.100,17411.350,16956.592,65753,73316,
2024/01/29,18011.00,18135.00,17970.00,18125.00,126.00,0.70,18039.667,17978.400,17716.700,17438.233,16967.192,73288,71368,
2024/01/30,18129.00,18139.00,18064.00,18081.00,-44.00,-0.2428,18068.333,18020.600,17791.500,17461.750,16977.433,63232,68569,
2024/01/31,17990.00,18003.00,17904.00,17920.00,-161.00,-0.8904,18042.000,18024.000,17866.800,17481.933,16987.933,78909,71224,
2024/02/01,17956.00,17994.00,17882.00,17986.00,66.00,0.3683,17995.667,18022.200,17937.400,17502.550,16999.275,82826,72801,
2024/02/02,18100.00,18105.00,18023.00,18084.00,98.00,0.5449,17996.667,18039.200,17978.000,17524.567,17013.492,64051,72461,
2024/02/05,18008.00,18102.00,17958.00,18086.00,2.00,0.0111,18052.000,18031.400,18004.900,17547.067,17027.358,72131,72229,
2024/02/15,18590.00,18696.00,18531.00,18667.00,581.00,3.2124,18279.000,18148.600,18084.600,17576.917,17046.550,109775,81538,
2024/02/16,18683.00,18726.00,18633.00,18634.00,-33.00,-0.1768,18462.333,18291.400,18157.700,17605.000,17064.717,60071,77770,
2024/02/19,18680.00,18692.00,18619.00,18671.00,37.00,0.1986,18657.333,18428.400,18225.300,17630.800,17084.042,55072,72220,
2024/02/20,18634.00,18754.00,18596.00,18753.00,82.00,0.4392,18686.000,18562.200,18300.700,17656.917,17104.058,65718,72553,
2024/02/21,18738.00,18750.00,18659.00,18670.00,-83.00,-0.4426,18698.000,18679.000,18355.200,17681.050,17122.967,37957,65718,
2024/02/22,18887.00,18890.00,18751.00,18889.00,219.00,1.173,18770.667,18723.400,18436.000,17709.200,17142.383,84570,60677,
2024/02/23,18990.00,19000.00,18898.00,18913.00,24.00,0.1271,18824.000,18779.200,18535.300,17734.167,17160.333,80747,64812,
2024/02/26,18907.00,18996.00,18853.00,18963.00,50.00,0.2644,18921.667,18837.600,18633.000,17762.150,17181.517,68050,67408,
2024/02/27,18950.00,19020.00,18750.00,18867.00,-96.00,-0.5062,18914.333,18860.400,18711.300,17788.150,17201.325,120437,78352,
2024/02/29,18808.00,18997.00,18805.00,18966.00,99.00,0.5247,18932.000,18919.600,18799.300,17816.033,17220.842,84794,87719,
2024/03/01,18968.00,19017.00,18924.00,18961.00,-5.00,-0.0264,18931.333,18934.000,18828.700,17845.833,17239.483,75117,85829,
2024/03/04,19144.00,19340.00,19137.00,19314.00,353.00,1.8617,19080.333,19014.200,18896.700,17878.333,17261.867,97727,89225,
2024/03/05,19362.00,19436.00,19305.00,19389.00,75.00,0.3883,19221.333,19099.400,18968.500,17912.583,17284.683,83512,92317,
2024/03/06,19282.00,19523.00,19271.00,19509.00,120.00,0.6189,19404.000,19227.800,19044.100,17947.850,17307.408,96066,87443,
2024/03/07,19688.00,19770.00,19584.00,19709.00,200.00,1.0252,19535.667,19376.400,19148.000,17985.983,17332.033,120690,94622,
2024/03/08,19930.00,20009.00,19638.00,19791.00,82.00,0.4161,19669.667,19542.400,19238.200,18025.517,17357.700,171466,113892,
2024/03/11,19691.00,19825.00,19679.00,19715.00,-76.00,-0.384,19738.333,19622.600,19318.400,18065.617,17383.958,97470,113840,
2024/03/12,19714.00,19956.00,19698.00,19955.00,240.00,1.2173,19820.333,19735.800,19417.600,18108.517,17412.225,91456,115429,
2024/03/13,19994.00,20064.00,19886.00,19927.00,-28.00,-0.1403,19865.667,19819.400,19523.600,18152.800,17441.392,111324,118481,
2024/03/14,19897.00,19978.00,19799.00,19939.00,12.00,0.0602,19940.333,19865.400,19620.900,18195.500,17469.442,108675,116078,
2024/03/15,19828.00,19873.00,19723.00,19730.00,-209.00,-1.0482,19865.333,19853.200,19697.800,18234.033,17495.717,105920,102969,
2024/03/18,19778.00,19920.00,19747.00,19919.00,189.00,0.9579,19862.667,19894.000,19758.300,18274.950,17521.392,80811,99637,
2024/03/19,19816.00,19911.00,19739.00,19867.00,-52.00,-0.2611,19838.667,19876.400,19806.100,18315.183,17546.067,89539,99253,
2024/03/20,19860.00,19956.00,19731.00,19747.00,-120.00,-0.604,19844.333,19840.400,19829.900,18349.867,17571.383,68529,90694,
2024/03/21,20048.00,20264.00,20029.00,20264.00,517.00,2.6181,19959.333,19905.400,19885.400,18393.033,17601.842,101257,89211,
2024/03/22,20226.00,20285.00,20122.00,20242.00,-22.00,-0.1086,20084.333,20007.800,19930.500,18436.150,17632.717,94435,86914,
2024/03/25,20256.00,20307.00,20188.00,20231.00,-11.00,-0.0543,20245.667,20070.200,19982.100,18480.433,17665.400,72549,85261,
2024/03/26,20280.00,20459.00,20038.00,20187.00,-44.00,-0.2175,20220.000,20134.200,20005.300,18522.950,17697.417,173503,102054,
2024/03/27,20185.00,20288.00,20148.00,20261.00,74.00,0.3666,20226.333,20237.000,20038.700,18568.483,17729.058,86219,105592,
2024/03/28,20238.00,20250.00,20081.00,20203.00,-58.00,-0.2863,20217.000,20224.800,20065.100,18612.567,17761.517,103776,106096,
2024/03/29,20226.00,20299.00,20192.00,20280.00,77.00,0.3811,20248.000,20232.400,20120.100,18656.867,17794.592,84005,104010,
2024/04/01,20393.00,20400.00,20259.00,20288.00,8.00,0.0394,20257.000,20243.800,20157.000,18699.417,17827.258,83504,106201,
2024/04/02,20350.00,20524.00,20350.00,20523.00,235.00,1.1583,20363.667,20311.000,20222.600,18743.850,17860.308,96479,90796,
2024/04/03,20370.00,20419.00,20275.00,20349.00,-174.00,-0.8478,20386.667,20328.600,20282.800,18785.250,17893.117,111539,95860,
2024/04/08,20404.00,20520.00,20375.00,20450.00,101.00,0.4963,20440.667,20378.000,20301.400,18828.283,17928.158,85634,92232,
2024/04/09,20538.00,20877.00,20518.00,20874.00,424.00,2.0733,20557.667,20496.800,20364.600,18879.550,17964.975,117032,98837,
2024/04/10,20822.00,20892.00,20804.00,20851.00,-23.00,-0.1102,20725.000,20609.400,20426.600,18934.633,18000.975,75617,97260,
2024/04/11,20706.00,20764.00,20651.00,20753.00,-98.00,-0.47,20826.000,20655.400,20483.200,18988.083,18034.608,87690,95502,
2024/04/12,20745.00,20809.00,20682.00,20755.00,2.00,0.0096,20786.333,20736.600,20532.600,19042.017,18067.167,85358,90266,
2024/04/15,20544.00,20605.00,20460.00,20508.00,-247.00,-1.1901,20672.000,20748.200,20563.100,19090.567,18098.317,96819,92503,
2024/04/16,20278.00,20286.00,19798.00,19953.00,-555.00,-2.7063,20405.333,20564.000,20530.400,19130.700,18125.858,162364,101569,
2024/04/17,19942.00,20289.00,19927.00,20238.00,285.00,1.4284,20233.000,20441.400,20525.400,19177.033,18155.758,71136,100673,
2024/04/18,20070.00,20359.00,20025.00,20358.00,120.00,0.5929,20183.000,20362.400,20508.900,19223.417,18188.525,120074,107150,
2024/04/19,19840.00,19924.00,19265.00,19546.00,-812.00,-3.9886,20047.333,20120.600,20428.600,19257.700,18214.258,237053,137489,
2024/04/22,19620.00,19715.00,19445.00,19524.00,-22.00,-0.1126,19809.333,19923.800,20336.000,19290.450,18240.183,135149,145155,
2024/04/23,19651.00,19745.00,19554.00,19677.00,153.00,0.7837,19582.333,19868.600,20216.300,19329.517,18268.708,100540,132790,
2024/04/24,19930.00,20202.00,19916.00,20170.00,493.00,2.5055,19790.333,19855.000,20148.200,19379.567,18300.667,100556,138674,
2024/04/25,19940.00,19979.00,19834.00,19885.00,-285.00,-1.413,19910.667,19760.400,20061.400,19422.983,18330.058,95501,133759,
2024/04/26,20126.00,20271.00,20070.00,20178.00,293.00,1.4735,20077.667,19886.800,20003.700,19464.650,18364.300,113480,109045,
2024/04/29,20350.00,20560.00,20310.00,20552.00,374.00,1.8535,20205.000,20092.400,20008.100,19510.233,18400.975,97953,101606,
2024/04/30,20518.00,20576.00,20404.00,20413.00,-139.00,-0.6763,20381.000,20239.600,20054.100,19552.617,18436.442,76875,96873,
2024/05/02,20250.00,20380.00,20215.00,20291.00,-122.00,-0.5977,20418.667,20263.800,20059.400,19592.417,18472.250,89870,94735,
2024/05/03,20548.00,20597.00,20306.00,20382.00,91.00,0.4485,20362.000,20363.200,20061.800,19632.200,18508.367,100776,95790,
2024/05/06,20685.00,20714.00,20562.00,20602.00,220.00,1.0794,20425.000,20448.000,20167.400,19675.583,18543.467,83655,89825,
2024/05/07,20733.00,20756.00,20536.00,20650.00,48.00,0.233,20544.667,20467.600,20280.000,19717.667,18577.950,85424,87320,
2024/05/08,20618.00,20738.00,20574.00,20725.00,75.00,0.3632,20659.000,20530.000,20384.800,19761.733,18611.742,72930,86531,
2024/05/09,20707.00,20763.00,20605.00,20612.00,-113.00,-0.5452,20662.333,20594.200,20429.000,19806.600,18644.267,78778,84312,
2024/05/10,20738.00,20828.00,20616.00,20809.00,197.00,0.9558,20715.333,20679.600,20521.400,19853.650,18678.100,92493,82656,
2024/05/13,20942.00,20965.00,20833.00,20883.00,74.00,0.3556,20768.000,20735.800,20591.900,19900.300,18712.433,78422,81609,
2024/05/14,20892.00,21015.00,20868.00,21013.00,130.00,0.6225,20901.667,20808.400,20638.000,19949.083,18748.075,67846,78093,
2024/05/15,21184.00,21361.00,21116.00,21143.00,130.00,0.6187,21013.000,20892.000,20711.000,19990.350,18783.633,61866,75881,
2024/05/16,21465.00,21556.00,21326.00,21370.00,227.00,1.0736,21175.333,21043.600,20818.900,20035.950,18820.475,104683,81062,
2024/05/17,21303.00,21407.00,21288.00,21336.00,-34.00,-0.1591,21283.000,21149.000,20914.300,20080.367,18855.583,71825,76928,
2024/05/20,21435.00,21485.00,21153.00,21302.00,-34.00,-0.1594,21336.000,21232.800,20984.300,20122.850,18889.883,109349,83113,
2024/05/21,21324.00,21350.00,21165.00,21277.00,-25.00,-0.1174,21305.000,21285.600,21047.000,20166.300,18923.675,74923,84529,
2024/05/22,21293.00,21613.00,21283.00,21583.00,306.00,1.4382,21387.333,21373.600,21132.800,20211.200,18960.200,94735,91103,
2024/05/23,21630.00,21661.00,21492.00,21604.00,21.00,0.0973,21488.000,21420.400,21232.000,20256.050,18995.108,85448,87256,
2024/05/24,21448.00,21617.00,21414.00,21565.00,-39.00,-0.1805,21584.000,21466.200,21307.600,20299.417,19030.783,74295,87750,
2024/05/27,21670.00,21917.00,21655.00,21875.00,310.00,1.4375,21681.333,21580.800,21406.800,20349.550,19068.850,88047,83489,
2024/05/28,21892.00,21994.00,21845.00,21954.00,79.00,0.3611,21798.000,21716.200,21500.900,20399.350,19107.692,71852,82875,
2024/05/29,21865.00,21907.00,21720.00,21722.00,-232.00,-1.0568,21850.333,21744.000,21558.800,20445.367,19145.600,85830,81094,
2024/05/30,21512.00,21553.00,21368.00,21391.00,-331.00,-1.5238,21689.000,21701.400,21560.900,20479.983,19179.158,99967,83998,
2024/05/31,21505.00,21583.00,21253.00,21285.00,-106.00,-0.4955,21466.000,21645.400,21555.800,20511.583,19212.083,130816,95302,
2024/06/03,21469.00,21698.00,21424.00,21654.00,369.00,1.7336,21443.333,21601.200,21591.000,20547.333,19247.592,116211,100935,
2024/06/04,21560.00,21574.00,21284.00,21320.00,-334.00,-1.5424,21419.667,21474.400,21595.300,20574.183,19280.083,111097,108784,
2024/06/05,21350.00,21493.00,21226.00,21463.00,143.00,0.6707,21479.000,21422.600,21583.300,20602.050,19313.783,108822,113382,
2024/06/06,21825.00,21962.00,21791.00,21875.00,412.00,1.9196,21552.667,21519.400,21610.400,20638.050,19351.833,109692,115327,
2024/06/07,21839.00,21908.00,21781.00,21897.00,22.00,0.1006,21745.000,21641.800,21643.600,20670.417,19389.467,69769,103118,
2024/06/11,21920.00,21970.00,21783.00,21798.00,-99.00,-0.4521,21856.667,21670.600,21635.900,20701.600,19427.200,94180,98712,
2024/06/12,21829.00,22063.00,21790.00,22046.00,248.00,1.1377,21913.667,21815.800,21645.100,20736.717,19466.108,95513,95595,
2024/06/13,22308.00,22473.00,22207.00,22323.00,277.00,1.2565,22055.667,21987.800,21705.200,20779.933,19506.983,112243,96279,
2024/06/14,22274.00,22514.00,22270.00,22511.00,188.00,0.8422,22293.333,22115.000,21817.200,20823.133,19549.042,79327,90206,
2024/06/17,22430.00,22554.00,22420.00,22477.00,-34.00,-0.151,22437.000,22231.000,21936.400,20866.633,19590.908,67509,89754,
2024/06/18,22726.00,22812.00,22666.00,22786.00,309.00,1.3747,22591.333,22428.600,22049.600,20917.283,19633.575,84360,87790,
2024/06/19,22956.00,23291.00,22940.00,23225.00,439.00,1.9266,22829.333,22664.400,22240.100,20966.633,19679.833,77078,84103,
2024/06/20,23153.00,23380.00,23106.00,23378.00,153.00,0.6588,23129.667,22875.400,22431.600,21018.900,19727.525,90042,79663,
2024/06/21,23034.00,23291.00,23025.00,23210.00,-168.00,-0.7186,23271.000,23015.200,22565.100,21068.550,19774.492,98184,83434,
2024/06/24,23050.00,23073.00,22708.00,22746.00,-464.00,-1.9991,23111.333,23069.000,22650.000,21111.200,19817.075,124957,94924,
2024/06/25,22608.00,22776.00,22410.00,22743.00,-3.00,-0.0132,22899.667,23060.400,22744.500,21152.567,19860.525,126026,103257,
2024/06/26,22806.00,23005.00,22744.00,22872.00,129.00,0.5672,22787.000,22989.800,22827.100,21197.050,19904.808,113118,110465,
2024/06/27,22614.00,22822.00,22555.00,22793.00,-79.00,-0.3454,22802.667,22872.800,22874.100,21238.933,19947.900,83719,109200,
2024/06/28,22908.00,23117.00,22793.00,22983.00,190.00,0.8336,22882.667,22827.400,22921.300,21283.850,19991.633,102781,110120,
2024/07/01,22960.00,23166.00,22938.00,22991.00,8.00,0.0348,22922.333,22876.400,22972.700,21324.983,20034.417,83566,101842,
2024/07/02,22838.00,22993.00,22717.00,22831.00,-160.00,-0.6959,22935.000,22894.000,22977.200,21366.350,20075.800,104948,97626,
2024/07/03,23073.00,23188.00,22981.00,23185.00,354.00,1.5505,23002.333,22956.600,22973.200,21411.933,20120.108,83939,91790,
2024/07/04,23487.00,23626.00,23461.00,23624.00,439.00,1.8935,23213.333,23122.800,22997.800,21457.767,20168.658,88054,92657,
2024/07/05,23659.00,23677.00,23526.00,23570.00,-54.00,-0.2286,23459.667,23240.200,23033.800,21503.083,20218.858,60498,84201,
2024/07/08,23545.00,23994.00,23512.00,23913.00,343.00,1.4552,23702.333,23424.600,23150.500,21555.750,20271.917,106919,88871,
2024/07/09,23945.00,24092.00,23624.00,23878.00,-35.00,-0.1464,23787.000,23634.000,23264.000,21607.800,20324.908,130567,93995,
2024/07/10,23759.00,24014.00,23702.00,24000.00,122.00,0.5109,23930.333,23797.000,23376.800,21666.000,20378.283,106251,98457,
2024/07/11,24251.00,24405.00,24160.00,24367.00,367.00,1.5292,24081.667,23945.600,23534.200,21739.567,20435.133,92984,99443,
2024/07/12,24038.00,24070.00,23784.00,23808.00,-559.00,-2.2941,24058.333,23993.200,23616.700,21799.067,20488.050,106514,108647,
2024/07/15,24091.00,24112.00,23756.00,23853.00,45.00,0.189,24009.333,23981.200,23702.900,21857.317,20540.367,108413,108945,
2024/07/16,23830.00,24182.00,23824.00,24002.00,149.00,0.6247,23887.667,24006.000,23820.000,21931.583,20594.642,115651,105962,
2024/07/17,23980.00,24000.00,23647.00,23679.00,-323.00,-1.3457,23844.667,23941.800,23869.400,22000.833,20645.642,80612,100834,
2024/07/18,23294.00,23444.00,23154.00,23383.00,-296.00,-1.2501,23688.000,23745.000,23845.300,22062.600,20696.058,126199,107477,
2024/07/19,23148.00,23185.00,22853.00,22909.00,-474.00,-2.0271,23323.667,23565.200,23779.200,22108.250,20743.908,126121,111399,
2024/07/22,22859.00,22906.00,22184.00,22379.00,-530.00,-2.3135,22890.333,23270.400,23625.800,22149.817,20786.400,177885,125293,
2024/07/23,22600.00,22871.00,22571.00,22830.00,451.00,2.0153,22706.000,23036.000,23521.000,22194.017,20829.333,95296,121222,
2024/07/26,22028.00,22156.00,21918.00,22095.00,-735.00,-3.2194,22434.667,22719.200,23330.500,22219.733,20864.983,120846,129269,
2024/07/29,22430.00,22519.00,22146.00,22261.00,166.00,0.7513,22395.333,22494.800,23119.900,22250.533,20901.575,99208,123871,
2024/07/30,21933.00,22299.00,21809.00,22246.00,-15.00,-0.0674,22200.667,22362.200,22963.700,22283.117,20937.767,125962,123839,
2024/07/31,22050.00,22348.00,22013.00,22290.00,44.00,0.1978,22265.667,22344.400,22807.400,22314.917,20973.558,109949,110252,
2024/08/01,22721.00,22728.00,22460.00,22653.00,363.00,1.6285,22396.333,22309.000,22672.500,22349.100,21012.342,102307,111654,
2024/08/02,22000.00,22099.00,21508.00,21533.00,-1120.00,-4.9442,22158.667,22196.600,22457.900,22363.817,21040.742,139461,115377,
2024/08/05,20712.00,20742.00,19374.00,19374.00,-2159.00,-10.0265,21186.667,21619.200,22057.000,22341.300,21051.517,207012,136938,
2024/08/06,20395.00,20790.00,19589.00,20420.00,1046.00,5.399,20442.333,21254.000,21808.100,22338.100,21072.350,189927,149731,
2024/08/07,20500.00,21335.00,20494.00,21131.00,711.00,3.4819,20308.333,21022.200,21683.300,22343.467,21098.558,154836,158708,
2024/08/08,20680.00,21082.00,20545.00,20696.00,-435.00,-2.0586,20749.000,20630.800,21469.900,22340.350,21120.325,120995,162446,
2024/08/09,21305.00,21593.00,21032.00,21481.00,785.00,3.793,21102.667,20620.400,21408.500,22348.150,21148.617,135524,161658,
2024/08/12,21650.00,21895.00,21600.00,21677.00,196.00,0.9124,21284.667,21081.000,21350.100,22357.050,21173.700,88798,138016,
2024/08/13,21848.00,21898.00,21662.00,21769.00,92.00,0.4244,21642.333,21350.800,21302.400,22363.700,21199.825,68222,113675,
2024/08/14,22104.00,22158.00,21908.00,21978.00,209.00,0.9601,21808.000,21520.200,21271.200,22374.400,21227.383,84000,99507,
2024/08/15,21993.00,22114.00,21836.00,21840.00,-138.00,-0.6279,21862.333,21749.000,21189.900,22383.367,21253.108,70265,89361,
2024/08/16,22324.00,22447.00,22277.00,22367.00,527.00,2.413,22061.667,21926.200,21273.300,22401.533,21283.917,74153,77087,
2024/08/19,22400.00,22521.00,22320.00,22361.00,-6.00,-0.0268,22189.333,22063.000,21572.000,22414.500,21312.850,77194,74766,
2024/08/20,22555.00,22574.00,22389.00,22436.00,75.00,0.3354,22388.000,22196.400,21773.600,22428.367,21342.208,67883,74699,
2024/08/21,22311.00,22344.00,22151.00,22200.00,-236.00,-1.0519,22332.333,22240.800,21880.500,22438.950,21369.183,44543,66807,
2024/08/22,22229.00,22277.00,22026.00,22100.00,-100.00,-0.4505,22245.333,22292.800,22020.900,22442.700,21396.125,72383,67231,
2024/08/23,21942.00,22170.00,21865.00,22129.00,29.00,0.1312,22143.000,22245.200,22085.700,22445.617,21422.483,67413,65883,
2024/08/26,22230.00,22450.00,22131.00,22206.00,77.00,0.348,22145.000,22214.200,22138.600,22453.683,21449.525,82494,66943,
2024/08/27,22112.00,22210.00,21998.00,22146.00,-60.00,-0.2702,22160.333,22156.200,22176.300,22466.267,21473.125,64030,66172,
2024/08/28,22181.00,22414.00,22048.00,22401.00,255.00,1.1514,22251.000,22196.400,22218.600,22484.867,21498.225,77023,72668,
2024/08/29,21938.00,22245.00,21900.00,22176.00,-225.00,-1.0044,22241.000,22211.600,22252.200,22493.567,21520.450,80329,74257,
2024/08/30,22320.00,22366.00,22213.00,22323.00,147.00,0.6629,22300.000,22250.400,22247.800,22510.283,21542.233,62733,73321,
2024/09/02,22318.00,22448.00,22172.00,22227.00,-96.00,-0.43,22242.000,22254.600,22234.400,22523.017,21562.533,72167,71256,
2024/09/03,22205.00,22314.00,22000.00,22070.00,-157.00,-0.7063,22206.667,22239.400,22197.800,22526.267,21582.158,72420,72934,
2024/09/04,21246.00,21347.00,20828.00,20947.00,-1123.00,-5.0884,21748.000,21948.600,22072.500,22510.433,21590.425,139603,85450,
2024/09/05,21310.00,21454.00,21056.00,21183.00,236.00,1.1267,21400.000,21750.000,21980.800,22500.183,21600.892,84736,86331,
2024/09/06,21211.00,21435.00,21013.00,21319.00,136.00,0.642,21149.667,21549.200,21899.800,22488.067,21612.392,91821,92149,
2024/09/09,20734.00,21125.00,20616.00,21073.00,-246.00,-1.1539,21191.667,21318.400,21786.500,22467.233,21623.583,95001,96716,
2024/09/10,21233.00,21281.00,20905.00,21000.00,-73.00,-0.3464,21130.667,21104.400,21671.900,22442.050,21632.592,95705,101373,
2024/09/11,21100.00,21130.00,20950.00,21005.00,5.00,0.0238,21026.000,21116.000,21532.300,22417.517,21642.075,73808,88214,
2024/09/12,21597.00,21780.00,21461.00,21711.00,706.00,3.3611,21238.667,21221.600,21485.800,22399.600,21658.442,85232,88313,
2024/09/13,21800.00,21833.00,21657.00,21820.00,109.00,0.502,21512.000,21321.800,21435.500,22376.183,21671.408,55081,80965,
2024/09/16,21807.00,21871.00,21735.00,21813.00,-7.00,-0.0321,21781.333,21469.800,21394.100,22350.100,21684.500,45427,71050,
2024/09/18,21730.00,21872.00,21560.00,21619.00,-194.00,-0.8894,21750.667,21593.600,21349.000,22323.583,21696.067,43001,60509,
2024/09/19,21763.00,22082.00,21661.00,22074.00,455.00,2.1046,21835.333,21807.400,21461.700,22312.383,21711.792,82797,62307,
2024/09/20,22345.00,22425.00,22186.00,22220.00,146.00,0.6614,21971.000,21909.200,21565.400,22303.667,21728.117,69553,59171,
2024/09/23,22291.00,22392.00,22258.00,22338.00,118.00,0.5311,22210.667,22012.800,21667.300,22294.767,21745.908,52662,58688,
2024/09/24,22298.00,22508.00,22152.00,22491.00,153.00,0.6849,22349.667,22148.400,21809.100,22289.733,21764.333,77049,65012,
2024/09/25,22835.00,22860.00,22739.00,22792.00,301.00,1.3383,22540.333,22383.000,21988.300,22286.550,21785.200,63600,69132,
2024/09/26,23034.00,23078.00,22892.00,22957.00,165.00,0.7239,22746.667,22559.600,22183.500,22285.983,21805.483,65853,65743,
2024/09/27,23190.00,23195.00,22878.00,22884.00,-73.00,-0.318,22877.667,22692.400,22300.800,22286.867,21826.608,75510,66934,
2024/09/30,22699.00,22755.00,22316.00,22326.00,-558.00,-2.4384,22722.333,22690.000,22351.400,22272.550,21842.242,86799,73762,
2024/10/01,22246.00,22463.00,22228.00,22391.00,65.00,0.2911,22533.667,22670.000,22409.200,22252.000,21854.883,57376,69827,
2024/10/04,22331.00,22507.00,22250.00,22284.00,-107.00,-0.4779,22333.667,22568.400,22475.700,22230.567,21866.825,82887,73685,
2024/10/07,22570.00,22808.00,22539.00,22779.00,495.00,2.2213,22484.667,22532.800,22546.200,22211.667,21883.708,76089,75732,
2024/10/08,22606.00,22634.00,22392.00,22575.00,-204.00,-0.8956,22546.000,22471.000,22581.700,22189.950,21898.875,73039,75238,
2024/10/09,22770.00,22888.00,22666.00,22702.00,127.00,0.5626,22685.333,22546.200,22618.100,22168.317,21917.158,66121,71102,
2024/10/11,22829.00,23047.00,22794.00,22912.00,210.00,0.925,22729.667,22650.400,22660.200,22144.067,21941.817,64543,72535,
2024/10/14,22987.00,23049.00,22818.00,23008.00,96.00,0.419,22874.000,22795.200,22681.800,22130.733,21964.900,58777,67713,
2024/10/15,23168.00,23386.00,23101.00,23225.00,217.00,0.9432,23048.333,22884.400,22708.600,22120.267,21988.792,61891,64874,
2024/10/16,22897.00,23203.00,22855.00,22986.00,-239.00,-1.0291,23073.000,22966.600,22718.800,22103.333,22017.458,45033,59273,
2024/10/17,23142.00,23277.00,23005.00,23256.00,270.00,1.1746,23155.667,23077.400,22811.800,22096.283,22048.558,75748,61198,
2024/10/18,23820.00,23840.00,23527.00,23657.00,401.00,1.7243,23299.667,23226.400,22938.400,22100.850,22081.725,90306,66351,
2024/10/21,23810.00,23836.00,23566.00,23567.00,-90.00,-0.3804,23493.333,23338.200,23066.700,22111.817,22110.033,53172,65230,
2024/10/22,23560.00,23637.00,23332.00,23633.00,66.00,0.2801,23619.000,23419.800,23152.100,22132.717,22141.267,70327,66917,
2024/10/23,23498.00,23511.00,23336.00,23406.00,-227.00,-0.9605,23535.333,23503.800,23235.200,22142.317,22168.167,65286,70967,
2024/10/24,23383.00,23449.00,23203.00,23304.00,-102.00,-0.4358,23447.667,23513.400,23295.400,22162.467,22191.100,72906,70399,
2024/10/25,23270.00,23487.00,23252.00,23481.00,177.00,0.7595,23397.000,23478.200,23352.300,22182.800,22216.667,57220,63782,
2024/10/28,23650.00,23657.00,23216.00,23326.00,-155.00,-0.6601,23370.333,23430.000,23384.100,22200.800,22241.958,84774,70102,
2024/10/29,23137.00,23148.00,22693.00,22976.00,-350.00,-1.5005,23261.000,23298.600,23359.200,22212.233,22263.575,106507,77338,
2024/10/30,23072.00,23145.00,22845.00,22904.00,-72.00,-0.3134,23068.667,23198.200,23351.000,22216.417,22282.758,62623,76806,
2024/11/01,22397.00,22822.00,22232.00,22753.00,-151.00,-0.6593,22877.667,23088.000,23300.700,22236.750,22300.283,87370,79698,
2024/11/04,22767.00,23046.00,22700.00,23041.00,288.00,1.2658,22899.333,23000.000,23239.100,22297.867,22319.583,65752,81405,
2024/11/05,22808.00,23239.00,22782.00,23135.00,94.00,0.408,22976.333,22961.800,23195.900,22343.117,22340.608,72931,79036,
2024/11/06,23250.00,23448.00,23051.00,23324.00,189.00,0.8169,23166.667,23031.400,23165.000,22379.667,22361.567,102629,78261,
2024/11/07,23183.00,23576.00,23085.00,23532.00,208.00,0.8918,23330.333,23157.000,23177.600,22426.933,22383.642,78456,81427,
2024/11/08,23772.00,23794.00,23528.00,23781.00,249.00,1.0581,23545.667,23362.600,23225.300,22465.267,22406.708,71133,78180,
2024/11/11,23555.00,23632.00,23309.00,23573.00,-208.00,-0.8746,23628.667,23469.000,23234.500,22496.867,22426.958,71515,79332,
2024/11/12,23013.00,23242.00,22863.00,22869.00,-704.00,-2.9865,23407.667,23415.800,23188.800,22515.200,22439.450,84286,81603,
2024/11/13,22755.00,23015.00,22730.00,22783.00,-86.00,-0.3761,23075.000,23307.600,23169.500,22528.617,22451.508,73128,75703,
2024/11/14,22786.00,22880.00,22576.00,22684.00,-99.00,-0.4345,22778.667,23138.000,23147.500,22542.683,22463.025,86740,77360,
2024/11/15,22710.00,22930.00,22684.00,22759.00,75.00,0.3306,22742.000,22933.600,23148.100,22549.217,22475.375,68515,76836,
2024/11/18,22654.00,22789.00,22544.00,22574.00,-185.00,-0.8129,22672.333,22733.800,23101.400,22552.767,22483.633,70688,76671,
2024/11/19,22641.00,22995.00,22592.00,22850.00,276.00,1.2226,22727.667,22730.000,23072.900,22559.667,22494.017,75498,74913,
2024/11/20,22906.00,22956.00,22668.00,22686.00,-164.00,-0.7177,22703.333,22710.600,23009.100,22567.767,22503.358,38032,67894,
2024/11/21,22647.00,22733.00,22514.00,22573.00,-113.00,-0.4981,22703.000,22688.400,22913.200,22575.650,22509.175,73994,65345,
2024/11/22,22811.00,23066.00,22780.00,23038.00,465.00,2.06,22765.667,22744.200,22838.900,22590.800,22518.208,71342,65910,
2024/11/25,23254.00,23287.00,23014.00,23066.00,28.00,0.1215,22892.333,22842.600,22788.200,22605.133,22529.408,61674,64108,
2024/11/26,22710.00,22845.00,22615.00,22636.00,-430.00,-1.8642,22913.333,22799.800,22764.900,22613.300,22539.783,68140,62636,
2024/11/27,22600.00,22690.00,22341.00,22347.00,-289.00,-1.2767,22683.000,22732.000,22721.300,22612.400,22548.633,67298,68489,
2024/11/28,22302.00,22385.00,22117.00,22337.00,-10.00,-0.0447,22440.000,22684.800,22686.600,22615.083,22554.325,75078,68706,
2024/11/29,22210.00,22438.00,22004.00,22313.00,-24.00,-0.1074,22332.333,22539.800,22642.000,22614.917,22562.600,84544,71346,
2024/12/02,22530.00,22828.00,22498.00,22827.00,514.00,2.3036,22492.333,22492.000,22667.300,22624.917,22573.967,61886,71389,
2024/12/03,23152.00,23191.00,22999.00,23112.00,285.00,1.2485,22750.667,22587.200,22693.500,22642.283,22584.275,64275,70616,
2024/12/04,23200.00,23296.00,23071.00,23294.00,182.00,0.7875,23077.667,22776.600,22754.300,22681.400,22595.917,52015,67559,
2024/12/05,23260.00,23328.00,23211.00,23251.00,-43.00,-0.1846,23219.000,22959.400,22822.100,22715.867,22608.025,45181,61580,
2024/12/06,23321.00,23360.00,23134.00,23179.00,-72.00,-0.3097,23241.333,23132.600,22836.200,22746.867,22617.467,60635,56798,
2024/12/09,23193.00,23287.00,23170.00,23249.00,70.00,0.302,23226.333,23217.000,22854.500,22783.133,22625.183,46759,53773,
2024/12/10,23228.00,23337.00,23026.00,23090.00,-159.00,-0.6839,23172.667,23212.600,22899.900,22817.967,22630.008,70110,54940,
2024/12/11,22887.00,23055.00,22824.00,22848.00,-242.00,-1.0481,23062.333,23123.400,22950.000,22848.683,22633.100,60097,56556,
2024/12/12,23004.00,23211.00,23003.00,23107.00,259.00,1.1336,23015.000,23094.600,23027.000,22871.950,22635.775,59039,59328,
2024/12/13,22996.00,23092.00,22888.00,22986.00,-121.00,-0.5237,22980.333,23056.000,23094.300,22891.383,22633.783,59494,59099,
2024/12/16,23220.00,23270.00,22946.00,22961.00,-25.00,-0.1088,23018.000,22998.400,23107.700,22910.517,22630.308,68813,63510,
2024/12/17,23105.00,23215.00,23024.00,23031.00,70.00,0.3049,22992.667,22986.600,23099.600,22934.050,22628.817,57727,61034,
2024/12/18,22937.00,23200.00,22902.00,23105.00,74.00,0.3213,23032.333,23038.000,23080.700,22951.233,22631.808,41506,57315,
2024/12/19,22747.00,22906.00,22718.00,22849.00,-256.00,-1.108,22995.000,22986.400,23040.500,22961.717,22632.692,72447,59997,
2024/12/20,22767.00,22793.00,22590.00,22635.00,-214.00,-0.9366,22863.000,22916.200,22986.100,22966.667,22630.717,75503,63199,
2024/12/23,22904.00,23245.00,22899.00,23242.00,607.00,2.6817,22908.667,22972.400,22985.400,22979.183,22634.458,67527,62942,
2024/12/24,23430.00,23459.00,23187.00,23216.00,-26.00,-0.1119,23031.000,23009.400,22998.000,22986.250,22636.400,47573,60911,
2024/12/25,23340.00,23349.00,23240.00,23329.00,113.00,0.4867,23262.333,23054.200,23046.100,22992.450,22639.217,32832,59176,
2024/12/26,23358.00,23380.00,23285.00,23326.00,-3.00,-0.0129,23290.333,23149.600,23068.000,22999.817,22643.342,27217,50130,
2024/12/27,23194.00,23378.00,23148.00,23372.00,46.00,0.1972,23342.333,23297.000,23106.600,23017.250,22644.900,42961,43622,
2024/12/30,23202.00,23324.00,23154.00,23177.00,-195.00,-0.8343,23291.667,23284.000,23128.200,23030.350,22641.175,37014,37519,
2024/12/31,22998.00,23110.00,22955.00,23041.00,-136.00,-0.5868,23196.667,23249.000,23129.200,23042.967,22636.767,48355,37675,
2025/01/02,22935.00,22995.00,22689.00,22842.00,-199.00,-0.8637,23020.000,23151.600,23102.900,23044.017,22627.842,78490,46807,
2025/01/03,22935.00,23108.00,22905.00,22977.00,135.00,0.591,22953.333,23081.800,23115.700,23050.717,22620.333,62266,53817,
2025/01/06,23222.00,23620.00,23218.00,23609.00,632.00,2.7506,23142.667,23129.200,23213.100,23065.833,22617.075,71343,59493,
2025/01/07,23965.00,23990.00,23723.00,23752.00,143.00,0.6057,23446.000,23244.200,23264.100,23079.833,22611.950,60164,64123,
2025/01/08,23549.00,23649.00,23439.00,23450.00,-302.00,-1.2715,23603.667,23326.000,23287.500,23087.200,22608.967,57339,65920,
2025/01/09,23258.00,23410.00,23083.00,23105.00,-345.00,-1.4712,23435.667,23378.600,23265.100,23085.200,22602.733,60029,62228,
2025/01/10,23083.00,23141.00,22955.00,23049.00,-56.00,-0.2424,23201.333,23393.000,23237.400,23086.250,22594.792,62616,62298,
2025/01/13,22960.00,23008.00,22431.00,22535.00,-514.00,-2.23,22896.333,23178.200,23153.700,23074.233,22585.258,104921,69013,
2025/01/14,22594.00,22767.00,22530.00,22750.00,215.00,0.9541,22778.000,22977.800,23111.000,23059.117,22579.983,58437,68668,
2025/01/15,22728.00,22749.00,22493.00,22519.00,-231.00,-1.0154,22601.333,22791.600,23058.800,23041.650,22576.733,31543,63509,
2025/01/16,23080.00,23217.00,22990.00,23031.00,512.00,2.2736,22766.667,22776.800,23077.700,23031.617,22582.167,72437,65990,
2025/01/17,23277.00,23318.00,22956.00,23190.00,159.00,0.6904,22913.333,22805.000,23099.000,23028.017,22585.167,65201,66507,
2025/01/20,23249.00,23417.00,23222.00,23346.00,156.00,0.6727,23189.000,22967.200,23072.700,23028.717,22595.592,44820,54487,
2025/01/21,23426.00,23432.00,23203.00,23365.00,19.00,0.0814,23300.333,23090.200,23034.000,23026.783,22604.792,54329,53666,
2025/01/22,23600.00,23719.00,23573.00,23698.00,333.00,1.4252,23469.667,23326.000,23058.800,23032.983,22616.892,53225,58002,
2025/02/03,22680.00,22817.00,22539.00,22598.00,-1100.00,-4.6417,23220.333,23239.400,23008.100,23026.683,22619.458,84164,60347,
2025/02/04,22919.00,22945.00,22708.00,22822.00,224.00,0.9912,23039.333,23165.800,22985.400,23025.317,22620.867,58233,58954,
2025/02/05,23077.00,23284.00,23063.00,23133.00,311.00,1.3627,22851.000,23123.200,23045.200,23031.650,22634.200,58460,61682,
2025/02/06,23355.00,23379.00,23234.00,23290.00,157.00,0.6787,23081.667,23108.200,23099.200,23035.800,22666.833,39260,58668,
2025/02/07,23285.00,23465.00,23278.00,23431.00,141.00,0.6054,23284.667,23054.800,23190.400,23040.733,22691.925,37904,55604,
2025/02/10,23324.00,23366.00,23167.00,23246.00,-185.00,-0.7896,23322.333,23184.400,23211.900,23039.433,22709.550,53019,49375,
2025/02/11,23391.00,23503.00,23302.00,23335.00,89.00,0.3829,23337.333,23287.000,23226.400,23036.150,22731.542,48096,47347,
2025/02/12,23429.00,23536.00,23292.00,23315.00,-20.00,-0.0857,23298.667,23323.400,23223.300,23028.383,22746.825,49663,45588,
2025/02/13,23435.00,23460.00,23250.00,23399.00,84.00,0.3603,23349.667,23345.200,23226.700,23025.483,22761.175,46105,46957,
2025/02/14,23338.00,23349.00,23116.00,23179.00,-220.00,-0.9402,23297.667,23294.800,23174.800,23030.650,22772.925,58162,51009,
2025/02/17,23286.00,23540.00,23283.00,23504.00,325.00,1.4021,23360.667,23346.400,23265.400,23042.667,22785.642,52922,50989,
2025/02/18,23570.00,23663.00,23466.00,23649.00,145.00,0.6169,23444.000,23409.200,23348.100,23058.750,22800.717,41004,49571,
2025/02/19,23568.00,23697.00,23560.00,23608.00,-41.00,-0.1734,23587.000,23467.800,23395.600,23072.900,22811.058,26807,45000,
2025/02/20,23505.00,23564.00,23371.00,23538.00,-70.00,-0.2965,23598.333,23495.600,23420.400,23088.967,22820.867,58292,47437,
2025/02/21,23533.00,23761.00,23474.00,23745.00,207.00,0.8794,23630.333,23608.800,23451.800,23103.883,22831.775,54386,46682,
2025/02/24,23549.00,23564.00,23444.00,23558.00,-187.00,-0.7875,23613.667,23619.600,23483.000,23118.417,22843.092,48843,45866,
2025/02/25,23231.00,23345.00,23138.00,23299.00,-259.00,-1.0994,23534.000,23549.600,23479.400,23130.517,22853.083,59977,49661,
2025/02/26,23150.00,23421.00,23104.00,23421.00,122.00,0.5236,23426.000,23512.200,23490.000,23136.900,22863.850,58579,56015,
2025/02/27,23374.00,23434.00,23127.00,23196.00,-225.00,-0.9607,23305.333,23443.800,23469.700,23139.067,22872.100,68816,58120,
2025/03/03,22650.00,22797.00,22611.00,22718.00,-478.00,-2.0607,23111.667,23238.400,23423.600,23140.433,22876.867,78176,62878,
2025/03/04,22242.00,22668.00,22194.00,22588.00,-130.00,-0.5722,22834.000,23044.400,23332.000,23144.450,22878.425,83327,69775,
2025/03/05,22659.00,22927.00,22637.00,22888.00,300.00,1.3281,22731.333,22962.200,23255.900,23153.633,22884.358,67962,71372,
2025/03/06,22991.00,23017.00,22704.00,22763.00,-125.00,-0.5461,22746.333,22830.600,23171.400,23161.133,22888.025,55938,70843,
2025/03/07,22499.00,22685.00,22480.00,22520.00,-243.00,-1.0675,22723.667,22695.400,23069.600,23156.017,22890.467,54095,67899,
2025/03/10,22456.00,22547.00,22315.00,22446.00,-74.00,-0.3286,22576.333,22641.000,22939.700,23144.917,22893.600,64842,65232,
2025/03/11,21868.00,22085.00,21661.00,22031.00,-415.00,-1.8489,22332.333,22529.600,22787.000,23123.867,22902.633,87274,66022,
2025/03/12,22101.00,22345.00,22044.00,22232.00,201.00,0.9124,22236.333,22398.400,22680.300,23106.883,22911.375,67158,65861,
2025/03/13,22445.00,22475.00,21917.00,21920.00,-312.00,-1.4034,22061.000,22229.800,22530.200,23085.900,22916.383,75514,69776,
2025/03/14,22120.00,22131.00,21874.00,21961.00,41.00,0.187,22037.667,22118.000,22406.700,23064.433,22923.783,70139,72985,
2025/03/17,22161.00,22312.00,22111.00,22158.00,197.00,0.897,22013.000,22060.400,22350.700,23048.900,22933.433,65709,73158,
2025/03/18,22373.00,22385.00,22191.00,22230.00,72.00,0.3249,22116.333,22100.200,22314.900,23038.600,22943.642,54376,66579,
2025/03/19,22238.00,22247.00,21935.00,21964.00,-266.00,-1.1966,22117.333,22046.600,22222.500,23019.550,22945.750,32208,59589,
2025/03/20,22236.00,22417.00,22202.00,22365.00,401.00,1.8257,22186.333,22135.600,22182.700,23009.200,22950.292,61956,56877,
2025/03/21,22323.00,22377.00,22173.00,22177.00,-188.00,-0.8406,22168.667,22178.800,22148.400,22996.133,22953.325,59571,54764,
2025/03/24,22302.00,22399.00,22124.00,22160.00,-17.00,-0.0767,22234.000,22179.200,22119.800,22981.617,22957.833,53646,52351,
2025/03/25,22330.00,22443.00,22202.00,22298.00,138.00,0.6227,22211.667,22192.800,22146.500,22968.167,22959.700,64028,54281,
2025/03/26,22409.00,22429.00,22250.00,22305.00,7.00,0.0314,22254.333,22261.000,22153.800,22959.100,22960.408,53984,58637,
2025/03/27,22031.00,22052.00,21891.00,21968.00,-337.00,-1.5109,22190.333,22181.600,22158.600,22947.983,22957.325,60571,58360,
2025/03/28,21750.00,21795.00,21485.00,21603.00,-365.00,-1.6615,21958.667,22066.800,22122.800,22920.667,22949.925,79328,62311,
2025/03/31,20856.00,21065.00,20724.00,20769.00,-834.00,-3.8606,21446.667,21788.600,21983.900,22879.883,22933.067,102960,72174,
2025/04/01,21000.00,21271.00,20888.00,21181.00,412.00,1.9837,21184.333,21565.200,21879.000,22844.083,22918.267,81204,75609,
2025/04/02,21273.00,21360.00,21188.00,21304.00,123.00,0.5807,21084.667,21365.000,21813.000,22810.383,22905.100,65997,78012,
2025/04/07,19167.00,19167.00,19167.00,19167.00,-2137.00,-10.031,20550.667,20804.800,21493.200,22740.300,22878.775,2154,66328,
2025/04/08,18596.00,18754.00,18004.00,18190.00,-977.00,-5.0973,19553.667,20122.200,21094.500,22657.183,22843.767,152047,80872,
2025/04/09,17846.00,18286.00,17139.00,17204.00,-986.00,-5.4206,18187.000,19409.200,20598.900,22559.900,22801.433,176067,95493,
2025/04/10,18902.00,18902.00,18902.00,18902.00,1698.00,9.8698,18098.667,18953.400,20259.300,22494.233,22769.125,749,79402,
2025/04/11,18560.00,19566.00,18441.00,19524.00,622.00,3.2907,18543.333,18597.400,19981.200,22436.683,22743.700,129743,92152,
2025/04/14,19800.00,19982.00,19450.00,19491.00,-33.00,-0.169,19305.667,18662.200,19733.500,22368.050,22716.942,102928,112306,
2025/04/15,19585.00,19833.00,19517.00,19798.00,307.00,1.5751,19604.333,18983.800,19553.000,22302.150,22690.992,60425,93982,
2025/04/16,19601.00,19672.00,19426.00,19548.00,-250.00,-1.2628,19612.333,19452.600,19430.900,22237.117,22662.158,36545,66078,
2025/04/17,19243.00,19406.00,19112.00,19369.00,-179.00,-0.9157,19571.667,19546.000,19249.700,22174.850,22630.025,78994,81727,
2025/04/18,19380.00,19432.00,19288.00,19330.00,-39.00,-0.2014,19415.667,19507.200,19052.300,22112.867,22599.558,43033,64385,
2025/04/21,19347.00,19368.00,19027.00,19099.00,-231.00,-1.195,19266.000,19428.800,19045.500,22055.600,22564.917,60121,55823,
2025/04/22,18945.00,19035.00,18773.00,18797.00,-302.00,-1.5812,19075.333,19228.600,19106.200,21989.717,22524.417,69869,57712,
2025/04/23,19250.00,19596.00,19171.00,19554.00,757.00,4.0272,19150.000,19229.800,19341.200,21940.300,22490.975,76887,65780,
2025/04/24,19636.00,19682.00,19413.00,19466.00,-88.00,-0.45,19272.333,19249.200,19397.600,21880.883,22456.250,58182,61618,
2025/04/25,19980.00,20008.00,19848.00,19873.00,407.00,2.0908,19631.000,19357.800,19432.500,21825.600,22426.808,66655,66342,
2025/04/28,19965.00,20053.00,19933.00,19965.00,92.00,0.4629,19768.000,19531.000,19479.900,21769.250,22398.983,44352,63189,
2025/04/29,19980.00,20207.00,19963.00,20154.00,189.00,0.9467,19997.333,19802.400,19515.500,21715.733,22371.258,57775,60770,
2025/04/30,20091.00,20268.00,20065.00,20149.00,-5.00,-0.0248,20089.333,19921.400,19575.600,21656.583,22344.783,58109,57014,
2025/05/02,20488.00,20710.00,20469.00,20677.00,528.00,2.6205,20326.667,20163.600,19706.400,21624.567,22325.625,61735,57725,
2025/05/05,20757.00,20796.00,20206.00,20404.00,-273.00,-1.3203,20410.000,20269.800,19813.800,21584.267,22304.792,96409,63676,
2025/05/06,20150.00,20483.00,20150.00,20337.00,-67.00,-0.3284,20472.667,20344.200,19937.600,21537.667,22284.658,69347,68675,
2025/05/07,20440.00,20560.00,20265.00,20381.00,44.00,0.2164,20374.000,20389.600,20096.000,21489.183,22262.492,73443,71808,
2025/05/08,20475.00,20695.00,20452.00,20575.00,194.00,0.9519,20431.000,20474.800,20198.100,21441.583,22241.158,63067,72800,
2025/05/09,20649.00,20872.00,20596.00,20848.00,273.00,1.3269,20601.333,20509.000,20336.300,21401.617,22220.525,67366,73926,
2025/05/12,21015.00,21134.00,20978.00,21066.00,218.00,1.0457,20829.667,20641.400,20455.600,21363.800,22199.975,57892,66223,
2025/05/13,21421.00,21520.00,21288.00,21360.00,294.00,1.3956,21091.333,20846.000,20595.100,21331.217,22179.800,60404,64434,
2025/05/14,21677.00,21787.00,21579.00,21768.00,408.00,1.9101,21398.000,21123.400,20756.500,21304.033,22164.758,57430,61231,
2025/05/15,21776.00,21810.00,21676.00,21694.00,-74.00,-0.3399,21607.333,21347.200,20911.000,21279.283,22154.967,43897,57397,
2025/05/16,21775.00,21878.00,21679.00,21821.00,127.00,0.5854,21761.000,21541.800,21025.400,21251.233,22146.950,48080,53540,
2025/05/19,21682.00,21748.00,21499.00,21538.00,-283.00,-1.2969,21684.333,21636.200,21138.800,21216.050,22137.400,62525,54467,
2025/05/20,21753.00,21772.00,21505.00,21539.00,1.00,0.0046,21632.667,21672.000,21259.000,21181.567,22127.233,53141,53014,
2025/05/21,21564.00,21852.00,21549.00,21849.00,310.00,1.4392,21642.000,21688.200,21405.800,21153.417,22121.192,32896,48107,
2025/05/22,21465.00,21550.00,21396.00,21503.00,-346.00,-1.5836,21630.333,21650.000,21498.600,21116.050,22109.967,48005,48929,
2025/05/23,21558.00,21640.00,21372.00,21470.00,-33.00,-0.1535,21607.333,21579.800,21560.800,21081.250,22099.833,51649,49643,
2025/05/26,21450.00,21569.00,21357.00,21385.00,-85.00,-0.3959,21452.667,21549.200,21592.700,21049.350,22089.933,56552,48448,
2025/05/27,21403.00,21438.00,21133.00,21233.00,-152.00,-0.7108,21362.667,21488.000,21580.000,21012.883,22074.892,60259,49872,
2025/05/28,21420.00,21512.00,21150.00,21252.00,19.00,0.0895,21290.000,21368.600,21528.400,20980.483,22059.775,69067,57106,
2025/05/29,21513.00,21616.00,21275.00,21320.00,68.00,0.32,21268.333,21332.000,21491.000,20957.183,22048.808,76330,62771,
2025/06/02,20976.00,21049.00,20790.00,20866.00,-454.00,-2.1295,21146.000,21211.200,21395.500,20928.483,22036.467,65868,65615,
2025/06/03,21034.00,21221.00,20955.00,20971.00,105.00,0.5032,21052.333,21128.400,21338.800,20896.533,22025.083,64858,67276,
2025/06/04,21280.00,21533.00,21261.00,21482.00,511.00,2.4367,21106.333,21178.200,21333.100,20875.183,22018.158,61388,67502,
2025/06/05,21589.00,21677.00,21512.00,21553.00,71.00,0.3305,21335.333,21238.400,21303.500,20859.067,22007.542,46183,62925,
2025/06/06,21599.00,21630.00,21513.00,21578.00,25.00,0.116,21537.667,21290.000,21311.000,20844.600,21994.758,37481,55155,
2025/06/09,21663.00,21788.00,21626.00,21727.00,149.00,0.6905,21619.333,21462.200,21336.700,20839.533,21981.700,43012,50584,
2025/06/10,21879.00,22236.00,21850.00,22113.00,386.00,1.7766,21806.000,21690.600,21409.500,20837.550,21972.217,69709,51554,
2025/06/11,22296.00,22355.00,22190.00,22351.00,238.00,1.0763,22063.667,21864.400,21521.300,20844.733,21965.317,52171,49711,
2025/06/12,22315.00,22329.00,22214.00,22252.00,-99.00,-0.4429,22238.667,22004.200,21621.300,20849.583,21957.008,42000,48874,
2025/06/13,21954.00,22139.00,21893.00,21940.00,-312.00,-1.4021,22181.000,22076.600,21683.300,20845.950,21947.425,79721,57322,
2025/06/16,22030.00,22061.00,21868.00,22032.00,92.00,0.4193,22074.667,22137.600,21799.900,20842.650,21940.625,54779,59676,
2025/06/17,22150.00,22260.00,22061.00,22159.00,127.00,0.5764,22043.667,22146.800,21918.700,20845.900,21932.725,59988,57731,
2025/06/18,22109.00,22384.00,22080.00,22308.00,149.00,0.6724,22166.333,22138.200,22001.300,20844.950,21927.075,36990,54695,
2025/06/19,21820.00,21857.00,21675.00,21704.00,-604.00,-2.7075,22057.000,22028.600,22016.400,20837.067,21916.600,52840,56863,
2025/06/20,21635.00,21743.00,21470.00,21653.00,-51.00,-0.235,21888.333,21971.200,22023.900,20828.617,21905.117,67946,54508,
2025/06/23,21350.00,21484.00,21205.00,21473.00,-180.00,-0.8313,21610.000,21859.400,21998.500,20814.867,21891.517,66923,56937,
2025/06/24,21770.00,21966.00,21764.00,21959.00,486.00,2.2633,21695.000,21819.400,21983.100,20809.100,21884.100,69595,58858,
2025/06/25,22138.00,22168.00,22017.00,22159.00,200.00,0.9108,21863.667,21789.600,21963.900,20812.283,21880.133,49626,61386,
2025/06/26,22161.00,22263.00,22078.00,22117.00,-42.00,-0.1895,22078.333,21872.200,21950.400,20820.850,21870.758,58998,62617,
2025/06/27,22197.00,22221.00,21989.00,22121.00,4.00,0.0181,22132.333,21965.800,21968.500,20843.383,21861.633,59487,60925,
2025/06/30,22239.00,22254.00,22083.00,22145.00,24.00,0.1085,22127.667,22100.200,21979.800,20859.450,21851.767,50591,57659,
2025/07/01,22197.00,22593.00,22191.00,22353.00,208.00,0.9393,22206.333,22179.000,21999.200,20876.933,21843.658,85619,60864,
2025/07/02,22298.00,22401.00,22208.00,22396.00,43.00,0.1924,22298.000,22226.400,22008.000,20930.750,21835.525,47440,60427,
2025/07/03,22568.00,22716.00,22547.00,22675.00,279.00,1.2458,22474.667,22338.000,22105.100,21005.500,21831.342,53757,59378,
2025/07/04,22739.00,22762.00,22431.00,22435.00,-240.00,-1.0584,22502.000,22400.800,22183.300,21092.683,21826.292,56237,58728,
2025/07/07,22349.00,22506.00,22244.00,22336.00,-99.00,-0.4413,22482.000,22439.000,22269.600,21149.917,21822.075,60780,60766,
2025/07/08,22353.00,22397.00,22141.00,22251.00,-85.00,-0.3806,22340.667,22418.600,22298.800,21195.367,21816.025,63055,56253,
2025/07/09,22250.00,22473.00,22146.00,22434.00,183.00,0.8224,22340.333,22426.200,22326.300,21244.417,21806.233,57515,58268,
2025/07/10,22470.00,22647.00,22410.00,22611.00,177.00,0.789,22432.000,22413.400,22375.700,21291.300,21796.725,57026,58922,
2025/07/11,22519.00,22774.00,22488.00,22764.00,153.00,0.6767,22603.000,22479.200,22440.000,21344.900,21791.008,56001,58875,
2025/07/14,22670.00,22695.00,22520.00,22551.00,-213.00,-0.9357,22642.000,22522.200,22480.600,21397.933,21786.392,50183,56756,
2025/07/15,22529.00,22882.00,22512.00,22810.00,259.00,1.1485,22708.333,22634.000,22526.300,21455.933,21784.400,67882,57721,
2025/07/16,22849.00,23116.00,22845.00,23047.00,237.00,1.039,22802.667,22756.600,22591.400,21521.733,21788.667,34467,53111,
2025/07/17,22958.00,23150.00,22866.00,23148.00,101.00,0.4382,23001.667,22864.000,22638.700,21594.250,21791.983,60103,53727,
2025/07/18,23350.00,23399.00,23230.00,23262.00,114.00,0.4925,23152.333,22963.600,22721.400,21656.050,21798.175,51138,52754,
2025/07/21,23234.00,23301.00,23172.00,23228.00,-34.00,-0.1462,23212.667,23099.000,22810.600,21718.750,21799.817,40794,50876,
2025/07/22,23241.00,23406.00,22977.00,22990.00,-238.00,-1.0246,23160.000,23135.000,22884.500,21770.700,21798.150,77010,52702,
2025/07/23,23006.00,23258.00,23000.00,23186.00,196.00,0.8525,23134.667,23162.800,22959.700,21824.383,21796.817,63235,58456,
2025/07/24,23400.00,23408.00,23229.00,23310.00,124.00,0.5348,23162.000,23195.200,23029.600,21876.983,21796.358,46100,55655,
2025/07/25,23264.00,23328.00,23207.00,23238.00,-72.00,-0.3089,23244.667,23190.400,23077.000,21928.467,21792.525,43033,54034,
2025/07/28,23368.00,23483.00,23265.00,23392.00,154.00,0.6627,23313.333,23223.200,23161.100,21973.717,21799.142,55066,56888,
2025/07/29,23326.00,23359.00,23027.00,23163.00,-229.00,-0.979,23264.333,23257.800,23196.400,22019.700,21801.983,73046,56096,
2025/07/30,23213.00,23421.00,23198.00,23361.00,198.00,0.8548,23305.333,23292.800,23227.800,22070.100,21803.883,72029,57854,
2025/07/31,23497.00,23621.00,23355.00,23589.00,228.00,0.976,23371.000,23348.600,23271.900,22123.567,21806.375,66335,61901,
2025/08/01,23064.00,23442.00,23048.00,23344.00,-245.00,-1.0386,23431.333,23369.800,23280.100,22169.717,21805.650,69549,67205,
2025/08/04,23108.00,23300.00,23032.00,23260.00,-84.00,-0.3598,23397.667,23343.400,23283.300,22209.917,21805.767,54905,67172,
2025/08/05,23446.00,23584.00,23421.00,23575.00,315.00,1.3543,23393.000,23425.800,23341.800,22251.733,21807.767,52232,63010,
2025/08/06,23423.00,23483.00,23381.00,23425.00,-150.00,-0.6363,23420.000,23438.600,23365.700,22286.150,21808.683,45124,57629,
2025/08/07,23660.00,24054.00,23653.00,23997.00,572.00,2.4418,23665.667,23520.200,23434.400,22323.300,21813.667,70669,58495,
2025/08/08,24091.00,24095.00,23947.00,23949.00,-48.00,-0.20,23790.333,23641.200,23505.500,22360.883,21820.083,41970,52980,
2025/08/11,23973.00,24223.00,23833.00,24162.00,213.00,0.8894,24036.000,23821.600,23582.500,22399.900,21825.567,61803,54359,
2025/08/12,24155.00,24241.00,24088.00,24135.00,-27.00,-0.1117,24082.000,23933.600,23679.700,22443.183,21829.617,52437,54400,
2025/08/13,24298.00,24412.00,24154.00,24347.00,212.00,0.8784,24214.667,24118.000,23778.300,22489.983,21835.775,70856,59547,
2025/08/14,24337.00,24362.00,24207.00,24250.00,-97.00,-0.3984,24244.000,24168.600,23844.400,22530.000,21841.708,45425,54498,
2025/08/15,24282.00,24385.00,24188.00,24312.00,62.00,0.2557,24303.000,24241.200,23941.200,22576.817,21846.433,55525,57209,
2025/08/18,24199.00,24462.00,24176.00,24426.00,114.00,0.4689,24329.333,24294.000,24057.800,22626.083,21853.667,54970,55842,
2025/08/19,24380.00,24447.00,24313.00,24342.00,-84.00,-0.3439,24360.000,24335.400,24134.500,22675.367,21862.358,47521,54859,
2025/08/20,24156.00,24201.00,23631.00,23637.00,-705.00,-2.8962,24135.000,24193.400,24155.700,22715.433,21864.158,47291,50146,
2025/08/21,23729.00,23943.00,23691.00,23852.00,215.00,0.9096,23943.667,24113.800,24141.200,22758.767,21869.625,62734,53608,
2025/08/22,23877.00,23982.00,23732.00,23750.00,-102.00,-0.4276,23746.333,24001.400,24121.300,22799.267,21878.225,56001,53703,
2025/08/25,24120.00,24314.00,24070.00,24251.00,501.00,2.1095,23951.000,23966.400,24130.200,22855.683,21892.083,63086,55326,
2025/08/26,24143.00,24281.00,24090.00,24253.00,2.00,0.0082,24084.667,23948.600,24142.000,22910.383,21903.458,53796,56581,
2025/08/27,24350.00,24496.00,24331.00,24463.00,210.00,0.8659,24322.333,24113.800,24153.600,22960.067,21917.625,51141,57351,
2025/08/28,24358.00,24420.00,24203.00,24228.00,-235.00,-0.9606,24314.667,24189.000,24151.400,23004.650,21931.858,62161,57237,
2025/08/29,24401.00,24453.00,24246.00,24267.00,39.00,0.161,24319.333,24292.400,24146.900,23049.467,21947.033,56547,57346,
2025/09/01,24120.00,24245.00,23847.00,24008.00,-259.00,-1.0673,24167.667,24243.800,24105.100,23087.483,21963.508,82161,61161,
2025/09/02,24083.00,24249.00,23879.00,23965.00,-43.00,-0.1791,24080.000,24186.200,24067.400,23118.350,21977.950,78945,66191,
2025/09/03,23966.00,24083.00,23888.00,23997.00,32.00,0.1335,23990.000,24093.000,24103.400,23145.783,21995.258,57808,67524,
2025/09/04,24195.00,24365.00,24113.00,24132.00,135.00,0.5626,24031.333,24073.800,24131.400,23177.117,22013.350,78302,70752,
2025/09/05,24363.00,24429.00,24286.00,24419.00,287.00,1.1893,24182.667,24104.200,24198.300,23218.433,22032.192,55653,70573,
2025/09/08,24588.00,24674.00,24518.00,24551.00,132.00,0.5406,24367.333,24212.800,24228.300,23260.417,22051.533,58579,65857,
2025/09/09,24725.00,24838.00,24660.00,24802.00,251.00,1.0224,24590.667,24380.200,24283.200,23304.467,22075.183,56318,61332,
2025/09/10,24970.00,25244.00,24961.00,25178.00,376.00,1.516,24843.667,24616.400,24354.700,23352.300,22098.625,70064,63783,
2025/09/11,25386.00,25464.00,25176.00,25240.00,62.00,0.2462,25073.333,24838.000,24455.900,23411.233,22124.150,72539,62630,
2025/09/12,25418.00,25466.00,25350.00,25459.00,219.00,0.8677,25292.333,25046.000,24575.100,23474.667,22151.642,49239,61347,
2025/09/15,25404.00,25450.00,25269.00,25353.00,-106.00,-0.4164,25350.667,25206.400,24709.600,23539.333,22177.100,60983,61828,
2025/09/16,25420.00,25663.00,25410.00,25629.00,276.00,1.0886,25480.333,25371.800,24876.000,23600.500,22204.800,52401,61045,
2025/09/17,25556.00,25583.00,25402.00,25433.00,-196.00,-0.7648,25471.667,25422.800,25019.600,23655.067,22233.675,30625,53157,
2025/09/18,25623.00,25747.00,25490.00,25709.00,276.00,1.0852,25590.333,25516.600,25177.300,23714.933,22267.892,60555,50760,
2025/09/19,25850.00,25853.00,25636.00,25671.00,-38.00,-0.1478,25604.333,25559.000,25302.500,23774.100,22308.742,59244,52761,
2025/09/22,25756.00,25941.00,25689.00,25891.00,220.00,0.857,25757.000,25666.600,25436.500,23836.533,22347.992,57432,52051,
2025/09/23,26058.00,26328.00,26023.00,26273.00,382.00,1.4754,25945.000,25795.400,25583.600,23901.867,22389.400,76898,56950,
2025/09/24,26376.00,26393.00,26072.00,26237.00,-36.00,-0.137,26133.667,25956.200,25689.500,23965.883,22448.317,71414,65108,
2025/09/25,26191.00,26283.00,26087.00,26097.00,-140.00,-0.5336,26202.333,26033.800,25775.200,24022.917,22514.208,55849,64167,
2025/09/26,25944.00,25991.00,25500.00,25669.00,-428.00,-1.64,26001.000,26033.400,25796.200,24076.817,22584.750,95506,71419,
2025/09/30,25800.00,26046.00,25797.00,25954.00,285.00,1.1103,25906.667,26046.000,25856.300,24137.117,22643.517,58651,71663,
2025/10/01,26094.00,26375.00,26000.00,26045.00,91.00,0.3506,25889.333,26000.400,25897.900,24200.350,22697.858,77217,71727,
2025/10/02,26459.00,26527.00,26381.00,26431.00,386.00,1.4821,26143.333,26039.200,25997.700,24266.967,22755.692,56940,68832,
2025/10/03,26480.00,26764.00,26388.00,26745.00,314.00,1.188,26407.000,26168.800,26101.300,24335.867,22813.583,66143,70891,
2025/10/07,27202.00,27356.00,26995.00,27322.00,577.00,2.1574,26832.667,26499.400,26266.400,24411.833,22878.367,70426,65875,
2025/10/08,27061.00,27127.00,26912.00,27093.00,-229.00,-0.8382,27053.333,26727.200,26386.600,24487.533,22942.733,58217,65788,
2025/10/09,27440.00,27455.00,27273.00,27335.00,242.00,0.8932,27250.000,26985.200,26492.800,24562.950,23009.442,66438,63632,
2025/10/13,26450.00,26945.00,26390.00,26904.00,-431.00,-1.5767,27110.667,27079.800,26559.500,24627.233,23074.483,85439,69332,
2025/10/14,27269.00,27450.00,26716.00,26718.00,-186.00,-0.6913,26985.667,27074.400,26621.600,24686.733,23140.492,104807,77065,
2025/10/15,26850.00,27191.00,26775.00,27156.00,438.00,1.6393,26926.000,27041.200,26770.300,24751.633,23203.842,43399,71660,
2025/10/16,27545.00,27877.00,27450.00,27822.00,666.00,2.4525,27232.000,27187.000,26957.100,24828.200,23273.475,93867,78790,
2025/10/17,27251.00,27545.00,27244.00,27328.00,-494.00,-1.7756,27435.333,27185.600,27085.400,24900.500,23335.600,70050,79512,
2025/10/20,27444.00,27824.00,27432.00,27783.00,455.00,1.665,27644.333,27361.400,27220.600,24977.117,23400.750,75712,77567,
2025/10/21,27900.00,28036.00,27798.00,27833.00,50.00,0.18,27648.000,27584.400,27329.400,25052.500,23464.742,72679,71141,
2025/10/22,27690.00,27797.00,27526.00,27704.00,-129.00,-0.4635,27773.333,27694.000,27367.600,25126.933,23527.700,77312,77924,
2025/10/23,27385.00,27629.00,27313.00,27556.00,-148.00,-0.5342,27697.667,27640.800,27413.900,25196.333,23585.025,57772,70705,
2025/10/27,28284.00,28291.00,28079.00,28225.00,669.00,2.4278,27828.333,27820.200,27502.900,25280.700,23650.200,60891,68873,
2025/10/28,28233.00,28250.00,27984.00,28002.00,-223.00,-0.7901,27927.667,27864.000,27612.700,25358.050,23714.075,58744,65479,
2025/10/29,28225.00,28446.00,28203.00,28412.00,410.00,1.4642,28213.000,27979.800,27782.100,25438.433,23781.000,59749,62893,
2025/10/30,28430.00,28552.00,28181.00,28398.00,-14.00,-0.0493,28270.667,28118.600,27906.300,25522.667,23846.192,78933,63217,
2025/10/31,28478.00,28588.00,28378.00,28431.00,33.00,0.1162,28413.667,28293.600,27967.200,25608.850,23909.383,66660,64995,
2025/11/03,28380.00,28583.00,28229.00,28340.00,-91.00,-0.3201,28389.667,28316.600,28068.400,25688.267,23970.000,71841,67185,
2025/11/04,28410.00,28594.00,28113.00,28117.00,-223.00,-0.7869,28296.000,28339.600,28101.800,25766.467,24026.308,87166,72869,
2025/11/05,27710.00,27850.00,27415.00,27805.00,-312.00,-1.1096,28087.333,28218.200,28099.000,25829.933,24076.617,112247,83369,
2025/11/06,28010.00,28141.00,27903.00,28034.00,229.00,0.8236,27985.333,28145.400,28132.000,25898.017,24129.450,68387,81260,
2025/11/07,27777.00,27838.00,27596.00,27730.00,-304.00,-1.0844,27856.333,28005.200,28149.400,25957.483,24178.692,78209,83570,
2025/11/10,27777.00,28039.00,27718.00,28016.00,286.00,1.0314,27926.667,27940.400,28128.500,26022.167,24232.675,69633,83128,
2025/11/11,28149.00,28180.00,27762.00,27780.00,-236.00,-0.8424,27842.000,27873.000,28106.300,26079.383,24284.683,68145,79324,
2025/11/12,27889.00,28078.00,27858.00,28054.00,274.00,0.9863,27950.000,27922.800,28070.500,26142.783,24336.392,59209,68716,
2025/11/13,28038.00,28044.00,27802.00,27980.00,-74.00,-0.2638,27938.000,27912.000,28028.700,26203.917,24390.367,69342,68907,
2025/11/14,27510.00,27596.00,27366.00,27401.00,-579.00,-2.0693,27811.667,27846.200,27925.700,26253.500,24439.792,73828,68031,
2025/11/17,27570.00,27690.00,27465.00,27479.00,78.00,0.2847,27620.000,27738.800,27839.600,26305.783,24490.575,74178,68940,
2025/11/18,27142.00,27298.00,26772.00,26805.00,-674.00,-2.4528,27228.333,27543.800,27708.400,26358.583,24537.008,90946,73500,
2025/11/19,26807.00,26915.00,26537.00,26615.00,-190.00,-0.7088,26966.333,27256.000,27589.400,26404.633,24581.700,38249,69308,
2025/11/20,27308.00,27492.00,27201.00,27482.00,867.00,3.2576,26967.333,27156.400,27534.200,26466.833,24633.050,86153,72670,
2025/11/21,26750.00,26770.00,26397.00,26486.00,-996.00,-3.6242,26861.000,26973.400,27409.800,26504.083,24679.883,94691,76843,
2025/11/24,26705.00,26730.00,26536.00,26615.00,129.00,0.487,26861.000,26800.600,27269.700,26543.450,24726.917,63734,74754,
2025/11/25,27055.00,27105.00,26773.00,26933.00,318.00,1.1948,26678.000,26826.200,27185.000,26584.617,24772.342,65262,69617,
2025/11/26,27188.00,27384.00,27133.00,27329.00,396.00,1.4703,26959.000,26969.000,27112.500,26636.300,24820.475,65591,75086,
2025/11/27,27518.00,27649.00,27461.00,27583.00,254.00,0.9294,27281.667,26989.200,27072.800,26691.567,24870.517,60819,70019,
2025/11/28,27590.00,27854.00,27558.00,27744.00,161.00,0.5837,27552.000,27240.800,27107.100,26753.833,24920.658,58747,62830,
2025/12/01,27650.00,27674.00,27401.00,27404.00,-340.00,-1.2255,27577.000,27398.600,27099.600,26811.150,24964.750,64376,62959,
2025/12/02,27674.00,27789.00,27528.00,27561.00,157.00,0.5729,27569.667,27524.200,27175.200,26870.550,25008.167,56467,61200,
2025/12/03,27808.00,27888.00,27690.00,27758.00,197.00,0.7148,27574.333,27610.000,27289.500,26930.983,25054.050,54720,59025,
2025/12/04,27841.00,27880.00,27670.00,27799.00,41.00,0.1477,27706.000,27653.200,27321.200,26987.317,25102.875,49446,56751,
2025/12/05,27792.00,28019.00,27763.00,28016.00,217.00,0.7806,27857.667,27707.600,27474.200,27045.067,25152.742,57729,56547,
2025/12/08,28054.00,28298.00,28019.00,28286.00,270.00,0.9637,28033.667,27884.000,27641.300,27103.133,25203.800,45930,52858,
2025/12/09,28350.00,28360.00,28204.00,28220.00,-66.00,-0.2333,28174.000,28015.800,27770.000,27153.833,25253.067,40846,49734,
2025/12/10,28279.00,28434.00,28252.00,28398.00,178.00,0.6308,28301.333,28143.800,27876.900,27206.467,25308.850,51831,49156,
2025/12/11,28600.00,28602.00,28059.00,28110.00,-288.00,-1.0142,28242.667,28206.000,27929.600,27250.650,25362.658,76603,54587,
2025/12/12,28266.00,28342.00,28157.00,28292.00,182.00,0.6475,28266.667,28261.200,27984.400,27299.633,25419.483,51950,53432,
2025/12/15,27834.00,27984.00,27755.00,27907.00,-385.00,-1.3608,28103.000,28185.400,28034.700,27337.600,25469.050,50566,54359,
2025/12/16,27630.00,27689.00,27411.00,27624.00,-283.00,-1.0141,27941.000,28066.200,28041.000,27374.117,25514.592,71855,60561,
2025/12/17,27625.00,27773.00,27474.00,27483.00,-141.00,-0.5104,27671.333,27883.200,28013.500,27403.683,25559.308,29355,56065,
2025/12/18,27500.00,27679.00,27457.00,27591.00,108.00,0.393,27566.000,27779.400,27992.700,27435.683,25604.892,66632,54071,
2025/12/19,27800.00,27983.00,27795.00,27894.00,303.00,1.0982,27656.000,27699.800,27980.500,27469.067,25652.800,64268,56535,
2025/12/22,28256.00,28368.00,28170.00,28341.00,447.00,1.6025,27942.000,27786.600,27986.000,27503.533,25702.700,52652,56952,
2025/12/23,28392.00,28455.00,28359.00,28413.00,72.00,0.254,28216.000,27944.400,28005.300,27539.800,25752.842,38917,50364,
2025/12/24,28565.00,28577.00,28400.00,28472.00,59.00,0.2077,28408.667,28142.200,28012.700,27579.383,25801.150,36896,51873,
2025/12/26,28595.00,28714.00,28536.00,28673.00,201.00,0.706,28519.333,28358.600,28069.000,27629.450,25853.133,44209,47388,
2025/12/29,28749.00,28998.00,28713.00,28950.00,277.00,0.9661,28698.333,28569.800,28134.800,27679.383,25908.250,48695,44273,
2025/12/30,28777.00,28942.00,28705.00,28881.00,-69.00,-0.2383,28834.667,28677.800,28232.200,27726.650,25963.500,44645,42672,
2025/12/31,28842.00,29053.00,28782.00,29016.00,135.00,0.4674,28949.000,28798.400,28371.400,27769.733,26018.350,52728,45434,
2026/01/02,29047.00,29500.00,29026.00,29473.00,457.00,1.575,29123.333,28998.600,28570.400,27815.200,26075.533,61177,50290,
2026/01/05,29888.00,30487.00,29850.00,30313.00,840.00,2.8501,29600.667,29326.600,28842.600,27865.050,26138.442,94650,60379,
2026/01/06,30271.00,30672.00,30183.00,30617.00,304.00,1.0029,30134.333,29660.000,29114.900,27923.783,26205.658,59337,62507,
2026/01/07,30609.00,30676.00,30448.00,30516.00,-101.00,-0.3299,30482.000,29987.000,29332.400,27976.800,26269.875,57777,65133,
2026/01/08,30362.00,30663.00,30353.00,30458.00,-58.00,-0.1901,30530.333,30275.400,29536.900,28036.033,26331.633,63254,67239,
2026/01/09,30450.00,30578.00,30005.00,30456.00,-2.00,-0.0066,30476.667,30472.000,29735.300,28098.333,26392.533,82904,71584,
2026/01/12,30717.00,30763.00,30555.00,30701.00,245.00,0.8044,30538.333,30549.600,29938.100,28157.417,26454.525,57402,64134,
2026/01/13,31067.00,31252.00,30626.00,30874.00,173.00,0.5635,30677.000,30601.000,30130.500,28208.283,26518.242,76411,67549,
2026/01/14,31000.00,31162.00,30937.00,30982.00,108.00,0.3498,30852.333,30694.200,30340.600,28269.183,26584.842,54602,66914,
2026/01/15,30831.00,31057.00,30744.00,31050.00,68.00,0.2195,30968.667,30812.600,30544.000,28323.633,26650.375,57137,65691,
2026/01/16,31382.00,31536.00,31157.00,31474.00,424.00,1.3655,31168.667,31016.200,30744.100,28384.317,26718.408,67309,62572,
2026/01/19,31272.00,31774.00,31208.00,31669.00,195.00,0.6196,31397.667,31209.800,30879.700,28450.400,26788.667,69854,65062,
2026/01/20,31481.00,31742.00,31328.00,31672.00,3.00,0.0095,31605.000,31369.400,30985.200,28519.000,26857.667,60806,61941,
2026/01/21,31296.00,31650.00,31200.00,31245.00,-427.00,-1.3482,31528.667,31422.000,31058.100,28569.333,26925.017,47648,60550,
2026/01/22,31876.00,32057.00,31783.00,31857.00,612.00,1.9587,31591.333,31583.400,31198.000,28633.583,26995.817,71771,63477,
2026/01/23,31995.00,32166.00,31873.00,32153.00,296.00,0.9292,31751.667,31719.200,31367.700,28695.933,27067.183,68386,63693,
2026/01/26,32128.00,32231.00,32086.00,32144.00,-9.00,-0.028,32051.333,31814.200,31512.000,28758.367,27140.517,56988,61119,
2026/01/27,32313.00,32532.00,32206.00,32509.00,365.00,1.1355,32268.667,31981.600,31675.500,28826.333,27217.592,62752,61509,
2026/01/28,32758.00,32938.00,32668.00,32927.00,418.00,1.2858,32526.667,32318.000,31870.000,28902.783,27295.525,60074,63994,
2026/01/29,33014.00,33014.00,32587.00,32777.00,-150.00,-0.4556,32737.667,32502.000,32042.700,28980.450,27373.458,78080,65256,
2026/01/30,32456.00,32526.00,32092.00,32247.00,-530.00,-1.617,32650.333,32520.800,32120.000,29054.483,27442.208,84009,68380,
2026/02/02,31888.00,31964.00,31392.00,31610.00,-637.00,-1.9754,32211.333,32414.000,32114.100,29114.083,27506.050,104291,77841,
2026/02/03,32386.00,32446.00,32004.00,32261.00,651.00,2.0595,32039.333,32364.400,32173.000,29189.600,27573.542,78887,81068,
2026/02/04,32110.00,32475.00,32034.00,32423.00,162.00,0.5022,32098.000,32263.600,32290.800,29263.050,27642.608,66868,82427,
2026/02/05,31970.00,32166.00,31798.00,31907.00,-516.00,-1.5915,32197.000,32089.600,32295.800,29331.833,27705.608,79344,82679,
2026/02/06,31458.00,31883.00,31220.00,31807.00,-100.00,-0.3134,32045.667,32001.600,32261.200,29394.383,27768.583,97396,85357,
2026/02/09,32824.00,32836.00,32515.00,32651.00,844.00,2.6535,32121.667,32209.800,32311.900,29472.233,27838.075,59449,76388,
2026/02/10,32906.00,33309.00,32879.00,33307.00,656.00,2.0091,32588.333,32419.000,32391.700,29570.667,27912.083,71695,74950,
2026/02/11,33349.00,33843.00,33272.00,33691.00,384.00,1.1529,33216.333,32672.600,32468.100,29674.200,27989.992,64991,74575,
2026/02/23,34269.00,34369.00,33836.00,33840.00,149.00,0.4423,33612.667,33059.200,32574.400,29791.450,28075.017,37030,66112,
2026/02/24,34125.00,34956.00,34100.00,34827.00,987.00,2.9167,34119.333,33663.200,32832.400,29928.317,28166.475,77026,62038,
2026/02/25,35243.00,35777.00,35065.00,35490.00,663.00,1.9037,34719.000,34231.000,33220.400,30061.783,28264.308,86490,67446,
2026/02/26,35522.00,35755.00,35348.00,35604.00,114.00,0.3212,35307.000,34690.400,33554.700,30213.750,28358.917,71727,67452,
2026/03/02,34744.00,35495.00,34722.00,35232.00,-372.00,-1.0448,35442.000,34998.600,33835.600,30357.367,28450.408,82715,70997,
2026/03/03,35018.00,35320.00,34314.00,34325.00,-907.00,-2.5744,35053.667,35095.600,34077.400,30480.567,28532.592,111642,85920,
2026/03/04,33461.00,33666.00,32679.00,32834.00,-1491.00,-4.3438,34130.333,34697.000,34180.100,30572.317,28604.308,153334,101181,
2026/03/05,33911.00,34294.00,33392.00,33639.00,805.00,2.4517,33599.333,34326.800,34278.900,30673.250,28682.408,117024,107288,
2026/03/06,33360.00,33888.00,33296.00,33704.00,65.00,0.1932,33392.333,33946.800,34318.600,30772.583,28763.208,78735,108690,
2026/03/09,31730.00,32111.00,31124.00,31786.00,-1918.00,-5.6907,33043.000,33257.600,34128.100,30845.617,28828.383,117326,115612,
2026/03/10,33242.00,33329.00,32374.00,32696.00,910.00,2.8629,32728.667,32931.800,34013.700,30931.200,28900.875,106202,114524,
2026/03/11,33341.00,34185.00,33277.00,33985.00,1289.00,3.9424,32822.333,33162.000,33929.500,31034.983,28982.983,78753,99608,
2026/03/12,33678.00,33939.00,33326.00,33530.00,-455.00,-1.3388,33403.667,33140.200,33733.500,31130.500,29058.908,77620,91727,
2026/03/13,32664.00,33518.00,32663.00,33315.00,-215.00,-0.6412,33610.000,33062.400,33504.600,31218.817,29131.942,82154,92411,
2026/03/16,33460.00,33723.00,33077.00,33250.00,-65.00,-0.1951,33365.000,33355.200,33306.400,31301.550,29202.342,80980,85141,
2026/03/17,33616.00,34017.00,33593.00,33795.00,545.00,1.6391,33453.333,33575.000,33253.400,31394.467,29274.150,58059,75513,
2026/03/18,34266.00,34440.00,34100.00,34263.00,468.00,1.3848,33769.333,33630.600,33396.300,31492.217,29349.342,32187,66200,
2026/03/19,33898.00,34083.00,33537.00,33553.00,-710.00,-2.0722,33870.333,33635.200,33387.700,31582.933,29416.792,70162,64708,
2026/03/20,33809.00,33888.00,33371.00,33559.00,6.00,0.0179,33791.667,33684.000,33373.200,31670.717,29485.175,78053,63888,
2026/03/23,32501.00,32890.00,32213.00,32532.00,-1027.00,-3.0603,33214.667,33540.400,33447.800,31747.800,29542.700,85452,64782,
2026/03/24,33280.00,33393.00,32342.00,32771.00,239.00,0.7347,32954.000,33335.600,33455.300,31833.583,29603.850,92447,71660,
2026/03/25,33786.00,33880.00,33444.00,33638.00,867.00,2.6456,32980.333,33210.600,33420.600,31936.167,29669.925,65650,78352,
2026/03/26,33855.00,34024.00,33347.00,33440.00,-198.00,-0.5886,33283.000,33188.000,33411.600,32033.650,29734.667,68893,78099,
2026/03/27,32793.00,33243.00,32652.00,33120.00,-320.00,-0.9569,33399.333,33100.200,33392.100,32120.750,29794.908,63995,75287,
2026/03/30,32048.00,32712.00,32027.00,32468.00,-652.00,-1.9686,33009.333,33087.400,33313.900,32189.533,29846.533,70424,72281,
2026/03/31,32000.00,32451.00,31806.00,31979.00,-489.00,-1.5061,32522.333,32929.000,33132.300,32248.967,29894.383,93245,72441,
2026/04/01,33049.00,33411.00,32906.00,33402.00,1423.00,4.4498,32616.333,32881.800,33046.200,32331.133,29955.258,65068,72325,
2026/04/02,33676.00,33687.00,32486.00,32487.00,-915.00,-2.7394,32622.667,32691.200,32939.600,32394.700,30012.075,84713,75489,
2026/04/07,33192.00,33377.00,32955.00,33159.00,672.00,2.0685,33016.000,32699.000,32899.600,32464.850,30072.117,51855,73061,
2026/04/08,34651.00,35060.00,34473.00,34996.00,1837.00,5.54,33547.333,33204.600,33146.000,32566.767,30146.708,73681,73712,
2026/04/09,35032.00,35100.00,34745.00,34932.00,-64.00,-0.1829,34362.333,33795.200,33362.100,32665.367,30217.550,52571,65577,
2026/04/10,35249.00,35580.00,35215.00,35567.00,635.00,1.8178,35165.000,34228.200,33555.000,32766.933,30291.067,53824,63328,
2026/04/13,35280.00,35652.00,35225.00,35457.00,-110.00,-0.3093,35318.667,34822.200,33756.700,32852.667,30358.858,49902,56366,
2026/04/14,36060.00,36430.00,35990.00,36381.00,924.00,2.606,35801.667,35466.600,34082.800,32948.733,30436.258,50214,56038,
2026/04/15,36725.00,37073.00,36618.00,36643.00,262.00,0.7202,36160.333,35796.000,34500.300,33050.850,30513.825,28974,47097,
2026/04/16,37321.00,37666.00,37086.00,37645.00,1002.00,2.7345,36889.667,36338.600,35066.900,33170.633,30603.333,56392,47861,
2026/04/17,37145.00,37388.00,37033.00,37083.00,-562.00,-1.4929,37123.667,36641.800,35435.000,33281.083,30689.708,51217,47339,
2026/04/20,37324.00,37704.00,37209.00,37254.00,171.00,0.4611,37327.333,37001.200,35911.700,33390.300,30773.858,52237,47806,
2026/04/21,37707.00,38159.00,37647.00,38048.00,794.00,2.1313,37461.667,37334.600,36400.600,33509.867,30859.075,63137,50391,
2026/04/22,38150.00,38369.00,37925.00,38206.00,158.00,0.4153,37836.000,37647.200,36721.600,33630.267,30949.725,54725,55541,
2026/04/23,38686.00,39087.00,37408.00,37875.00,-331.00,-0.8664,38043.000,37693.200,37015.900,33744.017,31033.825,111605,66584,
2026/04/24,38299.00,39244.00,38268.00,39224.00,1349.00,3.5617,38435.000,38121.400,37381.600,33873.183,31128.750,87079,73756,
2026/04/27,39999.00,40458.00,39837.00,39888.00,664.00,1.6928,38995.667,38648.200,37824.700,34010.167,31230.283,80175,79344,
2026/04/28,39820.00,40347.00,39661.00,39749.00,-139.00,-0.3485,39620.333,38988.400,38161.500,34144.783,31331.892,60751,78867,
2026/04/29,39698.00,39790.00,39123.00,39490.00,-259.00,-0.6516,39709.000,39245.200,38446.200,34282.200,31425.767,59261,79774,
2026/04/30,39698.00,39937.00,39265.00,39360.00,-130.00,-0.3292,39533.000,39542.200,38617.700,34407.250,31520.417,70205,71494,
2026/05/04,40440.00,41074.00,40167.00,41031.00,1671.00,4.2454,39960.333,39903.600,39012.500,34555.217,31625.575,62918,66662,
2026/05/05,40936.00,41097.00,40798.00,41035.00,4.00,0.0097,40475.333,40133.000,39390.600,34703.400,31730.883,41536,58934,
2026/05/06,41650.00,42005.00,41038.00,41503.00,468.00,1.1405,41189.667,40483.800,39736.100,34853.300,31839.817,83249,63433,
2026/05/07,42329.00,42468.00,42005.00,42340.00,837.00,2.0167,41626.000,41053.800,40149.500,35010.183,31956.483,59461,63473,
2026/05/08,42120.00,42343.00,41539.00,41937.00,-403.00,-0.9518,41926.667,41569.200,40555.700,35162.850,32071.650,65900,62612,
2026/05/11,42230.00,42258.00,41802.00,41945.00,8.00,0.0191,42074.000,41752.000,40827.800,35324.483,32189.483,46165,59262,
2026/05/12,42200.00,42363.00,41607.00,41695.00,-250.00,-0.596,41859.000,41884.000,41008.500,35492.567,32303.325,72412,65437,
2026/05/13,41238.00,41604.00,40984.00,41469.00,-226.00,-0.542,41703.000,41877.200,41180.500,35646.033,32417.817,73052,63398,
2026/05/14,41948.00,42238.00,41497.00,41602.00,133.00,0.3207,41588.667,41729.600,41391.700,35799.017,32531.033,70951,65696,
2026/05/15,42282.00,42454.00,40976.00,41012.00,-590.00,-1.4182,41361.000,41544.600,41556.900,35950.767,32641.300,92788,71073,
2026/05/18,40200.00,40990.00,40169.00,40807.00,-205.00,-0.4999,41140.333,41317.000,41534.500,36100.767,32747.575,71055,76051,
2026/05/19,40890.00,40931.00,40188.00,40248.00,-559.00,-1.3699,40689.000,41027.600,41455.800,36227.383,32849.808,61061,73781,
2026/05/20,40051.00,40405.00,39881.00,40078.00,-170.00,-0.4224,40377.667,40749.400,41313.300,36340.233,32955.450,33152,65801,
2026/05/21,40967.00,41666.00,40957.00,41473.00,1395.00,3.4807,40599.667,40723.600,41226.600,36469.933,33072.067,53848,62380,
2026/05/22,42196.00,42502.00,41790.00,42442.00,969.00,2.3365,41331.000,41009.600,41277.100,36613.300,33202.375,57521,55327,
2026/05/25,43195.00,44050.00,43004.00,43877.00,1435.00,3.3811,42597.333,41623.600,41470.300,36764.133,33346.225,57772,52670,
2026/05/26,44274.00,44280.00,43619.00,43893.00,16.00,0.0365,43404.000,42352.600,41690.100,36904.183,33482.983,56377,51734,
2026/05/27,44490.00,45299.00,44336.00,44798.00,905.00,2.0618,44189.333,43296.600,42023.000,37057.417,33635.583,83826,61868,
2026/05/28,45174.00,45348.00,43458.00,43842.00,-956.00,-2.134,44177.667,43770.400,42247.000,37200.917,33779.142,97890,70677,
2026/05/29,44655.00,45471.00,44655.00,45285.00,1443.00,3.2914,44641.667,44339.000,42674.300,37383.583,33932.075,66284,72429,
